Make,Model,Vehicle Class,Engine Size(L),Cylinders,Transmission,Fuel Type,Fuel Consumption City (L/100 km),Fuel Consumption Hwy (L/100 km),Fuel Consumption Comb (L/100 km)
ACURA,ILX,COMPACT,2,4,AS5,Z,9.9,6.7,8.5
ACURA,ILX,COMPACT,2.4,4,M6,Z,11.2,7.7,9.6
ACURA,ILX HYBRID,COMPACT,1.5,4,AV7,Z,6,5.8,5.9
ACURA,MDX 4WD,SUV - SMALL,3.5,6,AS6,Z,12.7,9.1,11.1
ACURA,RDX AWD,SUV - SMALL,3.5,6,AS6,Z,12.1,8.7,10.6
ACURA,RLX,MID-SIZE,3.5,6,AS6,Z,11.9,7.7,10
ACURA,TL,MID-SIZE,3.5,6,AS6,Z,11.8,8.1,10.1
ACURA,TL AWD,MID-SIZE,3.7,6,AS6,Z,12.8,9,11.1
ACURA,TL AWD,MID-SIZE,3.7,6,M6,Z,13.4,9.5,11.6
ACURA,TSX,COMPACT,2.4,4,AS5,Z,10.6,7.5,9.2
ACURA,TSX,COMPACT,2.4,4,M6,Z,11.2,8.1,9.8
ACURA,TSX,COMPACT,3.5,6,AS5,Z,12.1,8.3,10.4
ALFA ROMEO,4C,TWO-SEATER,1.8,4,AM6,Z,9.7,6.9,8.4
ASTON MARTIN,DB9,MINICOMPACT,5.9,12,A6,Z,18,12.6,15.6
ASTON MARTIN,RAPIDE,SUBCOMPACT,5.9,12,A6,Z,18,12.6,15.6
ASTON MARTIN,V8 VANTAGE,TWO-SEATER,4.7,8,AM7,Z,17.4,11.3,14.7
ASTON MARTIN,V8 VANTAGE,TWO-SEATER,4.7,8,M6,Z,18.1,12.2,15.4
ASTON MARTIN,V8 VANTAGE S,TWO-SEATER,4.7,8,AM7,Z,17.4,11.3,14.7
ASTON MARTIN,V8 VANTAGE S,TWO-SEATER,4.7,8,M6,Z,18.1,12.2,15.4
ASTON MARTIN,VANQUISH,MINICOMPACT,5.9,12,A6,Z,18,12.6,15.6
AUDI,A4,COMPACT,2,4,AV8,Z,9.9,7.4,8.8
AUDI,A4 QUATTRO,COMPACT,2,4,AS8,Z,11.5,8.1,10
AUDI,A4 QUATTRO,COMPACT,2,4,M6,Z,10.8,7.5,9.3
AUDI,A5 CABRIOLET QUATTRO,SUBCOMPACT,2,4,AS8,Z,11.5,8.1,10
AUDI,A5 QUATTRO,SUBCOMPACT,2,4,AS8,Z,11.5,8.1,10
AUDI,A5 QUATTRO,SUBCOMPACT,2,4,M6,Z,10.8,7.5,9.3
AUDI,A6 QUATTRO,MID-SIZE,2,4,AS8,Z,12,8.1,10.2
AUDI,A6 QUATTRO,MID-SIZE,3,6,AS8,Z,12.8,8.6,10.9
AUDI,A6 QUATTRO TDI (modified),MID-SIZE,3,6,AS8,D,9.8,6.2,8.1
AUDI,A7 QUATTRO,MID-SIZE,3,6,AS8,Z,13.3,8.5,11.2
AUDI,A7 QUATTRO TDI (modified),MID-SIZE,3,6,AS8,D,9.8,6.2,8.1
AUDI,A8,MID-SIZE,3,6,AS8,Z,13.1,8.8,11.2
AUDI,A8,MID-SIZE,4,8,AS8,Z,13.7,8.3,11.3
AUDI,A8 TDI (modified),MID-SIZE,3,6,AS8,D,9.8,6.5,8.4
AUDI,A8L,FULL-SIZE,3,6,AS8,Z,13.1,8.8,11.2
AUDI,A8L,FULL-SIZE,4,8,AS8,Z,14.7,9.7,12.5
AUDI,A8L,FULL-SIZE,6.3,12,AS8,Z,18.7,11.5,15.5
AUDI,A8L TDI (modified),FULL-SIZE,3,6,AS8,D,9.8,6.5,8.4
AUDI,ALLROAD QUATTRO,STATION WAGON - SMALL,2,4,AS8,Z,11.8,8.8,10.5
AUDI,Q5,SUV - SMALL,2,4,AS8,Z,12,8.5,10.4
AUDI,Q5,SUV - SMALL,3,6,AS8,Z,12.9,9.2,11.2
AUDI,Q5 TDI (modified),SUV - SMALL,3,6,AS8,D,10.2,7.8,9
AUDI,Q5 HYBRID,SUV - SMALL,2,4,AS8,Z,9.9,8.3,9.2
AUDI,Q7,SUV - STANDARD,3,6,AS8,Z,15.1,10.9,13.2
AUDI,Q7 TDI (modified),SUV - STANDARD,3,6,AS8,D,12.4,8.7,10.7
AUDI,R8,TWO-SEATER,4.2,8,A7,Z,17.6,11,14.6
AUDI,R8,TWO-SEATER,4.2,8,M6,Z,21.2,13.4,17.7
AUDI,R8,TWO-SEATER,5.2,10,A7,Z,18.2,10.6,14.8
AUDI,R8,TWO-SEATER,5.2,10,M6,Z,21.1,13.8,17.8
AUDI,R8 SPYDER,TWO-SEATER,4.2,8,A7,Z,17.6,11,14.6
AUDI,R8 SPYDER,TWO-SEATER,4.2,8,M6,Z,21.2,13.4,17.7
AUDI,R8 SPYDER,TWO-SEATER,5.2,10,A7,Z,18.2,10.6,14.8
AUDI,R8 SPYDER,TWO-SEATER,5.2,10,M6,Z,21.1,13.8,17.8
AUDI,RS 5,SUBCOMPACT,4.2,8,A7,Z,15.3,10.9,13.3
AUDI,RS 5 CABRIOLET,SUBCOMPACT,4.2,8,A7,Z,15.2,11.3,13.4
AUDI,RS 7,MID-SIZE,4,8,AS8,Z,15.5,8.8,12.5
AUDI,S4,COMPACT,3,6,A7,Z,13.2,9.2,11.4
AUDI,S4,COMPACT,3,6,M6,Z,14.6,9.8,12.4
AUDI,S5,SUBCOMPACT,3,6,A7,Z,13.2,9.2,11.4
AUDI,S5,SUBCOMPACT,3,6,M6,Z,14.6,9.8,12.4
AUDI,S5 CABRIOLET,SUBCOMPACT,3,6,A7,Z,13.3,9.5,11.6
AUDI,S6,MID-SIZE,4,8,A7,Z,14.2,9.7,12.2
AUDI,S7,MID-SIZE,4,8,A7,Z,14.2,9.7,12.2
AUDI,S8,MID-SIZE,4,8,AS8,Z,15.8,9.2,12.8
AUDI,SQ5,SUV - SMALL,3,6,AS8,Z,14.9,10.1,12.7
AUDI,TT COUPE QUATTRO,SUBCOMPACT,2,4,A6,Z,10.4,7.6,9.1
AUDI,TT ROADSTER QUATTRO,TWO-SEATER,2,4,A6,Z,10.4,7.6,9.1
AUDI,TTS COUPE QUATTRO,SUBCOMPACT,2,4,A6,Z,11.5,8.8,10.3
AUDI,TTS ROADSTER QUATTRO,TWO-SEATER,2,4,A6,Z,11.5,8.8,10.3
BENTLEY,CONTINENTAL GT,SUBCOMPACT,4,8,AS8,Z,16.3,9.8,13.4
BENTLEY,CONTINENTAL GT,SUBCOMPACT,6,12,AS8,Z,18.8,11.5,15.5
BENTLEY,CONTINENTAL GTC,SUBCOMPACT,4,8,AS8,Z,17.4,10.2,14.2
BENTLEY,CONTINENTAL GTC,SUBCOMPACT,6,12,AS8,Z,20,12.2,16.5
BENTLEY,CONTINENTAL GT SPEED CONVERTIBLE,SUBCOMPACT,6,12,AS8,Z,20,12.2,16.5
BENTLEY,FLYING SPUR,MID-SIZE,6,12,AS8,Z,20.3,11.9,16.5
BENTLEY,MULSANNE,MID-SIZE,6.8,8,AS8,Z,22.3,14.9,19
BMW,320i,COMPACT,2,4,A8,Z,10,6.5,8.4
BMW,320i,COMPACT,2,4,M6,Z,10.4,6.7,8.7
BMW,320i xDRIVE,COMPACT,2,4,A8,Z,10.2,7,8.8
BMW,328d xDRIVE,COMPACT,2,4,A8,D,7.6,5.5,6.7
BMW,328d xDRIVE TOURING,STATION WAGON - SMALL,2,4,A8,D,7.6,5.5,6.7
BMW,328i,COMPACT,2,4,A8,Z,10,6.5,8.4
BMW,328i,COMPACT,2,4,M6,Z,10.4,6.7,8.7
BMW,328i xDRIVE,COMPACT,2,4,A8,Z,10.6,7.2,9.1
BMW,328i xDRIVE GRAN TURISMO,FULL-SIZE,2,4,A8,Z,10.6,7.2,9.1
BMW,328i xDRIVE TOURING,STATION WAGON - SMALL,2,4,A8,Z,10.6,7.2,9.1
BMW,335i,COMPACT,3,6,A8,Z,11.4,7.3,9.6
BMW,335i,COMPACT,3,6,M6,Z,11.8,7.9,10
BMW,335i xDRIVE,COMPACT,3,6,A8,Z,11.7,7.8,9.9
BMW,335i xDRIVE,COMPACT,3,6,M6,Z,11.9,8.3,10.3
BMW,335i xDRIVE GRAN TURISMO,FULL-SIZE,3,6,A8,Z,11.9,8,10.1
BMW,428i COUPE,COMPACT,2,4,A8,Z,10,6.5,8.4
BMW,428i COUPE,COMPACT,2,4,M6,Z,10.4,6.7,8.7
BMW,428i xDRIVE COUPE,COMPACT,2,4,A8,Z,10.6,7.2,9.1
BMW,435i COUPE,COMPACT,3,6,A8,Z,11.4,7.3,9.6
BMW,435i COUPE,COMPACT,3,6,M6,Z,11.8,7.9,10
BMW,435i xDRIVE COUPE,COMPACT,3,6,A8,Z,11.7,7.8,9.9
BMW,435i xDRIVE COUPE,COMPACT,3,6,M6,Z,11.9,8.3,10.3
BMW,528i,MID-SIZE,2,4,A8,Z,10.2,7,8.8
BMW,528i xDRIVE,MID-SIZE,2,4,A8,Z,10.6,7.2,9.1
BMW,535d xDRIVE,MID-SIZE,3,6,A8,D,9.2,6.4,7.9
BMW,535i xDRIVE,MID-SIZE,3,6,A8,Z,11.9,8,10.1
BMW,535i xDRIVE GRAN TURISMO,FULL-SIZE,3,6,A8,Z,12.5,8.6,10.7
BMW,550i xDRIVE,MID-SIZE,4.4,8,A8,Z,14.4,9.6,12.2
BMW,550i xDRIVE GRAN TURISMO,FULL-SIZE,4.4,8,A8,Z,15,9.8,12.7
BMW,640i xDRIVE GRAN COUPE,COMPACT,3,6,A8,Z,11.9,8,10.1
BMW,650i xDRIVE CABRIOLET,SUBCOMPACT,4.4,8,A8,Z,15,9.8,12.7
BMW,650i xDRIVE COUPE,COMPACT,4.4,8,A8,Z,14.4,9.6,12.2
BMW,650i xDRIVE GRAN COUPE,COMPACT,4.4,8,A8,Z,15,9.8,12.7
BMW,740Li xDRIVE,FULL-SIZE,3,6,A8,Z,12.5,8.6,10.7
BMW,750i xDRIVE,FULL-SIZE,4.4,8,A8,Z,15,9.8,12.7
BMW,750Li xDRIVE,FULL-SIZE,4.4,8,A8,Z,15,9.8,12.7
BMW,760Li,FULL-SIZE,6,12,A8,Z,18.7,11.5,15.5
BMW,ACTIVEHYBRID 3,COMPACT,3,6,A8,Z,9.2,7.1,8.3
BMW,ACTIVEHYBRID 5,MID-SIZE,3,6,A8,Z,10.5,7.9,9.3
BMW,ACTIVEHYBRID 7L,FULL-SIZE,3,6,A8,Z,10.5,7.6,9.2
BMW,ALPINA B7 xDRIVE LWB,FULL-SIZE,4.4,8,A8,Z,15,9.8,12.7
BMW,ALPINA B7 xDRIVE SWB,FULL-SIZE,4.4,8,A8,Z,15,9.8,12.7
BMW,M5,MID-SIZE,4.4,8,AM7,Z,17.3,11.5,14.7
BMW,M5,MID-SIZE,4.4,8,M6,Z,16.2,10.9,13.8
BMW,M6,COMPACT,4.4,8,AM7,Z,17.3,11.5,14.7
BMW,M6,COMPACT,4.4,8,M6,Z,16.2,10.9,13.8
BMW,M6 CABRIOLET,SUBCOMPACT,4.4,8,AM7,Z,17.3,11.5,14.7
BMW,M6 CABRIOLET,SUBCOMPACT,4.4,8,M6,Z,16.2,10.9,13.8
BMW,M6 GRAN COUPE,COMPACT,4.4,8,AM7,Z,17.3,11.5,14.7
BMW,M6 GRAN COUPE,COMPACT,4.4,8,M6,Z,16.2,10.9,13.8
BMW,X1 xDRIVE28i,SUV - SMALL,2,4,A8,Z,10.6,7.2,9.1
BMW,X1 xDRIVE35i,SUV - SMALL,3,6,A6,Z,13.2,8.9,11.3
BMW,X3 xDRIVE28i,SUV - SMALL,2,4,A8,Z,11.2,8.5,10
BMW,X3 xDRIVE35i,SUV - SMALL,3,6,A8,Z,12.6,9.1,11
BMW,X5 xDRIVE35i,SUV - STANDARD,3,6,A8,Z,12.9,8.8,11.1
BMW,X5 xDRIVE50i,SUV - STANDARD,4.4,8,A8,Z,16.3,10.9,13.9
BMW,X6 M,SUV - STANDARD,4.4,8,A6,Z,18.1,13.7,16.1
BMW,X6 xDRIVE35i,SUV - STANDARD,3,6,A8,Z,13.6,9.8,11.9
BMW,X6 xDRIVE50i,SUV - STANDARD,4.4,8,A8,Z,16.4,11.3,14.1
BMW,Z4 sDRIVE28i,TWO-SEATER,2,4,A8,Z,10.8,7.1,9.1
BMW,Z4 sDRIVE28i,TWO-SEATER,2,4,M6,Z,10.4,6.7,8.7
BMW,Z4 sDRIVE35i,TWO-SEATER,3,6,AM7,Z,13.7,10.1,12.1
BMW,Z4 sDRIVE35i,TWO-SEATER,3,6,M6,Z,12.7,9,11
BMW,Z4 sDRIVE35is,TWO-SEATER,3,6,AM7,Z,13.7,10.1,12.1
BUICK,ENCLAVE,SUV - STANDARD,3.6,6,A6,X,14.3,9.9,12.3
BUICK,ENCLAVE AWD,SUV - STANDARD,3.6,6,A6,X,14.6,10.2,12.6
BUICK,ENCORE,SUV - SMALL,1.4,4,AS6,X,9.5,7.2,8.5
BUICK,ENCORE AWD,SUV - SMALL,1.4,4,AS6,X,10.2,8,9.2
BUICK,LACROSSE,MID-SIZE,3.6,6,AS6,X,13.7,8.7,11.5
BUICK,LACROSSE,MID-SIZE,3.6,6,AS6,E,18.4,12.2,15.6
BUICK,LACROSSE AWD,MID-SIZE,3.6,6,AS6,X,13.7,8.9,11.5
BUICK,LACROSSE AWD,MID-SIZE,3.6,6,AS6,E,19.4,13,16.5
BUICK,LACROSSE eASSIST,MID-SIZE,2.4,4,AS6,X,9.6,6.5,8.2
BUICK,REGAL,MID-SIZE,2,4,AS6,Z,11.5,7.9,9.9
BUICK,REGAL,MID-SIZE,2,4,M6,Z,11.6,7.5,9.8
BUICK,REGAL AWD,MID-SIZE,2,4,AS6,Z,12.3,8.7,10.7
BUICK,REGAL eASSIST,MID-SIZE,2.4,4,AS6,X,9.6,6.5,8.2
BUICK,VERANO,COMPACT,2,4,AS6,Z,11.5,7.9,9.9
BUICK,VERANO,COMPACT,2,4,M6,Z,11.6,7.5,9.8
BUICK,VERANO,COMPACT,2.4,4,AS6,X,11.3,7.4,9.5
CADILLAC,ATS,COMPACT,2,4,AS6,Z,11.3,7.5,9.6
CADILLAC,ATS,COMPACT,2,4,M6,Z,12.1,7.9,10.2
CADILLAC,ATS,COMPACT,2.5,4,AS6,X,10.5,7.2,9
CADILLAC,ATS,COMPACT,3.6,6,AS6,X,12.8,8.5,10.9
CADILLAC,ATS AWD,COMPACT,2,4,AS6,Z,11.8,8.1,10.1
CADILLAC,ATS AWD,COMPACT,3.6,6,AS6,X,13.1,9,11.3
CADILLAC,CTS COUPE,MID-SIZE,3.6,6,AS6,X,13.2,8.7,11.2
CADILLAC,CTS COUPE AWD,MID-SIZE,3.6,6,AS6,X,13.3,9,11.4
CADILLAC,CTS SEDAN,MID-SIZE,2,4,AS6,Z,11.9,7.9,10.1
CADILLAC,CTS SEDAN,MID-SIZE,3.6,6,AS8,X,12.9,8.2,10.8
CADILLAC,CTS SEDAN AWD,MID-SIZE,2,4,AS6,Z,12.6,8.5,10.8
CADILLAC,CTS SEDAN AWD,MID-SIZE,3.6,6,AS6,X,13.1,9,11.3
CADILLAC,CTS SEDAN Vsport,MID-SIZE,3.6,6,AS8,Z,15.1,9.9,12.8
CADILLAC,CTS SPORT WAGON,STATION WAGON - SMALL,3,6,AS6,X,12.7,8.9,11
CADILLAC,CTS SPORT WAGON,STATION WAGON - SMALL,3.6,6,AS6,X,13.3,8.9,11.3
CADILLAC,CTS SPORT WAGON AWD,STATION WAGON - SMALL,3,6,AS6,X,12.8,9.1,11.1
CADILLAC,CTS SPORT WAGON AWD,STATION WAGON - SMALL,3.6,6,AS6,X,13.3,9,11.4
CADILLAC,CTS-V COUPE,MID-SIZE,6.2,8,AS6,Z,19.7,12.9,16.6
CADILLAC,CTS-V COUPE,MID-SIZE,6.2,8,M6,Z,16.7,12.5,14.8
CADILLAC,CTS-V SEDAN,MID-SIZE,6.2,8,AS6,Z,19.7,12.9,16.6
CADILLAC,CTS-V SEDAN,MID-SIZE,6.2,8,M6,Z,16.7,12.5,14.8
CADILLAC,CTS-V SPORT WAGON,STATION WAGON - SMALL,6.2,8,AS6,Z,19.7,12.9,16.6
CADILLAC,CTS-V SPORT WAGON,STATION WAGON - SMALL,6.2,8,M6,Z,16.7,12.5,14.8
CADILLAC,ESCALADE AWD,SUV - STANDARD,6.2,8,A6,Z,17,11.8,14.7
CADILLAC,ESCALADE AWD,SUV - STANDARD,6.2,8,A6,E,23.3,16.1,20.1
CADILLAC,ESCALADE ESV AWD,SUV - STANDARD,6.2,8,A6,Z,18.8,13.4,16.4
CADILLAC,ESCALADE ESV AWD,SUV - STANDARD,6.2,8,A6,E,25.7,17.8,22.1
CADILLAC,SRX,SUV - STANDARD,3.6,6,AS6,X,14.3,9.8,12.3
CADILLAC,SRX AWD,SUV - STANDARD,3.6,6,AS6,X,14.8,10.4,12.8
CADILLAC,XTS,FULL-SIZE,3.6,6,AS6,X,13.6,8.6,11.4
CADILLAC,XTS AWD,FULL-SIZE,3.6,6,AS6,X,14,9.1,11.8
CADILLAC,XTS Vsport AWD,FULL-SIZE,3.6,6,AS6,Z,14.8,9.8,12.6
CHEVROLET,CAMARO,COMPACT,3.6,6,AS6,X,13.2,8.7,11.2
CHEVROLET,CAMARO,COMPACT,3.6,6,M6,X,14.2,8.6,11.7
CHEVROLET,CAMARO 2LS,COMPACT,3.6,6,AS6,X,12.7,7.9,10.5
CHEVROLET,CAMARO SS,COMPACT,6.2,8,AS6,Z,15.3,9.8,12.8
CHEVROLET,CAMARO SS,COMPACT,6.2,8,M6,Z,15,9.9,12.7
CHEVROLET,CAMARO ZL1,COMPACT,6.2,8,AS6,Z,19.7,12.9,16.6
CHEVROLET,CAMARO ZL1,COMPACT,6.2,8,M6,Z,16.7,12.5,14.8
CHEVROLET,CORVETTE,TWO-SEATER,6.2,8,AS6,Z,14.9,8.5,12
CHEVROLET,CORVETTE,TWO-SEATER,6.2,8,M7,Z,13.7,8.2,11.2
CHEVROLET,CRUZE,MID-SIZE,1.4,4,AS6,X,9.1,6.3,7.8
CHEVROLET,CRUZE,MID-SIZE,1.4,4,M6,X,9.1,6.3,7.8
CHEVROLET,CRUZE,MID-SIZE,1.8,4,AS6,X,10.5,6.7,8.8
CHEVROLET,CRUZE,MID-SIZE,1.8,4,M6,X,9.5,6.5,8.2
CHEVROLET,CRUZE DIESEL,MID-SIZE,2,4,AS6,D,8.7,5.1,7.1
CHEVROLET,CRUZE ECO,MID-SIZE,1.4,4,A6,X,9.1,6,7.7
CHEVROLET,CRUZE ECO,MID-SIZE,1.4,4,M6,X,8.4,5.6,7.1
CHEVROLET,EQUINOX,SUV - SMALL,2.4,4,A6,X,10.5,7.3,9.1
CHEVROLET,EQUINOX,SUV - SMALL,3.6,6,A6,X,13.9,9.6,12
CHEVROLET,EQUINOX,SUV - SMALL,3.6,6,A6,E,18.8,13.1,16.2
CHEVROLET,EQUINOX AWD,SUV - SMALL,2.4,4,A6,X,11.5,8.2,10
CHEVROLET,EQUINOX AWD,SUV - SMALL,3.6,6,A6,X,14.8,9.9,12.6
CHEVROLET,EQUINOX AWD,SUV - SMALL,3.6,6,A6,E,19.8,13.6,17
CHEVROLET,EXPRESS 1500 CARGO,VAN - CARGO,4.3,6,A4,X,17.1,12.7,15.1
CHEVROLET,EXPRESS 1500 CARGO,VAN - CARGO,5.3,8,A4,X,18,13.4,15.9
CHEVROLET,EXPRESS 1500 CARGO,VAN - CARGO,5.3,8,A4,E,23.5,17.7,20.9
CHEVROLET,EXPRESS 1500 CARGO AWD,VAN - CARGO,5.3,8,A4,X,18.3,14.2,16.5
CHEVROLET,EXPRESS 1500 CARGO AWD,VAN - CARGO,5.3,8,A4,E,23.7,18.8,21.5
CHEVROLET,EXPRESS 1500 CARGO CONV,VAN - CARGO,5.3,8,A4,X,18.6,13.9,16.5
CHEVROLET,EXPRESS 1500 CARGO CONV,VAN - CARGO,5.3,8,A4,E,23.9,18.5,21.5
CHEVROLET,EXPRESS 1500 CARGO CONV AWD,VAN - CARGO,5.3,8,A4,X,18.3,14.2,16.5
CHEVROLET,EXPRESS 1500 CARGO CONV AWD,VAN - CARGO,5.3,8,A4,E,25.3,19.3,22.6
CHEVROLET,EXPRESS 1500 PASSENGER,VAN - PASSENGER,5.3,8,A4,X,18.6,13.9,16.5
CHEVROLET,EXPRESS 1500 PASSENGER,VAN - PASSENGER,5.3,8,A4,E,23.9,18.5,21.5
CHEVROLET,EXPRESS 1500 PASSENGER AWD,VAN - PASSENGER,5.3,8,A4,X,18.3,14.2,16.5
CHEVROLET,EXPRESS 1500 PASSENGER AWD,VAN - PASSENGER,5.3,8,A4,E,25.3,19.3,22.6
CHEVROLET,EXPRESS 2500 PASSENGER,VAN - PASSENGER,4.8,8,A6,X,21.1,14.2,18
CHEVROLET,EXPRESS 2500 PASSENGER,VAN - PASSENGER,6,8,A6,X,21.9,15,18.8
CHEVROLET,EXPRESS 2500 PASSENGER,VAN - PASSENGER,6,8,A6,E,30,20.4,25.7
CHEVROLET,EXPRESS 3500 PASSENGER,VAN - PASSENGER,4.8,8,A6,X,21.3,14.3,18.2
CHEVROLET,EXPRESS 3500 PASSENGER,VAN - PASSENGER,6,8,A6,X,22.1,15,18.9
CHEVROLET,EXPRESS 3500 PASSENGER,VAN - PASSENGER,6,8,A6,E,30.2,20.5,25.8
CHEVROLET,IMPALA,FULL-SIZE,2.5,4,AS6,X,11.3,7.5,9.6
CHEVROLET,IMPALA,FULL-SIZE,3.6,6,AS6,X,12.6,8.2,10.6
CHEVROLET,IMPALA,FULL-SIZE,3.6,6,AS6,E,16.7,11.3,14.3
CHEVROLET,IMPALA ECO,FULL-SIZE,2.4,4,AS6,X,10,7,8.7
CHEVROLET,MALIBU,MID-SIZE,2,4,AS6,Z,11.5,7.9,9.9
CHEVROLET,MALIBU,MID-SIZE,2.5,4,AS6,X,9.3,6.4,8
CHEVROLET,ORLANDO,SUV - SMALL,2.4,4,AS6,X,12.2,8.6,10.6
CHEVROLET,ORLANDO,SUV - SMALL,2.4,4,M6,X,11.8,8.3,10.2
CHEVROLET,SILVERADO,PICKUP TRUCK - STANDARD,4.3,6,A6,X,13.4,9.9,11.8
CHEVROLET,SILVERADO,PICKUP TRUCK - STANDARD,4.3,6,A6,E,18.9,14.2,16.8
CHEVROLET,SILVERADO,PICKUP TRUCK - STANDARD,5.3,8,A6,X,14.6,10.3,12.7
CHEVROLET,SILVERADO,PICKUP TRUCK - STANDARD,5.3,8,A6,E,19.5,13.7,16.9
CHEVROLET,SILVERADO,PICKUP TRUCK - STANDARD,6.2,8,A6,Z,16.3,11.4,14.1
CHEVROLET,SILVERADO 4WD,PICKUP TRUCK - STANDARD,4.3,6,A6,X,14.2,10.6,12.6
CHEVROLET,SILVERADO 4WD,PICKUP TRUCK - STANDARD,4.3,6,A6,E,20,15.1,17.8
CHEVROLET,SILVERADO 4WD,PICKUP TRUCK - STANDARD,5.3,8,A6,X,14.9,10.6,13
CHEVROLET,SILVERADO 4WD,PICKUP TRUCK - STANDARD,5.3,8,A6,E,19.9,14.2,17.3
CHEVROLET,SILVERADO 4WD,PICKUP TRUCK - STANDARD,6.2,8,A6,Z,16.4,11.7,14.3
CHEVROLET,SONIC,COMPACT,1.4,4,AS6,X,9.1,6.7,8
CHEVROLET,SONIC,COMPACT,1.4,4,M6,X,8.5,6.2,7.5
CHEVROLET,SONIC,COMPACT,1.8,4,AS6,X,9.6,6.6,8.3
CHEVROLET,SONIC,COMPACT,1.8,4,M5,X,8.9,6.7,7.9
CHEVROLET,SONIC RS,COMPACT,1.4,4,AS6,X,9.4,7,8.3
CHEVROLET,SONIC RS,COMPACT,1.4,4,M6,X,8.8,7,8
CHEVROLET,SONIC 5,MID-SIZE,1.4,4,AS6,X,9.1,6.7,8
CHEVROLET,SONIC 5,MID-SIZE,1.4,4,M6,X,8.5,6.2,7.5
CHEVROLET,SONIC 5,MID-SIZE,1.8,4,AS6,X,9.6,6.6,8.3
CHEVROLET,SONIC 5,MID-SIZE,1.8,4,M5,X,8.9,6.7,7.9
CHEVROLET,SONIC 5 RS,MID-SIZE,1.4,4,AS6,X,9.4,7,8.3
CHEVROLET,SONIC 5 RS,MID-SIZE,1.4,4,M6,X,8.8,7,8
CHEVROLET,SPARK,SUBCOMPACT,1.2,4,AV,X,7.7,6,6.9
CHEVROLET,SPARK,SUBCOMPACT,1.2,4,M5,X,7.6,6,6.9
CHEVROLET,SUBURBAN,SUV - STANDARD,5.3,8,A6,X,16,11.1,13.8
CHEVROLET,SUBURBAN,SUV - STANDARD,5.3,8,A6,E,21.5,14.6,18.4
CHEVROLET,SUBURBAN 4WD,SUV - STANDARD,5.3,8,A6,X,16,11.1,13.8
CHEVROLET,SUBURBAN 4WD,SUV - STANDARD,5.3,8,A6,E,21.5,14.6,18.4
CHEVROLET,TAHOE,SUV - STANDARD,5.3,8,A6,X,16,11.1,13.8
CHEVROLET,TAHOE,SUV - STANDARD,5.3,8,A6,E,21.5,14.6,18.4
CHEVROLET,TAHOE 4WD,SUV - STANDARD,5.3,8,A6,X,16,11.1,13.8
CHEVROLET,TAHOE 4WD,SUV - STANDARD,5.3,8,A6,E,21.5,14.6,18.4
CHEVROLET,TRAVERSE,SUV - STANDARD,3.6,6,A6,X,14.3,9.9,12.3
CHEVROLET,TRAVERSE AWD,SUV - STANDARD,3.6,6,A6,X,14.6,10.2,12.6
CHEVROLET,TRAX,SUV - SMALL,1.4,4,AS6,X,9.4,7.1,8.4
CHEVROLET,TRAX,SUV - SMALL,1.4,4,M6,X,9.1,6.8,8.1
CHEVROLET,TRAX AWD,SUV - SMALL,1.4,4,AS6,X,10,7.8,9
CHRYSLER,300,FULL-SIZE,3.6,6,A8,X,12.4,7.7,10.3
CHRYSLER,200 CONVERTIBLE,COMPACT,2.4,4,A4,X,11.7,8.2,10.1
CHRYSLER,200 CONVERTIBLE,COMPACT,2.4,4,A6,X,12.9,8.1,10.7
CHRYSLER,200 CONVERTIBLE FFV,COMPACT,3.6,6,A6,X,12.5,8.1,10.5
CHRYSLER,200 CONVERTIBLE FFV,COMPACT,3.6,6,A6,E,17,11.2,14.4
CHRYSLER,200 SEDAN,MID-SIZE,2.4,4,A4,X,11.2,8,9.8
CHRYSLER,200 SEDAN,MID-SIZE,2.4,4,A6,X,12,7.6,10
CHRYSLER,200 SEDAN FFV,MID-SIZE,3.6,6,A6,X,12.5,8.1,10.5
CHRYSLER,200 SEDAN FFV,MID-SIZE,3.6,6,A6,E,17,11.2,14.4
CHRYSLER,300 (MDS),FULL-SIZE,5.7,8,A5,X,15.8,9.2,12.8
CHRYSLER,300 AWD,FULL-SIZE,3.6,6,A8,X,12.8,8.6,10.9
CHRYSLER,300 AWD (MDS),FULL-SIZE,5.7,8,A5,X,16.1,10,13.4
CHRYSLER,300 AWD FFV,FULL-SIZE,3.6,6,A8,X,12.8,8.6,10.9
CHRYSLER,300 AWD FFV,FULL-SIZE,3.6,6,A8,E,17.3,11.7,14.8
CHRYSLER,300 FFV,FULL-SIZE,3.6,6,A8,X,12.4,7.7,10.3
CHRYSLER,300 FFV,FULL-SIZE,3.6,6,A8,E,16.8,10.3,13.9
CHRYSLER,300 SRT (MDS),FULL-SIZE,6.4,8,A5,Z,16.7,10.3,13.8
CHRYSLER,TOWN & COUNTRY FFV,MINIVAN,3.6,6,A6,X,14.1,9.5,12
CHRYSLER,TOWN & COUNTRY FFV,MINIVAN,3.6,6,A6,E,19.7,13.3,16.8
DODGE,AVENGER,MID-SIZE,2.4,4,A4,X,11.2,8,9.8
DODGE,AVENGER,MID-SIZE,2.4,4,A6,X,12,7.6,10
DODGE,AVENGER FFV,MID-SIZE,3.6,6,A6,X,12.5,8.1,10.5
DODGE,AVENGER FFV,MID-SIZE,3.6,6,A6,E,17,11.2,14.4
DODGE,CHALLENGER,MID-SIZE,3.6,6,A5,X,13.2,8.7,11.2
DODGE,CHALLENGER,MID-SIZE,5.7,8,M6,X,15.6,10,13.1
DODGE,CHALLENGER (MDS),MID-SIZE,5.7,8,A5,X,15.8,9.2,12.8
DODGE,CHALLENGER SRT,MID-SIZE,6.4,8,M6,Z,16.8,10.4,13.9
DODGE,CHALLENGER SRT (MDS),MID-SIZE,6.4,8,A5,Z,16.7,10.3,13.8
DODGE,CHARGER,FULL-SIZE,3.6,6,A5,X,13.2,8.7,11.2
DODGE,CHARGER,FULL-SIZE,3.6,6,A8,X,12.4,7.7,10.3
DODGE,CHARGER (MDS),FULL-SIZE,5.7,8,A5,X,15.8,9.2,12.8
DODGE,CHARGER AWD,FULL-SIZE,3.6,6,A8,X,12.8,8.6,10.9
DODGE,CHARGER AWD (MDS),FULL-SIZE,5.7,8,A5,X,16.1,10,13.4
DODGE,CHARGER AWD FFV,FULL-SIZE,3.6,6,A8,X,12.8,8.6,10.9
DODGE,CHARGER AWD FFV,FULL-SIZE,3.6,6,A8,E,17.3,11.7,14.8
DODGE,CHARGER FFV,FULL-SIZE,3.6,6,A5,X,13.2,8.7,11.2
DODGE,CHARGER FFV,FULL-SIZE,3.6,6,A5,E,18.3,12.6,15.7
DODGE,CHARGER FFV,FULL-SIZE,3.6,6,A8,X,12.3,7.6,10.2
DODGE,CHARGER FFV,FULL-SIZE,3.6,6,A8,E,16.8,10.3,13.9
DODGE,CHARGER SRT (MDS),FULL-SIZE,6.4,8,A5,Z,16.7,10.3,13.8
DODGE,DART,MID-SIZE,2,4,M6,X,9.4,6.5,8.1
DODGE,DART,MID-SIZE,2.4,4,A6,X,10.1,6.8,8.6
DODGE,DART,MID-SIZE,2.4,4,M6,X,10.5,6.7,8.8
DODGE,DART FFV,MID-SIZE,2,4,A6,X,9.9,7,8.6
DODGE,DART FFV,MID-SIZE,2,4,A6,E,14.2,9.8,12.2
DODGE,DART GT,MID-SIZE,2.4,4,A6,X,10.6,7.5,9.2
DODGE,DART GT,MID-SIZE,2.4,4,M6,X,10.2,7,8.8
DODGE,DART TURBO AERO,MID-SIZE,1.4,4,AM6,X,8.4,5.9,7.3
DODGE,DART TURBO AERO,MID-SIZE,1.4,4,M6,X,8.5,5.8,7.3
DODGE,DURANGO AWD (MDS),SUV - STANDARD,5.7,8,A8,X,17.3,10.8,14.4
DODGE,DURANGO AWD FFV,SUV - STANDARD,3.6,6,A8,X,13.9,9.8,12.1
DODGE,DURANGO AWD FFV,SUV - STANDARD,3.6,6,A8,E,17.7,13,15.6
DODGE,GRAND CARAVAN FFV,MINIVAN,3.6,6,A6,X,13.7,9.4,11.8
DODGE,GRAND CARAVAN FFV,MINIVAN,3.6,6,A6,E,19.2,13.1,16.5
DODGE,JOURNEY,SUV - SMALL,2.4,4,A4,X,12.7,9.1,11.1
DODGE,JOURNEY AWD,SUV - SMALL,3.6,6,A6,X,14.5,9.9,12.4
DODGE,JOURNEY FFV,SUV - SMALL,3.6,6,A6,X,14.2,9.4,12
DODGE,JOURNEY FFV,SUV - SMALL,3.6,6,A6,E,18.9,12.9,16.2
FIAT,500 ABARTH CABRIO,MINICOMPACT,1.4,4,M5,X,8.5,6.9,7.8
FIAT,500 ABARTH HATCHBACK,MINICOMPACT,1.4,4,M5,X,8.5,6.9,7.8
FIAT,500 CABRIO,MINICOMPACT,1.4,4,A6,X,8.7,6.9,7.9
FIAT,500 CABRIO,MINICOMPACT,1.4,4,M5,X,7.9,6.3,7.2
FIAT,500 CABRIO TURBO,MINICOMPACT,1.4,4,M5,X,8.5,6.9,7.8
FIAT,500 HATCHBACK,MINICOMPACT,1.4,4,A6,X,8.7,6.9,7.9
FIAT,500 HATCHBACK,MINICOMPACT,1.4,4,M5,X,7.6,5.9,6.8
FIAT,500 HATCHBACK TURBO,MINICOMPACT,1.4,4,M5,X,8.5,6.9,7.8
FIAT,500L TURBO,STATION WAGON - SMALL,1.4,4,AM6,X,10,7.2,8.7
FIAT,500L TURBO,STATION WAGON - SMALL,1.4,4,M6,X,9.3,7.2,8.4
FORD,C-MAX HYBRID,FULL-SIZE,2,4,AV,X,5.6,6.4,6
FORD,E150 VAN FFV,VAN - CARGO,4.6,8,A4,X,17.7,14.4,16.2
FORD,E150 VAN FFV,VAN - CARGO,4.6,8,A4,E,24.1,19.2,21.9
FORD,E150 VAN FFV,VAN - CARGO,5.4,8,A4,X,19.3,14.7,17.2
FORD,E150 VAN FFV,VAN - CARGO,5.4,8,A4,E,24.9,19.6,22.5
FORD,E150 WAGON FFV,VAN - PASSENGER,4.6,8,A4,X,18.6,14.6,16.8
FORD,E150 WAGON FFV,VAN - PASSENGER,4.6,8,A4,E,25.5,20,23
FORD,E350 WAGON,VAN - PASSENGER,6.8,10,A5,X,23.9,17.8,21.2
FORD,E350 WAGON FFV,VAN - PASSENGER,5.4,8,A4,X,20.6,15.5,18.3
FORD,E350 WAGON FFV,VAN - PASSENGER,5.4,8,A4,E,26.7,20.5,23.9
FORD,EDGE,SUV - SMALL,2,4,A6,X,11.3,7.9,9.8
FORD,EDGE,SUV - SMALL,3.5,6,AS6,X,12.6,8.7,10.8
FORD,EDGE AWD,SUV - SMALL,3.5,6,AS6,X,13.3,9.3,11.5
FORD,EDGE AWD,SUV - SMALL,3.7,6,AS6,X,13.7,10.4,12.2
FORD,ESCAPE,SUV - SMALL,1.6,4,AS6,X,10.4,7.4,9.1
FORD,ESCAPE,SUV - SMALL,2,4,AS6,X,10.9,8,9.6
FORD,ESCAPE,SUV - SMALL,2.5,4,AS6,X,10.9,7.5,9.4
FORD,ESCAPE AWD,SUV - SMALL,1.6,4,AS6,X,10.5,7.9,9.3
FORD,ESCAPE AWD,SUV - SMALL,2,4,AS6,X,11.2,8.5,10
FORD,EXPEDITION 4X4 FFV,SUV - STANDARD,5.4,8,A6,X,18.2,13.3,16
FORD,EXPEDITION 4X4 FFV,SUV - STANDARD,5.4,8,A6,E,24.5,18,21.6
FORD,EXPLORER,SUV - STANDARD,2,4,A6,X,11.8,8.3,10.2
FORD,EXPLORER AWD,SUV - STANDARD,3.5,6,AS6,X,14.8,10.7,13
FORD,EXPLORER FFV,SUV - STANDARD,3.5,6,AS6,X,13.7,9.7,11.9
FORD,EXPLORER FFV,SUV - STANDARD,3.5,6,AS6,E,18.3,12.9,15.9
FORD,EXPLORER FFV AWD,SUV - STANDARD,3.5,6,AS6,X,14.3,10.3,12.5
FORD,EXPLORER FFV AWD,SUV - STANDARD,3.5,6,AS6,E,18.9,13.9,16.7
FORD,F-150,PICKUP TRUCK - STANDARD,3.5,6,A6,X,14.5,10.6,12.7
FORD,F-150,PICKUP TRUCK - STANDARD,3.5,6,AS6,X,14.6,10.6,12.8
FORD,F-150,PICKUP TRUCK - STANDARD,6.2,8,AS6,X,18.3,12.9,15.9
FORD,F-150 4X4,PICKUP TRUCK - STANDARD,3.5,6,A6,X,15.9,11.3,13.8
FORD,F-150 4X4,PICKUP TRUCK - STANDARD,3.5,6,AS6,X,15.4,11,13.4
FORD,F-150 4X4,PICKUP TRUCK - STANDARD,6.2,8,AS6,X,20.1,14.4,17.5
FORD,F-150 FFV,PICKUP TRUCK - STANDARD,3.7,6,A6,X,14,10.3,12.3
FORD,F-150 FFV,PICKUP TRUCK - STANDARD,3.7,6,A6,E,18.8,13.7,16.5
FORD,F-150 FFV,PICKUP TRUCK - STANDARD,3.7,6,AS6,X,14,10.3,12.3
FORD,F-150 FFV,PICKUP TRUCK - STANDARD,3.7,6,AS6,E,18.8,13.7,16.5
FORD,F-150 FFV,PICKUP TRUCK - STANDARD,5,8,A6,X,16.4,12.3,14.6
FORD,F-150 FFV,PICKUP TRUCK - STANDARD,5,8,A6,E,22.1,16.7,19.7
FORD,F-150 FFV,PICKUP TRUCK - STANDARD,5,8,AS6,X,16.4,12.3,14.6
FORD,F-150 FFV,PICKUP TRUCK - STANDARD,5,8,AS6,E,22.1,16.7,19.7
FORD,F-150 FFV 4X4,PICKUP TRUCK - STANDARD,3.7,6,A6,X,15,11.4,13.4
FORD,F-150 FFV 4X4,PICKUP TRUCK - STANDARD,3.7,6,A6,E,20.2,15.3,18
FORD,F-150 FFV 4X4,PICKUP TRUCK - STANDARD,3.7,6,AS6,X,15,11.4,13.4
FORD,F-150 FFV 4X4,PICKUP TRUCK - STANDARD,3.7,6,AS6,E,20.2,15.3,18
FORD,F-150 FFV 4X4,PICKUP TRUCK - STANDARD,5,8,A6,X,16.8,12.6,14.9
FORD,F-150 FFV 4X4,PICKUP TRUCK - STANDARD,5,8,A6,E,22.4,17,20
FORD,F-150 FFV 4X4,PICKUP TRUCK - STANDARD,5,8,AS6,X,16.7,12.5,14.8
FORD,F-150 FFV 4X4,PICKUP TRUCK - STANDARD,5,8,AS6,E,22.4,16.9,19.9
FORD,F-150 RAPTOR 4X4,PICKUP TRUCK - STANDARD,6.2,8,AS6,X,20.4,15,18
FORD,FIESTA,SUBCOMPACT,1.6,4,AS6,X,8.5,6.5,7.6
FORD,FIESTA,SUBCOMPACT,1.6,4,M5,X,8.6,6.4,7.6
FORD,FIESTA SFE,SUBCOMPACT,1,4,M5,X,7.5,5.5,6.6
FORD,FIESTA SFE,SUBCOMPACT,1.6,4,AS6,X,8,5.8,7
FORD,FIESTA ST,COMPACT,1.6,4,M6,X,8.9,6.8,8
FORD,FLEX,SUV - STANDARD,3.5,6,AS6,X,13.2,9.4,11.5
FORD,FLEX AWD,SUV - STANDARD,3.5,6,AS6,X,13.7,10.2,12.1
FORD,FLEX AWD (EcoBoost),SUV - STANDARD,3.5,6,AS6,X,14.8,10.4,12.8
FORD,FOCUS,COMPACT,2,4,M6,X,10.2,7.4,8.9
FORD,FOCUS FFV,COMPACT,2,4,A6,X,8.8,6.4,7.7
FORD,FOCUS FFV,COMPACT,2,4,A6,E,11.7,8.5,10.3
FORD,FOCUS FFV,COMPACT,2,4,AS6,X,8.9,6.4,7.8
FORD,FOCUS FFV,COMPACT,2,4,AS6,E,11.7,8.5,10.3
FORD,FOCUS FFV,COMPACT,2,4,M5,X,9.1,6.6,8
FORD,FOCUS FFV,COMPACT,2,4,M5,E,11.9,8.9,10.6
FORD,FOCUS SFE FFV,COMPACT,2,4,A6,X,8.4,5.8,7.2
FORD,FOCUS SFE FFV,COMPACT,2,4,A6,E,11.6,8.3,10.1
FORD,FUSION,MID-SIZE,1.5,4,AS6,X,10.1,6.6,8.5
FORD,FUSION,MID-SIZE,1.6,4,M6,X,9.4,6.4,8.1
FORD,FUSION,MID-SIZE,2,4,AS6,X,10.5,7.1,9
FORD,FUSION,MID-SIZE,2.5,4,AS6,X,10.5,7,8.9
FORD,FUSION (Start/Stop),MID-SIZE,1.5,4,AS6,X,9.5,6.3,8.1
FORD,FUSION AWD,MID-SIZE,2,4,AS6,X,10.9,7.5,9.4
FORD,FUSION HYBRID,MID-SIZE,2,4,AV,X,5.3,5.7,5.5
FORD,MUSTANG,SUBCOMPACT,3.7,6,A6,X,12.1,7.8,10.2
FORD,MUSTANG,SUBCOMPACT,3.7,6,M6,X,12.7,8.1,10.6
FORD,MUSTANG,SUBCOMPACT,5,8,A6,X,13.3,9.3,11.5
FORD,MUSTANG,SUBCOMPACT,5,8,M6,X,15.4,9.4,12.7
FORD,MUSTANG,SUBCOMPACT,5.8,8,M6,Z,15.9,9.9,13.2
FORD,MUSTANG CONVERTIBLE,SUBCOMPACT,3.7,6,A6,X,12.5,8.2,10.6
FORD,TAURUS,FULL-SIZE,2,4,AS6,X,10.5,7.3,9.1
FORD,TAURUS AWD,FULL-SIZE,3.5,6,AS6,X,13.7,9.4,11.8
FORD,TAURUS FFV,FULL-SIZE,3.5,6,AS6,X,12.1,8.1,10.3
FORD,TAURUS FFV,FULL-SIZE,3.5,6,AS6,E,17,11.1,14.3
FORD,TAURUS FFV AWD,FULL-SIZE,3.5,6,AS6,X,13,9.1,11.2
FORD,TAURUS FFV AWD,FULL-SIZE,3.5,6,AS6,E,18.4,12.5,15.7
FORD,TRANSIT CONNECT,SPECIAL PURPOSE VEHICLE,1.6,4,AS6,X,10.8,8,9.5
FORD,TRANSIT CONNECT,SPECIAL PURPOSE VEHICLE,2.5,4,AS6,X,11.3,8.2,9.9
FORD,TRANSIT CONNECT TAXI,SPECIAL PURPOSE VEHICLE,1.6,4,AS6,X,11.5,8.3,10.1
FORD,TRANSIT CONNECT WAGON,SPECIAL PURPOSE VEHICLE,2.5,4,AS6,X,11.9,8.5,10.4
GMC,ACADIA,SUV - STANDARD,3.6,6,A6,X,14.3,9.9,12.3
GMC,ACADIA AWD,SUV - STANDARD,3.6,6,A6,X,14.9,10.4,12.9
GMC,SAVANA 1500 CARGO,VAN - CARGO,4.3,6,A4,X,17.1,12.7,15.1
GMC,SAVANA 1500 CARGO,VAN - CARGO,5.3,8,A4,X,18,13.4,15.9
GMC,SAVANA 1500 CARGO,VAN - CARGO,5.3,8,A4,E,23.5,17.7,20.9
GMC,SAVANA 1500 CARGO AWD,VAN - CARGO,5.3,8,A4,X,18.3,14.2,16.5
GMC,SAVANA 1500 CARGO AWD,VAN - CARGO,5.3,8,A4,E,23.7,18.8,21.5
GMC,SAVANA 1500 CARGO CONV,VAN - CARGO,5.3,8,A4,X,18.6,13.9,16.5
GMC,SAVANA 1500 CARGO CONV,VAN - CARGO,5.3,8,A4,E,23.9,18.5,21.5
GMC,SAVANA 1500 CARGO CONV AWD,VAN - CARGO,5.3,8,A4,X,18.3,14.2,16.5
GMC,SAVANA 1500 CARGO CONV AWD,VAN - CARGO,5.3,8,A4,E,25.3,19.3,22.6
GMC,SAVANA 1500 PASSENGER,VAN - PASSENGER,5.3,8,A4,X,18.6,13.9,16.5
GMC,SAVANA 1500 PASSENGER,VAN - PASSENGER,5.3,8,A4,E,23.9,18.5,21.5
GMC,SAVANA 1500 PASSENGER AWD,VAN - PASSENGER,5.3,8,A4,X,18.3,14.2,16.5
GMC,SAVANA 1500 PASSENGER AWD,VAN - PASSENGER,5.3,8,A4,E,25.3,19.3,22.6
GMC,SAVANA 2500 PASSENGER,VAN - PASSENGER,4.8,8,A6,X,21.1,14.2,18
GMC,SAVANA 2500 PASSENGER,VAN - PASSENGER,6,8,A6,X,21.9,15,18.8
GMC,SAVANA 2500 PASSENGER,VAN - PASSENGER,6,8,A6,E,30,20.4,25.7
GMC,SAVANA 3500 PASSENGER,VAN - PASSENGER,4.8,8,A6,X,21.3,14.3,18.2
GMC,SAVANA 3500 PASSENGER,VAN - PASSENGER,6,8,A6,X,22.1,15,18.9
GMC,SAVANA 3500 PASSENGER,VAN - PASSENGER,6,8,A6,E,30.2,20.5,25.8
GMC,SIERRA,PICKUP TRUCK - STANDARD,4.3,6,A6,X,13.4,9.9,11.8
GMC,SIERRA,PICKUP TRUCK - STANDARD,4.3,6,A6,E,18.9,14.2,16.8
GMC,SIERRA,PICKUP TRUCK - STANDARD,5.3,8,A6,X,14.6,10.3,12.7
GMC,SIERRA,PICKUP TRUCK - STANDARD,5.3,8,A6,E,19.5,13.7,16.9
GMC,SIERRA,PICKUP TRUCK - STANDARD,6.2,8,A6,Z,16.3,11.4,14.1
GMC,SIERRA 4WD,PICKUP TRUCK - STANDARD,4.3,6,A6,X,14.2,10.6,12.6
GMC,SIERRA 4WD,PICKUP TRUCK - STANDARD,4.3,6,A6,E,20,15.1,17.8
GMC,SIERRA 4WD,PICKUP TRUCK - STANDARD,5.3,8,A6,X,14.9,10.6,13
GMC,SIERRA 4WD,PICKUP TRUCK - STANDARD,5.3,8,A6,E,19.9,14.2,17.3
GMC,SIERRA 4WD,PICKUP TRUCK - STANDARD,6.2,8,A6,Z,16.4,11.7,14.3
GMC,TERRAIN,SUV - SMALL,2.4,4,A6,X,10.5,7.3,9.1
GMC,TERRAIN,SUV - SMALL,3.6,6,A6,X,13.9,9.6,12
GMC,TERRAIN,SUV - SMALL,3.6,6,A6,E,18.8,13.1,16.2
GMC,TERRAIN AWD,SUV - SMALL,2.4,4,A6,X,11.5,8.2,10
GMC,TERRAIN AWD,SUV - SMALL,3.6,6,A6,X,14.8,9.9,12.6
GMC,TERRAIN AWD,SUV - SMALL,3.6,6,A6,E,19.8,13.6,17
GMC,YUKON,SUV - STANDARD,5.3,8,A6,X,16,11.1,13.8
GMC,YUKON,SUV - STANDARD,5.3,8,A6,E,21.5,14.6,18.4
GMC,YUKON 4WD,SUV - STANDARD,5.3,8,A6,X,16,11.1,13.8
GMC,YUKON 4WD,SUV - STANDARD,5.3,8,A6,E,21.5,14.6,18.4
GMC,YUKON DENALI AWD,SUV - STANDARD,6.2,8,A6,Z,17,11.8,14.7
GMC,YUKON DENALI AWD,SUV - STANDARD,6.2,8,A6,E,23.3,16.1,20.1
GMC,YUKON DENALI XL AWD,SUV - STANDARD,6.2,8,A6,Z,18.8,13.4,16.4
GMC,YUKON DENALI XL AWD,SUV - STANDARD,6.2,8,A6,E,25.7,17.8,22.1
GMC,YUKON XL,SUV - STANDARD,5.3,8,A6,X,16,11.1,13.8
GMC,YUKON XL,SUV - STANDARD,5.3,8,A6,E,21.5,14.6,18.4
GMC,YUKON XL 4WD,SUV - STANDARD,5.3,8,A6,X,16,11.1,13.8
GMC,YUKON XL 4WD,SUV - STANDARD,5.3,8,A6,E,21.5,14.6,18.4
HONDA,ACCORD,MID-SIZE,2.4,4,AV,X,9,6.6,7.9
HONDA,ACCORD,MID-SIZE,2.4,4,AV7,X,9.1,6.9,8.1
HONDA,ACCORD,MID-SIZE,2.4,4,M6,X,10.1,6.9,8.7
HONDA,ACCORD,MID-SIZE,3.5,6,A6,X,11,6.8,9.1
HONDA,ACCORD,MID-SIZE,3.5,6,AS6,X,11.4,7.3,9.6
HONDA,ACCORD,MID-SIZE,3.5,6,M6,X,13,8.4,10.9
HONDA,ACCORD HYBRID,MID-SIZE,2,4,AV,X,4.7,4.9,4.8
HONDA,CIVIC,COMPACT,1.8,4,AV,X,7.9,6,7
HONDA,CIVIC,COMPACT,1.8,4,AV7,X,8.1,6.2,7.2
HONDA,CIVIC,COMPACT,1.8,4,M5,X,8.5,6.6,7.6
HONDA,CROSSTOUR AWD,SUV - SMALL,3.5,6,A6,X,12.5,8.5,10.7
HONDA,CR-V,SUV - SMALL,2.4,4,A5,X,10.3,7.6,9.1
HONDA,CR-V AWD,SUV - SMALL,2.4,4,A5,X,10.6,7.9,9.4
HONDA,CR-Z,TWO-SEATER,1.5,4,AV7,X,6.6,6,6.3
HONDA,CR-Z,TWO-SEATER,1.5,4,M6,X,7.6,6.1,6.9
HONDA,FIT,STATION WAGON - SMALL,1.5,4,A5,X,8.3,6.5,7.5
HONDA,FIT,STATION WAGON - SMALL,1.5,4,M5,X,8.3,6.9,7.7
HONDA,ODYSSEY,MINIVAN,3.5,6,A6,X,12.3,8.5,10.6
HONDA,PILOT,SUV - SMALL,3.5,6,A5,X,13.3,9.3,11.5
HONDA,PILOT AWD,SUV - SMALL,3.5,6,A5,X,13.9,9.7,12
HONDA,RIDGELINE AWD,PICKUP TRUCK - STANDARD,3.5,6,A5,X,15.2,11.3,13.4
HYUNDAI,ACCENT,COMPACT,1.6,4,A6,X,8.8,6.3,7.7
HYUNDAI,ACCENT,COMPACT,1.6,4,M6,X,8.7,6.4,7.7
HYUNDAI,ELANTRA GT,MID-SIZE,2,4,A6,X,9.8,7.2,8.6
HYUNDAI,ELANTRA GT,MID-SIZE,2,4,M6,X,9.8,7,8.5
HYUNDAI,EQUUS,FULL-SIZE,5,8,A8,Z,15.7,10.2,13.2
HYUNDAI,GENESIS,FULL-SIZE,3.8,6,A8,X,13,8.7,11.1
HYUNDAI,SANTA FE,SUV - SMALL,3.3,6,A6,X,13,9.1,11.2
HYUNDAI,SANTA FE 4WD,SUV - SMALL,3.3,6,A6,X,13.3,9.5,11.6
HYUNDAI,SANTA FE SPORT,SUV - SMALL,2.4,4,A6,X,11.6,8.7,10.3
HYUNDAI,SANTA FE SPORT 4WD,SUV - SMALL,2,4,A6,X,12.9,9.7,11.5
HYUNDAI,SANTA FE SPORT 4WD,SUV - SMALL,2.4,4,A6,X,12.5,9.4,11.1
HYUNDAI,SONATA,FULL-SIZE,2,4,A6,X,11.4,7.5,9.6
HYUNDAI,SONATA,FULL-SIZE,2.4,4,A6,X,9.8,7,8.5
HYUNDAI,SONATA HYBRID,MID-SIZE,2.4,4,AS6,X,6.5,5.9,6.2
HYUNDAI,SONATA HYBRID LIMITED,MID-SIZE,2.4,4,AS6,X,6.6,5.9,6.3
HYUNDAI,TUCSON,SUV - SMALL,2,4,A6,X,10.2,8.2,9.3
HYUNDAI,TUCSON,SUV - SMALL,2,4,M6,X,11.4,8.6,10.1
HYUNDAI,TUCSON,SUV - SMALL,2.4,4,A6,X,11.3,8.3,10
HYUNDAI,TUCSON 4WD,SUV - SMALL,2,4,A6,X,11.4,9.3,10.5
HYUNDAI,TUCSON 4WD,SUV - SMALL,2.4,4,A6,X,11.6,9.3,10.6
HYUNDAI,VELOSTER,COMPACT,1.6,4,AM6,X,8.6,6.6,7.7
HYUNDAI,VELOSTER,COMPACT,1.6,4,M6,X,9.1,6.7,8
HYUNDAI,VELOSTER TURBO,COMPACT,1.6,4,A6,X,9.9,7.5,8.8
HYUNDAI,VELOSTER TURBO,COMPACT,1.6,4,M6,X,9.7,7.1,8.5
INFINITI,Q50,MID-SIZE,3.7,6,AS7,Z,12,8,10.2
INFINITI,Q50 AWD,MID-SIZE,3.7,6,AS7,Z,12.6,8.7,10.8
INFINITI,Q50 HYBRID,COMPACT,3.5,6,AS7,Z,8.2,6.7,7.5
INFINITI,Q50 HYBRID AWD,COMPACT,3.5,6,AS7,Z,8.7,7.5,8.2
INFINITI,Q60 AWD COUPE,SUBCOMPACT,3.7,6,AS7,Z,13.3,9.4,11.5
INFINITI,Q60 CONVERTIBLE,SUBCOMPACT,3.7,6,AS7,Z,13.6,9.3,11.7
INFINITI,Q60 CONVERTIBLE,SUBCOMPACT,3.7,6,M6,Z,14.3,9.8,12.3
INFINITI,Q60 COUPE,SUBCOMPACT,3.7,6,AS7,Z,12.9,8.9,11.1
INFINITI,Q60 COUPE,SUBCOMPACT,3.7,6,M6,Z,13.5,9.3,11.6
INFINITI,Q70,MID-SIZE,3.7,6,AS7,Z,12.8,8.9,11
INFINITI,Q70,MID-SIZE,5.6,8,AS7,Z,14.5,9.5,12.3
INFINITI,Q70 AWD,MID-SIZE,3.7,6,AS7,Z,13.2,9.6,11.6
INFINITI,Q70 AWD,MID-SIZE,5.6,8,AS7,Z,15,10.2,12.8
INFINITI,Q70 HYBRID,MID-SIZE,3.5,6,AS7,Z,8,7,7.6
INFINITI,QX50 AWD,STATION WAGON - SMALL,3.7,6,AS7,Z,13.6,9.6,11.8
INFINITI,QX60,SUV - SMALL,3.5,6,AV,Z,11.9,9,10.6
INFINITI,QX60 AWD,SUV - SMALL,3.5,6,AV,Z,12.3,9.3,11
INFINITI,QX60 HYBRID AWD,SUV - STANDARD,2.5,4,AV,X,8.8,8.2,8.5
INFINITI,QX70 AWD,SUV - SMALL,3.7,6,AS7,Z,14.5,10.7,12.8
INFINITI,QX70 AWD,SUV - SMALL,5,8,AS7,Z,16.6,11.9,14.5
INFINITI,QX80 4WD,SUV - STANDARD,5.6,8,AS7,Z,17.4,12.1,15
JAGUAR,F-TYPE CONVERTIBLE,TWO-SEATER,3,6,AS8,Z,11.8,8.4,10.3
JAGUAR,F-TYPE S CONVERTIBLE,TWO-SEATER,3,6,AS8,Z,12.2,8.7,10.6
JAGUAR,F-TYPE V8 S CONVERTIBLE,TWO-SEATER,5,8,AS8,Z,15,10.2,12.8
JAGUAR,XF,MID-SIZE,2,4,AS8,Z,12.3,8.2,10.5
JAGUAR,XF 3.0L AWD,MID-SIZE,3,6,AS8,Z,14.7,9.1,12.2
JAGUAR,XFR,MID-SIZE,5,8,AS8,Z,15.7,10.3,13.3
JAGUAR,XFR,MID-SIZE,5,8,AS8,E,21.3,14.1,18.1
JAGUAR,XFR-S,MID-SIZE,5,8,AS8,Z,15.7,10.3,13.3
JAGUAR,XJ AWD,FULL-SIZE,3,6,AS8,Z,14.6,9.6,12.4
JAGUAR,XJ SUPERCHARGED,FULL-SIZE,5,8,AS8,Z,15.8,10.2,13.3
JAGUAR,XJ SUPERCHARGED,FULL-SIZE,5,8,AS8,E,20.6,13.6,17.5
JAGUAR,XJL AWD PORTFOLIO,FULL-SIZE,3,6,AS8,Z,14.7,9.6,12.4
JAGUAR,XJL SUPERCHARGED,FULL-SIZE,5,8,AS8,Z,15.8,10.2,13.3
JAGUAR,XJL SUPERCHARGED,FULL-SIZE,5,8,AS8,E,20.6,13.6,17.5
JAGUAR,XJR,FULL-SIZE,5,8,AS8,Z,15.8,10.2,13.3
JAGUAR,XJR LWB,FULL-SIZE,5,8,AS8,Z,15.8,10.2,13.3
JAGUAR,XK CONVERTIBLE,MINICOMPACT,5,8,AS6,Z,15.1,10.6,13.1
JAGUAR,XK COUPE,MINICOMPACT,5,8,AS6,Z,14.8,9.9,12.6
JAGUAR,XKR CONVERTIBLE,MINICOMPACT,5,8,AS6,Z,15.9,10.9,13.7
JAGUAR,XKR COUPE,MINICOMPACT,5,8,AS6,Z,15.6,10.9,13.5
JAGUAR,XKR-S CONVERTIBLE,MINICOMPACT,5,8,AS6,Z,15.9,10.9,13.7
JAGUAR,XKR-S COUPE,MINICOMPACT,5,8,AS6,Z,15.6,10.9,13.5
JEEP,CHEROKEE,SUV - SMALL,2.4,4,A9,X,10.9,7.7,9.5
JEEP,CHEROKEE,SUV - SMALL,3.2,6,A9,X,12.3,8.3,10.5
JEEP,CHEROKEE 4X4,SUV - SMALL,2.4,4,A9,X,11.3,8.3,10
JEEP,CHEROKEE 4X4,SUV - SMALL,3.2,6,A9,X,12.5,8.8,10.8
JEEP,CHEROKEE 4X4 ACTIVE DRIVE II,SUV - SMALL,2.4,4,A9,X,11.4,8.6,10.1
JEEP,CHEROKEE 4X4 ACTIVE DRIVE II,SUV - SMALL,3.2,6,A9,X,12.5,9.1,11
JEEP,CHEROKEE TRAILHAWK 4X4,SUV - SMALL,2.4,4,A9,X,12.1,9.4,10.9
JEEP,CHEROKEE TRAILHAWK 4X4,SUV - SMALL,3.2,6,A9,X,13.4,9.5,11.6
JEEP,COMPASS,SUV - SMALL,2,4,AV,X,10.7,8.8,9.9
JEEP,COMPASS,SUV - SMALL,2,4,A6,X,11.1,8.3,9.8
JEEP,COMPASS,SUV - SMALL,2,4,M5,X,10.2,7.8,9.1
JEEP,COMPASS,SUV - SMALL,2.4,4,A6,X,11.1,8.3,9.8
JEEP,COMPASS,SUV - SMALL,2.4,4,M5,X,10.3,8.3,9.4
JEEP,COMPASS 4X4,SUV - SMALL,2.4,4,A6,X,11.4,8.7,10.2
JEEP,COMPASS 4X4,SUV - SMALL,2.4,4,M5,X,10.3,8.4,9.4
JEEP,COMPASS 4X4 TRAIL RATED,SUV - SMALL,2.4,4,AV,X,11.7,10.3,11.1
JEEP,GRAND CHEROKEE 4X4 (MDS),SUV - STANDARD,5.7,8,A8,X,17.3,11.7,14.8
JEEP,GRAND CHEROKEE 4X4 DIESEL,SUV - STANDARD,3,6,A8,D,11.2,8.4,9.9
JEEP,GRAND CHEROKEE 4X4 FFV,SUV - STANDARD,3.6,6,A8,X,13.9,9.8,12.1
JEEP,GRAND CHEROKEE 4X4 FFV,SUV - STANDARD,3.6,6,A8,E,17.7,13,15.6
JEEP,GRAND CHEROKEE SRT 4X4 (MDS),SUV - STANDARD,6.4,8,A8,Z,18.5,12.6,15.8
JEEP,PATRIOT,SUV - SMALL,2,4,AV,X,10.7,8.8,9.9
JEEP,PATRIOT,SUV - SMALL,2,4,A6,X,11.1,8.3,9.8
JEEP,PATRIOT,SUV - SMALL,2,4,M5,X,10.2,7.8,9.1
JEEP,PATRIOT,SUV - SMALL,2.4,4,A6,X,11.1,8.3,9.8
JEEP,PATRIOT,SUV - SMALL,2.4,4,M5,X,10.3,8.3,9.4
JEEP,PATRIOT 4X4,SUV - SMALL,2.4,4,A6,X,11.4,8.7,10.2
JEEP,PATRIOT 4X4,SUV - SMALL,2.4,4,M5,X,10.3,8.4,9.4
JEEP,PATRIOT 4X4 TRAIL RATED,SUV - SMALL,2.4,4,AV,X,11.7,10.3,11.1
JEEP,WRANGLER 4X4 (2-DOOR),SUV - SMALL,3.6,6,A5,X,14.1,11.1,12.8
JEEP,WRANGLER 4X4 (2-DOOR),SUV - SMALL,3.6,6,M6,X,14.2,11,12.8
JEEP,WRANGLER UNLIMITED 4X4 (4-DOOR),SUV - SMALL,3.6,6,A5,X,14.8,11.7,13.4
JEEP,WRANGLER UNLIMITED 4X4 (4-DOOR),SUV - SMALL,3.6,6,M6,X,15,11.4,13.4
KIA,CADENZA,FULL-SIZE,3.3,6,A6,X,12.7,8.8,10.9
KIA,FORTE,MID-SIZE,1.8,4,A6,X,9.6,6.6,8.3
KIA,FORTE,MID-SIZE,1.8,4,M6,X,9.3,6.4,8
KIA,FORTE,MID-SIZE,2,4,A6,X,9.8,6.6,8.4
KIA,FORTE,MID-SIZE,2,4,M6,X,9.7,6.8,8.4
KIA,FORTE 5,FULL-SIZE,1.6,4,A6,X,11.1,8,9.7
KIA,FORTE 5,FULL-SIZE,1.6,4,M6,X,11.1,8.2,9.8
KIA,FORTE 5,FULL-SIZE,2,4,A6,X,9.7,6.8,8.4
KIA,FORTE 5,FULL-SIZE,2,4,M6,X,9.8,7,8.5
KIA,FORTE KOUP,COMPACT,1.6,4,A6,X,10.6,7.9,9.4
KIA,FORTE KOUP,COMPACT,1.6,4,M6,X,10.8,8.1,9.6
KIA,FORTE KOUP,COMPACT,2,4,A6,X,9.6,7,8.4
KIA,FORTE KOUP,COMPACT,2,4,M6,X,9.8,7.2,8.6
KIA,OPTIMA,MID-SIZE,2,4,A6,X,11.7,7.6,9.9
KIA,OPTIMA,MID-SIZE,2.4,4,A6,X,10.2,6.8,8.7
KIA,OPTIMA HYBRID,MID-SIZE,2.4,4,AS6,X,6.5,5.9,6.2
KIA,OPTIMA HYBRID EX,MID-SIZE,2.4,4,AS6,X,6.7,6,6.4
KIA,RIO,COMPACT,1.6,4,A6,X,8.7,6.3,7.6
KIA,RIO,COMPACT,1.6,4,M6,X,8.7,6.4,7.7
KIA,RIO ECO,COMPACT,1.6,4,A6,X,8.5,6.4,7.6
KIA,RONDO,STATION WAGON - MID-SIZE,2,4,A6,X,10.5,7.5,9.2
KIA,RONDO,STATION WAGON - MID-SIZE,2,4,M6,X,10.8,7.4,9.3
KIA,SEDONA,MINIVAN,3.5,6,A6,X,13.7,9.9,12
KIA,SORENTO,SUV - SMALL,2.4,4,A6,X,11.8,8.5,10.3
KIA,SORENTO,SUV - SMALL,3.3,6,A6,X,12.9,9.5,11.4
KIA,SORENTO 4WD,SUV - SMALL,2.4,4,A6,X,12.3,9.3,11
KIA,SORENTO 4WD,SUV - SMALL,3.3,6,A6,X,13.4,9.9,11.8
KIA,SOUL,STATION WAGON - SMALL,1.6,4,A6,X,9.8,7.9,8.9
KIA,SOUL,STATION WAGON - SMALL,1.6,4,M6,X,9.9,7.8,9
KIA,SOUL,STATION WAGON - SMALL,2,4,A6,X,10.1,7.8,9.1
KIA,SOUL ECO Dynamics,STATION WAGON - SMALL,2,4,A6,X,9.7,7.8,8.8
KIA,SPORTAGE,SUV - SMALL,2.4,4,A6,X,11.4,8.3,10
KIA,SPORTAGE,SUV - SMALL,2.4,4,M6,X,12.9,9.3,11.3
KIA,SPORTAGE AWD,SUV - SMALL,2,4,A6,X,12.7,9.7,11.4
KIA,SPORTAGE AWD,SUV - SMALL,2.4,4,A6,X,12,9.1,10.7
LAMBORGHINI,AVENTADOR COUPE,TWO-SEATER,6.5,12,A7,Z,22.8,12.9,18.3
LAMBORGHINI,GALLARDO COUPE,TWO-SEATER,5.2,10,A6,Z,18,12.8,15.7
LAMBORGHINI,GALLARDO COUPE,TWO-SEATER,5.2,10,M6,Z,20.6,13.5,17.4
LAND ROVER,LR2,SUV - SMALL,2,4,AS6,Z,13.5,9.9,11.9
LAND ROVER,LR4,SUV - STANDARD,3,6,AS8,Z,16.3,12.4,14.5
LAND ROVER,RANGE ROVER EVOQUE,SUV - SMALL,2,4,AS9,Z,11.3,7.9,9.8
LAND ROVER,RANGE ROVER EVOQUE COUPE,SUV - SMALL,2,4,AS9,Z,11.3,7.9,9.8
LAND ROVER,RANGE ROVER LWB V8 5.0 SC,SUV - STANDARD,5,8,AS8,Z,18,12.2,15.4
LAND ROVER,RANGE ROVER LWB V8 5.0 SC FFV,SUV - STANDARD,5,8,AS8,Z,17.2,12.5,15.1
LAND ROVER,RANGE ROVER LWB V8 5.0 SC FFV,SUV - STANDARD,5,8,AS8,E,25,16.9,21.4
LAND ROVER,RANGE ROVER SPORT V6 3.0 SC,SUV - STANDARD,3,6,AS8,Z,14.2,10.2,12.4
LAND ROVER,RANGE ROVER SPORT V6 3.0 SC FFV,SUV - STANDARD,3,6,AS8,Z,14.2,10.2,12.4
LAND ROVER,RANGE ROVER SPORT V6 3.0 SC FFV,SUV - STANDARD,3,6,AS8,E,19.4,14.9,17.4
LAND ROVER,RANGE ROVER SPORT V8 5.0 SC,SUV - STANDARD,5,8,AS8,Z,17.3,12.2,15
LAND ROVER,RANGE ROVER SPORT V8 5.0 SC FFV,SUV - STANDARD,5,8,AS8,Z,16.6,12.3,14.7
LAND ROVER,RANGE ROVER SPORT V8 5.0 SC FFV,SUV - STANDARD,5,8,AS8,E,24,16.6,20.7
LAND ROVER,RANGE ROVER V6 3.0 SC,SUV - STANDARD,3,6,AS8,Z,14.1,10.1,12.3
LAND ROVER,RANGE ROVER V6 3.0 SC FFV,SUV - STANDARD,3,6,AS8,Z,14.1,10.1,12.3
LAND ROVER,RANGE ROVER V6 3.0 SC FFV,SUV - STANDARD,3,6,AS8,E,19.4,14.8,17.3
LAND ROVER,RANGE ROVER V8 5.0 SC,SUV - STANDARD,5,8,AS8,Z,18,12.2,15.4
LAND ROVER,RANGE ROVER V8 5.0 SC FFV,SUV - STANDARD,5,8,AS8,Z,17.2,12.5,15.1
LAND ROVER,RANGE ROVER V8 5.0 SC FFV,SUV - STANDARD,5,8,AS8,E,25,16.9,21.4
LEXUS,CT 200h,COMPACT,1.8,4,AV,X,5.5,5.8,5.6
LEXUS,ES 300h,MID-SIZE,2.5,4,AV6,X,5.8,6.2,6
LEXUS,ES 350,MID-SIZE,3.5,6,AS6,X,11.3,7.6,9.6
LEXUS,GS 350,MID-SIZE,3.5,6,AS8,Z,12.1,8.3,10.4
LEXUS,GS 350 AWD,MID-SIZE,3.5,6,AS6,Z,12.5,9.1,11
LEXUS,GS 450h,MID-SIZE,3.5,6,AV8,Z,7.7,7.4,7.6
LEXUS,GX 460,SUV - STANDARD,4.6,8,AS6,Z,15.7,11.8,13.9
LEXUS,IS 250,COMPACT,2.5,6,AS6,Z,11.2,7.8,9.7
LEXUS,IS 250 AWD,COMPACT,2.5,6,AS6,Z,11.8,8.7,10.4
LEXUS,IS 250 C,SUBCOMPACT,2.5,6,AS6,Z,11.2,7.8,9.7
LEXUS,IS 350,COMPACT,3.5,6,AS8,Z,12.2,8.7,10.6
LEXUS,IS 350 AWD,COMPACT,3.5,6,AS6,Z,12.5,9.1,11
LEXUS,IS 350 C,SUBCOMPACT,3.5,6,AS6,Z,12.1,8.7,10.6
LEXUS,IS F,SUBCOMPACT,5,8,AS8,Z,14.6,10.1,12.6
LEXUS,LS 460,MID-SIZE,4.6,8,AS8,Z,14.5,9.6,12.3
LEXUS,LS 460 AWD,MID-SIZE,4.6,8,AS8,Z,15.1,10.3,12.9
LEXUS,LS 460 L AWD,MID-SIZE,4.6,8,AS8,Z,15.1,10.3,12.9
LEXUS,LS 600h L,MID-SIZE,5,8,AV8,Z,12,10.7,11.4
LEXUS,LX 570,SUV - STANDARD,5.7,8,AS6,Z,18.8,13.6,16.5
LEXUS,RX 350 AWD,SUV - SMALL,3.5,6,AS6,X,13.3,9.8,11.7
LEXUS,RX 350 AWD,SUV - SMALL,3.5,6,AS8,X,12.7,9.1,11.1
LEXUS,RX 450h AWD,SUV - SMALL,3.5,6,AV6,Z,7.9,8.6,8.2
LINCOLN,MKS AWD,FULL-SIZE,3.5,6,AS6,X,13.7,9.4,11.8
LINCOLN,MKS AWD,FULL-SIZE,3.7,6,AS6,X,13.1,9,11.3
LINCOLN,MKT AWD,SUV - STANDARD,3.5,6,AS6,X,14.8,10.4,12.8
LINCOLN,MKT LIVERY,SPECIAL PURPOSE VEHICLE,2,4,AS6,X,11.5,8.5,10.2
LINCOLN,MKT LIVERY AWD,SPECIAL PURPOSE VEHICLE,3.7,6,A6,X,14,9.9,12.2
LINCOLN,MKX AWD,SUV - SMALL,3.7,6,AS6,X,13.7,10.4,12.2
LINCOLN,MKZ,MID-SIZE,2,4,AS6,X,10.5,7.1,9
LINCOLN,MKZ AWD,MID-SIZE,3.7,6,AS6,X,13.1,9.3,11.4
LINCOLN,MKZ HYBRID,MID-SIZE,2,4,AV,X,6.2,6.4,6.3
LINCOLN,NAVIGATOR 4X4 FFV,SUV - STANDARD,5.4,8,A6,X,18.2,13.3,16
LINCOLN,NAVIGATOR 4X4 FFV,SUV - STANDARD,5.4,8,A6,E,24.5,18,21.6
MASERATI,GHIBLI,MID-SIZE,3,6,AS8,Z,15.2,9.6,12.7
MASERATI,GHIBLI AWD,MID-SIZE,3,6,AS8,Z,15.2,9.6,12.7
MASERATI,GRANTURISMO,SUBCOMPACT,4.7,8,AS6,Z,18.2,11.4,15.1
MASERATI,GRANTURISMO CONVERTIBLE,SUBCOMPACT,4.7,8,AS6,Z,18.2,11.7,15.3
MASERATI,QUATTROPORTE GTS,FULL-SIZE,3.8,8,AS8,Z,17.6,10.7,14.5
MASERATI,QUATTROPORTE SQ4,FULL-SIZE,3,6,AS8,Z,15.9,9.7,13.1
MAZDA,CX-5,SUV - SMALL,2,4,AS6,X,8.9,7.3,8.2
MAZDA,CX-5,SUV - SMALL,2,4,M6,X,9,6.8,8
MAZDA,CX-5,SUV - SMALL,2.5,4,AS6,X,9.6,7.4,8.6
MAZDA,CX-5 4WD,SUV - SMALL,2,4,AS6,X,9.3,7.6,8.5
MAZDA,CX-5 4WD,SUV - SMALL,2.5,4,AS6,X,9.8,7.9,8.9
MAZDA,CX-9,SUV - SMALL,3.7,6,AS6,X,14.2,10,12.3
MAZDA,CX-9 4WD,SUV - SMALL,3.7,6,AS6,X,14.3,10.6,12.6
MAZDA,MAZDA2,COMPACT,1.5,4,A4,X,8.4,6.9,7.7
MAZDA,MAZDA2,COMPACT,1.5,4,M5,X,8,6.7,7.4
MAZDA,MAZDA3 4-DOOR,COMPACT,2,4,AS6,X,7.9,5.7,6.9
MAZDA,MAZDA3 4-DOOR,COMPACT,2,4,M6,X,8,5.8,7
MAZDA,MAZDA3 4-DOOR,COMPACT,2.5,4,AS6,X,8.4,6.1,7.4
MAZDA,MAZDA3 4-DOOR (i-ELOOP),COMPACT,2.5,4,AS6,X,8.3,6.1,7.3
MAZDA,MAZDA3 4-DOOR (SIL),COMPACT,2,4,M6,X,8,5.8,7
MAZDA,MAZDA3 5-DOOR,MID-SIZE,2,4,AS6,X,8,5.9,7.1
MAZDA,MAZDA3 5-DOOR,MID-SIZE,2,4,M6,X,8.2,5.9,7.2
MAZDA,MAZDA3 5-DOOR,MID-SIZE,2.5,4,AS6,X,8.7,6.5,7.7
MAZDA,MAZDA3 5-DOOR (i-ELOOP),MID-SIZE,2.5,4,AS6,X,8.2,6.1,7.3
MAZDA,MAZDA3 5-DOOR (SIL),MID-SIZE,2,4,M6,X,8.2,5.9,7.2
MAZDA,MAZDA5,MINIVAN,2.5,4,AS5,X,10.8,8.4,9.7
MAZDA,MAZDA5,MINIVAN,2.5,4,M6,X,11.1,8.3,9.8
MAZDA,MAZDA6,MID-SIZE,2.5,4,AS6,X,8.8,6.2,7.6
MAZDA,MAZDA6,MID-SIZE,2.5,4,M6,X,9.4,6.4,8.1
MAZDA,MAZDA6 (i-ELOOP),MID-SIZE,2.5,4,AS6,X,8.4,5.9,7.3
MAZDA,MX-5,TWO-SEATER,2,4,AS6,Z,11.5,8.5,10.2
MAZDA,MX-5,TWO-SEATER,2,4,M5,Z,10.5,8.5,9.6
MAZDA,MX-5,TWO-SEATER,2,4,M6,Z,11.1,8.4,9.9
MERCEDES-BENZ,B 250,STATION WAGON - SMALL,2,4,AS7,Z,9.2,6.6,8
MERCEDES-BENZ,C 250,COMPACT,1.8,4,AS7,Z,10.9,7.5,9.4
MERCEDES-BENZ,C 250 COUPE,SUBCOMPACT,1.8,4,AS7,Z,11,7.4,9.4
MERCEDES-BENZ,C 300 4MATIC FFV,COMPACT,3.5,6,AS7,Z,12.2,8.5,10.5
MERCEDES-BENZ,C 300 4MATIC FFV,COMPACT,3.5,6,AS7,E,16.4,11.1,14
MERCEDES-BENZ,C 350,COMPACT,3.5,6,AS7,Z,12,8.6,10.5
MERCEDES-BENZ,C 350 4MATIC,COMPACT,3.5,6,AS7,Z,11.9,8.6,10.4
MERCEDES-BENZ,C 350 4MATIC COUPE,SUBCOMPACT,3.5,6,AS7,Z,12.1,8.7,10.6
MERCEDES-BENZ,C 350 COUPE,SUBCOMPACT,3.5,6,AS7,Z,12.1,8.6,10.5
MERCEDES-BENZ,C 63 AMG,COMPACT,6.2,8,AS7,Z,17.7,11.9,15.1
MERCEDES-BENZ,C 63 AMG COUPE,SUBCOMPACT,6.2,8,AS7,Z,17.9,12.2,15.3
MERCEDES-BENZ,CL 550 4MATIC,COMPACT,4.7,8,AS7,Z,15.4,10.4,13.2
MERCEDES-BENZ,CL 63 AMG,COMPACT,5.5,8,AS7,Z,15.4,11,13.4
MERCEDES-BENZ,CLA 250,COMPACT,2,4,AS7,Z,9.1,6.2,7.8
MERCEDES-BENZ,CLA 45 AMG 4MATIC,COMPACT,2,4,AS7,Z,10.3,7.8,9.2
MERCEDES-BENZ,CLS 550 4MATIC,COMPACT,4.7,8,AS7,Z,13.3,9.4,11.5
MERCEDES-BENZ,CLS 63 AMG 4MATIC,COMPACT,5.5,8,AS7,Z,15.1,10.7,13.1
MERCEDES-BENZ,CLS 63 AMG S 4MATIC,COMPACT,5.5,8,AS7,Z,15.1,10.7,13.1
MERCEDES-BENZ,E 250 BLUETEC 4MATIC,MID-SIZE,2.1,4,AS7,D,8.5,5.7,7.2
MERCEDES-BENZ,E 300 4MATIC,MID-SIZE,3.5,6,AS7,Z,11.8,8.2,10.2
MERCEDES-BENZ,E 350 4MATIC,MID-SIZE,3.5,6,AS7,Z,11.6,8.1,10
MERCEDES-BENZ,E 350 4MATIC COUPE,SUBCOMPACT,3.5,6,AS7,Z,11.9,8.5,10.4
MERCEDES-BENZ,E 350 4MATIC WAGON,STATION WAGON - MID-SIZE,3.5,6,AS7,Z,12.1,8.6,10.5
MERCEDES-BENZ,E 350 CABRIOLET,SUBCOMPACT,3.5,6,AS7,Z,12,8.5,10.4
MERCEDES-BENZ,E 350 COUPE,SUBCOMPACT,3.5,6,AS7,Z,11.9,8.2,10.2
MERCEDES-BENZ,E 400 HYBRID,MID-SIZE,3.5,6,AS7,Z,9.6,7.9,8.8
MERCEDES-BENZ,E 550 4MATIC,MID-SIZE,4.7,8,AS7,Z,13.6,9.1,11.6
MERCEDES-BENZ,E 550 CABRIOLET,SUBCOMPACT,4.7,8,AS7,Z,13.7,9.3,11.7
MERCEDES-BENZ,E 550 COUPE,SUBCOMPACT,4.7,8,AS7,Z,13.4,8.9,11.4
MERCEDES-BENZ,E 63 AMG 4MATIC,MID-SIZE,5.5,8,AS7,Z,15,10.3,12.9
MERCEDES-BENZ,E 63 AMG 4MATIC WAGON,STATION WAGON - MID-SIZE,5.5,8,AS7,Z,15.5,11,13.5
MERCEDES-BENZ,E 63 AMG S 4MATIC,MID-SIZE,5.5,8,AS7,Z,15,10.3,12.9
MERCEDES-BENZ,E 63 AMG S 4MATIC WAGON,STATION WAGON - MID-SIZE,5.5,8,AS7,Z,15.5,11,13.5
MERCEDES-BENZ,G 550,SUV - STANDARD,5.5,8,AS7,Z,20,15.9,18.2
MERCEDES-BENZ,G 63 AMG,SUV - STANDARD,5.5,8,AS7,Z,19.4,15.7,17.7
MERCEDES-BENZ,GL 350 BLUETEC 4MATIC,SUV - STANDARD,3,6,AS7,D,13.4,10.2,12
MERCEDES-BENZ,GL 450 4MATIC,SUV - STANDARD,4.7,8,AS7,Z,17.1,12.8,15.2
MERCEDES-BENZ,GL 550 4MATIC,SUV - STANDARD,4.7,8,AS7,Z,17.6,13.1,15.6
MERCEDES-BENZ,GL 63 AMG,SUV - STANDARD,5.5,8,AS7,Z,17.7,13.4,15.8
MERCEDES-BENZ,GLK 250 BLUETEC 4MATIC,SUV - SMALL,2.1,4,AS7,D,9.6,7.1,8.5
MERCEDES-BENZ,GLK 350 4MATIC,SUV - SMALL,3.5,6,AS7,Z,12.6,9.6,11.3
MERCEDES-BENZ,ML 350 4MATIC FFV,SUV - STANDARD,3.5,6,AS7,Z,13.4,10.5,12.1
MERCEDES-BENZ,ML 350 4MATIC FFV,SUV - STANDARD,3.5,6,AS7,E,17.8,13.8,16
MERCEDES-BENZ,ML 350 BLUETEC 4MATIC,SUV - STANDARD,3,6,AS7,D,11.8,8.5,10.3
MERCEDES-BENZ,ML 550 4MATIC,SUV - STANDARD,4.7,8,AS7,Z,16.2,11.8,14.2
MERCEDES-BENZ,ML 63 AMG 4MATIC,SUV - STANDARD,5.5,8,AS7,Z,17.2,13.5,15.5
MERCEDES-BENZ,S 550 4MATIC LWB,FULL-SIZE,4.7,8,AS7,Z,14.3,9.5,12.1
MERCEDES-BENZ,S 550 4MATIC SWB,FULL-SIZE,4.7,8,AS7,Z,14.2,9.4,12
MERCEDES-BENZ,S 63 AMG 4MATIC,FULL-SIZE,5.5,8,AS7,Z,15.6,10.3,13.2
MERCEDES-BENZ,SL 550,TWO-SEATER,4.7,8,AS7,Z,13.4,9.6,11.7
MERCEDES-BENZ,SL 63 AMG,TWO-SEATER,5.5,8,AS7,Z,14.8,10.2,12.7
MERCEDES-BENZ,SL 65 AMG,TWO-SEATER,6,8,AS7,Z,16.7,11.2,14.2
MERCEDES-BENZ,SLK 250,TWO-SEATER,1.8,4,AS7,Z,10.3,7.2,8.9
MERCEDES-BENZ,SLK 250,TWO-SEATER,1.8,4,M6,Z,10.4,7.3,9
MERCEDES-BENZ,SLK 350,TWO-SEATER,3.5,6,AS7,Z,11.1,8.1,9.8
MERCEDES-BENZ,SLK 55 AMG,TWO-SEATER,5.5,8,AS7,Z,12.3,8.7,10.7
MERCEDES-BENZ,SLS AMG BLACK SERIES COUPE,TWO-SEATER,6.2,8,AS7,Z,18.7,13.9,16.5
MERCEDES-BENZ,SLS AMG GT COUPE,TWO-SEATER,6.2,8,AS7,Z,18.2,12.6,15.7
MERCEDES-BENZ,SLS AMG ROADSTER,TWO-SEATER,6.2,8,AS7,Z,18.2,12.6,15.7
MINI,COOPER CLUBMAN,SUBCOMPACT,1.6,4,A6,Z,8.7,6.6,7.8
MINI,COOPER CLUBMAN,SUBCOMPACT,1.6,4,M6,Z,8.6,6.8,7.8
MINI,COOPER CONVERTIBLE,MINICOMPACT,1.6,4,A6,Z,8.7,6.6,7.8
MINI,COOPER CONVERTIBLE,MINICOMPACT,1.6,4,M6,Z,8.6,6.8,7.8
MINI,COOPER COUNTRYMAN,COMPACT,1.6,4,A6,Z,9.4,7.9,8.7
MINI,COOPER COUNTRYMAN,COMPACT,1.6,4,M6,Z,8.6,6.8,7.8
MINI,COOPER COUPE,TWO-SEATER,1.6,4,A6,Z,8.5,6.6,7.6
MINI,COOPER COUPE,TWO-SEATER,1.6,4,M6,Z,8,6.4,7.3
MINI,COOPER PACEMAN,COMPACT,1.6,4,A6,Z,9.4,7.9,8.7
MINI,COOPER PACEMAN,COMPACT,1.6,4,M6,Z,8.6,6.8,7.8
MINI,COOPER ROADSTER,TWO-SEATER,1.6,4,A6,Z,8.7,6.6,7.8
MINI,COOPER ROADSTER,TWO-SEATER,1.6,4,M6,Z,8.6,6.8,7.8
MINI,COOPER S CLUBMAN,SUBCOMPACT,1.6,4,A6,Z,9.3,7,8.3
MINI,COOPER S CLUBMAN,SUBCOMPACT,1.6,4,M6,Z,9.1,6.7,8
MINI,COOPER S CONVERTIBLE,MINICOMPACT,1.6,4,A6,Z,9.3,7,8.3
MINI,COOPER S CONVERTIBLE,MINICOMPACT,1.6,4,M6,Z,9.1,6.7,8
MINI,COOPER S COUNTRYMAN ALL4,COMPACT,1.6,4,A6,Z,10,7.8,9
MINI,COOPER S COUNTRYMAN ALL4,COMPACT,1.6,4,M6,Z,9.3,7.5,8.5
MINI,COOPER S COUPE,TWO-SEATER,1.6,4,A6,Z,9.3,7,8.3
MINI,COOPER S COUPE,TWO-SEATER,1.6,4,M6,Z,9.1,6.7,8
MINI,COOPER S PACEMAN ALL4,COMPACT,1.6,4,A6,Z,10,7.8,9
MINI,COOPER S PACEMAN ALL4,COMPACT,1.6,4,M6,Z,9.3,7.5,8.5
MINI,COOPER S ROADSTER,TWO-SEATER,1.6,4,A6,Z,9.3,7,8.3
MINI,COOPER S ROADSTER,TWO-SEATER,1.6,4,M6,Z,9.1,6.7,8
MINI,JOHN COOPER WORKS CLUBMAN,SUBCOMPACT,1.6,4,A6,Z,9.3,7,8.3
MINI,JOHN COOPER WORKS CLUBMAN,SUBCOMPACT,1.6,4,M6,Z,9.1,6.7,8
MINI,JOHN COOPER WORKS CONVERTIBLE,MINICOMPACT,1.6,4,A6,Z,9.3,7,8.3
MINI,JOHN COOPER WORKS CONVERTIBLE,MINICOMPACT,1.6,4,M6,Z,9.1,6.7,8
MINI,JOHN COOPER WORKS COUNTRYMAN ALL4,COMPACT,1.6,4,A6,Z,10,7.8,9
MINI,JOHN COOPER WORKS COUNTRYMAN ALL4,COMPACT,1.6,4,M6,Z,9.3,7.5,8.5
MINI,JOHN COOPER WORKS COUPE,TWO-SEATER,1.6,4,A6,Z,9.3,7,8.3
MINI,JOHN COOPER WORKS COUPE,TWO-SEATER,1.6,4,M6,Z,9.1,6.7,8
MINI,JOHN COOPER WORKS PACEMAN ALL4,COMPACT,1.6,4,A6,Z,10,7.8,9
MINI,JOHN COOPER WORKS PACEMAN ALL4,COMPACT,1.6,4,M6,Z,9.3,7.5,8.5
MINI,JOHN COOPER WORKS ROADSTER,TWO-SEATER,1.6,4,A6,Z,9.3,7,8.3
MINI,JOHN COOPER WORKS ROADSTER,TWO-SEATER,1.6,4,M6,Z,9.1,6.7,8
MITSUBISHI,LANCER,COMPACT,2,4,AV6,X,9.2,7,8.2
MITSUBISHI,LANCER,COMPACT,2,4,M5,X,9.6,6.8,8.3
MITSUBISHI,LANCER AWD,COMPACT,2.4,4,AV6,X,10.5,8.2,9.5
MITSUBISHI,LANCER EVOLUTION,COMPACT,2,4,AM6,Z,14.2,10.5,12.5
MITSUBISHI,LANCER EVOLUTION,COMPACT,2,4,M5,Z,14,10.3,12.3
MITSUBISHI,LANCER RALLIART,COMPACT,2,4,AM6,Z,13.4,9.4,11.6
MITSUBISHI,LANCER SPORTBACK,STATION WAGON - SMALL,2,4,AV6,X,9.6,7.3,8.6
MITSUBISHI,LANCER SPORTBACK,STATION WAGON - SMALL,2,4,M5,X,9.8,7.1,8.6
MITSUBISHI,MIRAGE,COMPACT,1.2,3,AV,X,6.4,5.4,6
MITSUBISHI,MIRAGE,COMPACT,1.2,3,M5,X,7,5.6,6.4
MITSUBISHI,OUTLANDER,SUV - SMALL,2.4,4,AV6,X,9.5,7.5,8.6
MITSUBISHI,OUTLANDER 4WD,SUV - SMALL,2.4,4,AV6,X,9.9,8.1,9.1
MITSUBISHI,OUTLANDER 4WD,SUV - SMALL,3,6,AS6,Z,11.5,8.5,10.2
MITSUBISHI,RVR,SUV - SMALL,2,4,AV6,X,9.6,7.6,8.7
MITSUBISHI,RVR,SUV - SMALL,2,4,M5,X,9.9,7.5,8.8
MITSUBISHI,RVR 4WD,SUV - SMALL,2,4,AV6,X,9.8,8,9
NISSAN,370Z,TWO-SEATER,3.7,6,AS7,Z,12.6,9.1,11
NISSAN,370Z,TWO-SEATER,3.7,6,M6,Z,13.3,9.3,11.5
NISSAN,370Z ROADSTER,TWO-SEATER,3.7,6,AS7,Z,13,9.5,11.4
NISSAN,370Z ROADSTER,TWO-SEATER,3.7,6,M6,Z,13.5,9.6,11.7
NISSAN,ALTIMA,MID-SIZE,2.5,4,AV,X,8.7,6.2,7.6
NISSAN,ALTIMA,MID-SIZE,3.5,6,AV,X,10.8,7.4,9.3
NISSAN,ARMADA 4WD,SUV - STANDARD,5.6,8,A5,X,19.1,13.4,16.5
NISSAN,FRONTIER,PICKUP TRUCK - SMALL,2.5,4,A5,X,13.7,10.6,12.3
NISSAN,FRONTIER,PICKUP TRUCK - SMALL,2.5,4,M5,X,12.2,10.2,11.3
NISSAN,FRONTIER,PICKUP TRUCK - SMALL,4,6,A5,X,14.7,10.2,12.7
NISSAN,FRONTIER 4WD,PICKUP TRUCK - SMALL,4,6,A5,X,15.7,11.2,13.7
NISSAN,FRONTIER 4WD,PICKUP TRUCK - SMALL,4,6,M6,X,14.8,11,13.1
NISSAN,GT-R,SUBCOMPACT,3.8,6,AM6,Z,14.5,10.9,12.9
NISSAN,JUKE,STATION WAGON - SMALL,1.6,4,AV,Z,8.7,7.3,8.1
NISSAN,JUKE,STATION WAGON - SMALL,1.6,4,M6,Z,9.5,7.6,8.6
NISSAN,JUKE AWD,STATION WAGON - SMALL,1.6,4,AV,Z,9.3,7.9,8.7
NISSAN,MAXIMA,MID-SIZE,3.5,6,AV,Z,12.3,9.1,10.9
NISSAN,MURANO AWD,SUV - SMALL,3.5,6,AV,X,13.2,10.1,11.8
NISSAN,NV200 CARGO VAN,SPECIAL PURPOSE VEHICLE,2,4,AV,X,10,8.5,9.3
NISSAN,PATHFINDER,SUV - SMALL,3.5,6,AV,X,12,8.9,10.6
NISSAN,PATHFINDER 4WD,SUV - SMALL,3.5,6,AV,X,12.3,9.3,11
NISSAN,PATHFINDER HYBRID 4WD,SUV - STANDARD,2.5,4,AV,X,9.1,8.5,8.8
NISSAN,QUEST,MINIVAN,3.5,6,AV,X,12.5,9.5,11.1
NISSAN,ROGUE,SUV - SMALL,2.5,4,AV,X,9.2,7.2,8.3
NISSAN,ROGUE AWD,SUV - SMALL,2.5,4,AV,X,9.5,7.4,8.6
NISSAN,SENTRA,MID-SIZE,1.8,4,AV,X,7.8,6,7
NISSAN,SENTRA,MID-SIZE,1.8,4,M6,X,8.7,6.6,7.8
NISSAN,TITAN,PICKUP TRUCK - STANDARD,5.6,8,A5,X,17.9,12.8,15.6
NISSAN,TITAN 4WD,PICKUP TRUCK - STANDARD,5.6,8,A5,X,19.7,14.3,17.3
NISSAN,VERSA,COMPACT,1.6,4,AV,X,7.2,5.8,6.6
NISSAN,VERSA,COMPACT,1.6,4,M5,X,8.6,6.5,7.7
NISSAN,XTERRA 4WD,SUV - SMALL,4,6,A5,X,16.1,11.9,14.2
NISSAN,XTERRA 4WD,SUV - SMALL,4,6,M6,X,15.2,11.9,13.7
PORSCHE,911 CARRERA,MINICOMPACT,3.4,6,AM7,Z,11.6,8.3,10.1
PORSCHE,911 CARRERA,MINICOMPACT,3.4,6,M7,Z,12.5,8.6,10.7
PORSCHE,911 CARRERA 4,MINICOMPACT,3.4,6,AM7,Z,11.8,8.5,10.3
PORSCHE,911 CARRERA 4,MINICOMPACT,3.4,6,M7,Z,12.4,8.6,10.7
PORSCHE,911 CARRERA 4 CABRIOLET,MINICOMPACT,3.4,6,AM7,Z,12,8.7,10.5
PORSCHE,911 CARRERA 4 CABRIOLET,MINICOMPACT,3.4,6,M7,Z,12.6,9,11
PORSCHE,911 CARRERA 4S,MINICOMPACT,3.8,6,AM7,Z,12.3,8.9,10.8
PORSCHE,911 CARRERA 4S,MINICOMPACT,3.8,6,M7,Z,12.8,8.9,11
PORSCHE,911 CARRERA 4S CABRIOLET,MINICOMPACT,3.8,6,AM7,Z,12.7,9,11
PORSCHE,911 CARRERA 4S CABRIOLET,MINICOMPACT,3.8,6,M7,Z,12.9,9.1,11.2
PORSCHE,911 CARRERA CABRIOLET,MINICOMPACT,3.4,6,AM7,Z,11.6,8.3,10.1
PORSCHE,911 CARRERA CABRIOLET,MINICOMPACT,3.4,6,M7,Z,12.4,8.6,10.7
PORSCHE,911 CARRERA S,MINICOMPACT,3.8,6,AM7,Z,12.1,8.7,10.6
PORSCHE,911 CARRERA S,MINICOMPACT,3.8,6,M7,Z,12.6,8.6,10.8
PORSCHE,911 CARRERA S CABRIOLET,MINICOMPACT,3.8,6,AM7,Z,12.4,8.7,10.7
PORSCHE,911 CARRERA S CABRIOLET,MINICOMPACT,3.8,6,M7,Z,12.6,8.8,10.9
PORSCHE,911 GT3,TWO-SEATER,3.8,6,AM7,Z,16,11.5,14
PORSCHE,911 TURBO,MINICOMPACT,3.8,6,AM7,Z,13.7,9.6,11.9
PORSCHE,911 TURBO CABRIOLET,MINICOMPACT,3.8,6,AM7,Z,13.7,9.6,11.9
PORSCHE,911 TURBO S,MINICOMPACT,3.8,6,AM7,Z,13.7,9.6,11.9
PORSCHE,911 TURBO S CABRIOLET,MINICOMPACT,3.8,6,AM7,Z,13.7,9.6,11.9
PORSCHE,BOXSTER,TWO-SEATER,2.7,6,AM7,Z,10.7,7.4,9.2
PORSCHE,BOXSTER,TWO-SEATER,2.7,6,M6,Z,11.5,7.9,9.9
PORSCHE,BOXSTER S,TWO-SEATER,3.4,6,AM7,Z,11.3,7.9,9.8
PORSCHE,BOXSTER S,TWO-SEATER,3.4,6,M6,Z,11.9,8.6,10.4
PORSCHE,CAYENNE,SUV - STANDARD,3.6,6,A8,Z,14.1,10.2,12.4
PORSCHE,CAYENNE,SUV - STANDARD,3.6,6,M6,Z,15.8,10.9,13.6
PORSCHE,CAYENNE DIESEL (modified),SUV - STANDARD,3,6,A8,D,11.8,8.1,10.2
PORSCHE,CAYENNE GTS,SUV - STANDARD,4.8,8,A8,Z,16.7,11.5,14.4
PORSCHE,CAYENNE S,SUV - STANDARD,4.8,8,A8,Z,15.5,10.7,13.2
PORSCHE,CAYENNE S HYBRID,SUV - STANDARD,3,6,A8,Z,11.8,9.9,10.9
PORSCHE,CAYENNE TURBO,SUV - STANDARD,4.8,8,A8,Z,16.3,11,13.9
PORSCHE,CAYENNE TURBO S,SUV - STANDARD,4.8,8,A8,Z,18,11.9,15.2
PORSCHE,CAYMAN,TWO-SEATER,2.7,6,AM7,Z,10.7,7.4,9.2
PORSCHE,CAYMAN,TWO-SEATER,2.7,6,M6,Z,11.5,7.9,9.9
PORSCHE,CAYMAN S,TWO-SEATER,3.4,6,AM7,Z,11.3,7.9,9.8
PORSCHE,CAYMAN S,TWO-SEATER,3.4,6,M6,Z,11.9,8.6,10.4
PORSCHE,PANAMERA,FULL-SIZE,3.6,6,AM7,Z,12.9,8.4,10.9
PORSCHE,PANAMERA 4,FULL-SIZE,3.6,6,AM7,Z,13.1,8.7,11.1
PORSCHE,PANAMERA 4S,FULL-SIZE,3,6,AM7,Z,13.4,8.8,11.3
PORSCHE,PANAMERA 4S EXECUTIVE,FULL-SIZE,3,6,AM7,Z,13.7,8.9,11.5
PORSCHE,PANAMERA GTS,FULL-SIZE,4.8,8,AM7,Z,15.1,9.7,12.7
PORSCHE,PANAMERA S,FULL-SIZE,3,6,AM7,Z,13.4,8.8,11.3
PORSCHE,PANAMERA TURBO,FULL-SIZE,4.8,8,AM7,Z,15.3,9.7,12.8
PORSCHE,PANAMERA TURBO EXECUTIVE,FULL-SIZE,4.8,8,AM7,Z,15.4,9.8,12.9
RAM,1500 (MDS),PICKUP TRUCK - STANDARD,5.7,8,A6,X,17.1,12,14.8
RAM,1500 (MDS),PICKUP TRUCK - STANDARD,5.7,8,A8,X,15.8,10.9,13.6
RAM,1500 4X4 (MDS),PICKUP TRUCK - STANDARD,5.7,8,A6,X,17.6,12.7,15.4
RAM,1500 4X4 (MDS),PICKUP TRUCK - STANDARD,5.7,8,A8,X,16.3,11.5,14.1
RAM,1500 4X4 DIESEL,PICKUP TRUCK - STANDARD,3,6,A8,D,12.1,8.8,10.6
RAM,1500 4X4 FFV,PICKUP TRUCK - STANDARD,3.6,6,A8,X,14.6,10.1,12.6
RAM,1500 4X4 FFV,PICKUP TRUCK - STANDARD,3.6,6,A8,E,20.5,14.5,17.8
RAM,1500 DIESEL,PICKUP TRUCK - STANDARD,3,6,A8,D,11.6,8.4,10.2
RAM,1500 FFV,PICKUP TRUCK - STANDARD,3.6,6,A8,X,13.9,9.5,11.9
RAM,1500 FFV,PICKUP TRUCK - STANDARD,3.6,6,A8,E,19.4,13.6,16.8
RAM,1500 HFE,PICKUP TRUCK - STANDARD,3.6,6,A8,X,12.9,9.3,11.3
RAM,CARGO VAN FFV,MINIVAN,3.6,6,A6,X,13.3,9.1,11.4
RAM,CARGO VAN FFV,MINIVAN,3.6,6,A6,E,18.6,12.7,15.9
ROLLS-ROYCE,GHOST,FULL-SIZE,6.6,12,A8,Z,19.1,12.3,16
ROLLS-ROYCE,GHOST EWB,FULL-SIZE,6.6,12,A8,Z,19.1,12.3,16
ROLLS-ROYCE,PHANTOM,FULL-SIZE,6.7,12,A8,Z,20.7,12.8,17.1
ROLLS-ROYCE,PHANTOM COUPE,COMPACT,6.7,12,A8,Z,20.7,12.8,17.1
ROLLS-ROYCE,PHANTOM DROPHEAD COUPE,COMPACT,6.7,12,A8,Z,20.7,12.7,17.1
ROLLS-ROYCE,PHANTOM EWB,FULL-SIZE,6.7,12,A8,Z,20.7,12.7,17.1
ROLLS-ROYCE,WRAITH,MID-SIZE,6.6,12,A8,Z,18.7,11.8,15.6
SCION,FR-S,MINICOMPACT,2,4,AS6,Z,9.6,7,8.4
SCION,FR-S,MINICOMPACT,2,4,M6,Z,10.9,7.8,9.5
SCION,iQ,MINICOMPACT,1.3,4,AV,X,6.6,5.7,6.2
SCION,tC,COMPACT,2.5,4,AS6,X,10.2,7.5,9
SCION,tC,COMPACT,2.5,4,M6,X,10.2,7.6,9
SCION,xB,STATION WAGON - SMALL,2.4,4,AS4,X,10.9,8.6,9.9
SCION,xB,STATION WAGON - SMALL,2.4,4,M5,X,10.9,8.6,9.9
SCION,xD,SUBCOMPACT,1.8,4,A4,X,8.8,7.1,8
SCION,xD,SUBCOMPACT,1.8,4,M5,X,8.6,7.1,7.9
SMART,FORTWO CABRIOLET,TWO-SEATER,1,3,AM5,Z,6.9,5.7,6.4
SMART,FORTWO COUPE,TWO-SEATER,1,3,AM5,Z,6.9,5.7,6.4
SRT,VIPER COUPE,TWO-SEATER,8.4,10,M6,Z,20,13,16.9
SRT,VIPER GTS COUPE,TWO-SEATER,8.4,10,M6,Z,20,13,16.9
SUBARU,BRZ,MINICOMPACT,2,4,AS6,Z,9.6,7.1,8.5
SUBARU,BRZ,MINICOMPACT,2,4,M6,Z,11,7.9,9.6
SUBARU,FORESTER AWD,SUV - SMALL,2,4,AV,Z,10.2,8.6,9.5
SUBARU,FORESTER AWD,SUV - SMALL,2.5,4,AV,X,9.6,7.4,8.6
SUBARU,FORESTER AWD,SUV - SMALL,2.5,4,M6,X,10.9,8.3,9.7
SUBARU,IMPREZA AWD,COMPACT,2,4,AV,X,8.7,6.6,7.8
SUBARU,IMPREZA AWD,COMPACT,2,4,M5,X,9.6,7.1,8.5
SUBARU,IMPREZA AWD,COMPACT,2.5,4,M5,Z,12.6,9.5,11.2
SUBARU,IMPREZA AWD,COMPACT,2.5,4,M6,Z,14.2,10.4,12.5
SUBARU,IMPREZA WAGON AWD,STATION WAGON - SMALL,2,4,AV,X,8.7,6.6,7.8
SUBARU,IMPREZA WAGON AWD,STATION WAGON - SMALL,2,4,M5,X,9.6,7.1,8.5
SUBARU,IMPREZA WAGON AWD,STATION WAGON - SMALL,2.5,4,M5,Z,12.6,9.5,11.2
SUBARU,IMPREZA WAGON AWD,STATION WAGON - SMALL,2.5,4,M6,Z,14.2,10.4,12.5
SUBARU,LEGACY AWD,MID-SIZE,2.5,4,AV,X,9.7,7.3,8.6
SUBARU,LEGACY AWD,MID-SIZE,2.5,4,M6,X,11.3,8.2,9.9
SUBARU,LEGACY AWD,MID-SIZE,3.6,6,AS5,X,13.3,9.5,11.6
SUBARU,OUTBACK AWD,SUV - SMALL,2.5,4,AV,X,9.9,7.8,9
SUBARU,OUTBACK AWD,SUV - SMALL,2.5,4,M6,X,10.8,8.5,9.8
SUBARU,OUTBACK AWD,SUV - SMALL,3.6,6,AS5,X,13.4,9.7,11.7
SUBARU,TRIBECA AWD,SUV - SMALL,3.6,6,AS5,X,14.7,11.1,13.1
SUBARU,XV CROSSTREK AWD,SUV - SMALL,2,4,AV,X,9.5,7.2,8.5
SUBARU,XV CROSSTREK AWD,SUV - SMALL,2,4,M5,X,10.2,8,9.2
SUBARU,XV CROSSTREK HYBRID AWD,SUV - SMALL,2,4,AV,X,8.1,7.2,7.7
TOYOTA,4RUNNER (Part-Time 4WD),SUV - STANDARD,4,6,AS5,X,14.3,11.1,12.9
TOYOTA,4RUNNER 4WD,SUV - STANDARD,4,6,AS5,X,14.3,11.1,12.9
TOYOTA,AVALON,MID-SIZE,3.5,6,AS6,X,11.3,7.6,9.6
TOYOTA,CAMRY,MID-SIZE,2.5,4,AS6,X,9.5,6.6,8.2
TOYOTA,CAMRY,MID-SIZE,3.5,6,AS6,X,11.1,7.8,9.6
TOYOTA,CAMRY HYBRID LE,MID-SIZE,2.5,4,AV,X,5.5,5.9,5.7
TOYOTA,CAMRY HYBRID XLE/SE,MID-SIZE,2.5,4,AV,X,5.8,6.2,6
TOYOTA,COROLLA,MID-SIZE,1.8,4,A4,X,8.6,6.5,7.7
TOYOTA,COROLLA,MID-SIZE,1.8,4,AV7,X,8.1,6.3,7.3
TOYOTA,COROLLA,MID-SIZE,1.8,4,AV,X,8,5.9,7.1
TOYOTA,COROLLA,MID-SIZE,1.8,4,M6,X,8.3,6.3,7.4
TOYOTA,COROLLA LE ECO (1-mode),MID-SIZE,1.8,4,AV,X,7.7,5.6,6.8
TOYOTA,COROLLA LE ECO (2-mode),MID-SIZE,1.8,4,AV,X,7.8,5.9,6.9
TOYOTA,COROLLA MATRIX,STATION WAGON - SMALL,1.8,4,A4,X,9.4,7.5,8.5
TOYOTA,COROLLA MATRIX,STATION WAGON - SMALL,1.8,4,M5,X,8.9,7.3,8.2
TOYOTA,FJ CRUISER 4WD,SUV - SMALL,4,6,A5,X,14.3,11.2,12.9
TOYOTA,FJ CRUISER 4WD,SUV - SMALL,4,6,M6,X,15.4,12.1,13.9
TOYOTA,HIGHLANDER,SUV - SMALL,2.7,4,AS6,X,11.7,8.6,10.3
TOYOTA,HIGHLANDER,SUV - SMALL,3.5,6,AS6,X,12.6,9.4,11.2
TOYOTA,HIGHLANDER AWD,SUV - STANDARD,3.5,6,AS6,X,13,9.7,11.5
TOYOTA,HIGHLANDER HYBRID AWD,SUV - STANDARD,3.5,6,AV6,X,8,8.6,8.3
TOYOTA,HIGHLANDER HYBRID AWD LE,SUV - STANDARD,3.5,6,AV6,X,7.9,8.6,8.2
TOYOTA,PRIUS,MID-SIZE,1.8,4,AV,X,4.7,4.9,4.8
TOYOTA,PRIUS c,COMPACT,1.5,4,AV,X,4.6,4.9,4.7
TOYOTA,PRIUS v,STATION WAGON - MID-SIZE,1.8,4,AV,X,5.3,5.8,5.5
TOYOTA,RAV4,SUV - SMALL,2.5,4,AS6,X,10,7.6,8.9
TOYOTA,RAV4 AWD,SUV - SMALL,2.5,4,AS6,X,10.4,8.1,9.4
TOYOTA,RAV4 LIMITED AWD,SUV - SMALL,2.5,4,AS6,X,10.6,8.2,9.5
TOYOTA,SEQUOIA 4WD,SUV - STANDARD,5.7,8,AS6,X,19,13.9,16.7
TOYOTA,SIENNA,MINIVAN,3.5,6,AS6,X,12.9,9.4,11.3
TOYOTA,SIENNA AWD,MINIVAN,3.5,6,AS6,X,14.2,10.3,12.4
TOYOTA,TACOMA,PICKUP TRUCK - SMALL,2.7,4,A4,X,12.2,9.3,10.9
TOYOTA,TACOMA,PICKUP TRUCK - SMALL,2.7,4,M5,X,11.3,8.9,10.2
TOYOTA,TACOMA,PICKUP TRUCK - SMALL,4,6,M6,X,14.5,11.3,13.1
TOYOTA,TACOMA 4WD,PICKUP TRUCK - SMALL,2.7,4,A4,X,13.1,10.5,11.9
TOYOTA,TACOMA 4WD,PICKUP TRUCK - SMALL,2.7,4,M5,X,12.8,10.6,11.8
TOYOTA,TACOMA 4WD,PICKUP TRUCK - SMALL,4,6,A5,X,14.7,11.5,13.3
TOYOTA,TACOMA 4WD,PICKUP TRUCK - SMALL,4,6,M6,X,15.3,12.3,14
TOYOTA,TUNDRA,PICKUP TRUCK - STANDARD,4,6,AS5,X,14.8,11.8,13.5
TOYOTA,TUNDRA,PICKUP TRUCK - STANDARD,4.6,8,AS6,X,15.9,12.3,14.3
TOYOTA,TUNDRA,PICKUP TRUCK - STANDARD,5.7,8,AS6,X,17.6,12.9,15.5
TOYOTA,TUNDRA 4WD,PICKUP TRUCK - STANDARD,4.6,8,AS6,X,16.9,12.8,15.1
TOYOTA,TUNDRA 4WD,PICKUP TRUCK - STANDARD,5.7,8,AS6,X,18.1,13.9,16.2
TOYOTA,VENZA,SUV - SMALL,2.7,4,AS6,X,11.4,8.2,10
TOYOTA,VENZA,SUV - SMALL,3.5,6,AS6,X,12.6,9.1,11
TOYOTA,VENZA 4WD,SUV - SMALL,2.7,4,AS6,X,11.6,8.5,10.2
TOYOTA,VENZA 4WD,SUV - SMALL,3.5,6,AS6,X,12.9,9.4,11.3
TOYOTA,YARIS,COMPACT,1.5,4,A4,X,7.9,6.6,7.3
TOYOTA,YARIS,COMPACT,1.5,4,M5,X,7.8,6.3,7.1
VOLKSWAGEN,BEETLE,COMPACT,1.8,4,A6,X,9.5,7.2,8.5
VOLKSWAGEN,BEETLE,COMPACT,1.8,4,M5,X,9.9,7.2,8.7
VOLKSWAGEN,BEETLE,COMPACT,2,4,A6,Z,10.3,7.7,9.1
VOLKSWAGEN,BEETLE,COMPACT,2,4,M6,Z,10.8,7.6,9.4
VOLKSWAGEN,BEETLE,COMPACT,2.5,5,A6,X,10.9,8.4,9.8
VOLKSWAGEN,BEETLE,COMPACT,2.5,5,M5,X,11.2,7.7,9.6
VOLKSWAGEN,BEETLE TDI (modified),COMPACT,2,4,A6,D,8.4,5.9,7.4
VOLKSWAGEN,BEETLE TDI (modified),COMPACT,2,4,M6,D,8.8,6.1,7.7
VOLKSWAGEN,BEETLE CONVERTIBLE,SUBCOMPACT,1.8,4,A6,X,9.8,7.3,8.7
VOLKSWAGEN,BEETLE CONVERTIBLE,SUBCOMPACT,2,4,A6,Z,10.3,8.1,9.3
VOLKSWAGEN,BEETLE CONVERTIBLE,SUBCOMPACT,2,4,M6,Z,10.8,7.6,9.4
VOLKSWAGEN,BEETLE CONVERTIBLE,SUBCOMPACT,2.5,5,A6,X,11.2,8.7,10.1
VOLKSWAGEN,CC,COMPACT,2,4,A6,Z,11.1,7.9,9.7
VOLKSWAGEN,CC,COMPACT,2,4,M6,Z,11.6,7.7,9.8
VOLKSWAGEN,CC 4MOTION,COMPACT,3.6,6,A6,Z,14.3,9.8,12.3
VOLKSWAGEN,EOS,SUBCOMPACT,2,4,A6,Z,10.9,8,9.6
VOLKSWAGEN,GOLF WAGON,STATION WAGON - SMALL,2.5,5,A6,X,11,7.7,9.5
VOLKSWAGEN,GOLF WAGON,STATION WAGON - SMALL,2.5,5,M5,X,11.2,7.3,9.4
VOLKSWAGEN,GOLF WAGON TDI (modified),STATION WAGON - SMALL,2,4,A6,D,8.1,6.4,7.4
VOLKSWAGEN,GOLF WAGON TDI (modified),STATION WAGON - SMALL,2,4,M6,D,8.3,6,7.3
VOLKSWAGEN,JETTA,COMPACT,1.8,4,A6,X,9.5,6.7,8.2
VOLKSWAGEN,JETTA,COMPACT,1.8,4,M5,X,9.4,6.7,8.2
VOLKSWAGEN,JETTA,COMPACT,2,4,A6,X,10.6,8,9.4
VOLKSWAGEN,JETTA,COMPACT,2,4,M5,X,10.4,7.2,9
VOLKSWAGEN,JETTA TDI (modified),COMPACT,2,4,A6,D,8.1,6.4,7.4
VOLKSWAGEN,JETTA TDI (modified),COMPACT,2,4,M6,D,8.3,6,7.3
VOLKSWAGEN,JETTA GLI,COMPACT,2,4,A6,Z,10.2,7.5,9
VOLKSWAGEN,JETTA GLI,COMPACT,2,4,M6,Z,10.6,7.4,9.2
VOLKSWAGEN,JETTA TURBO HYBRID,COMPACT,1.4,4,AM7,Z,5.6,5.2,5.4
VOLKSWAGEN,PASSAT,MID-SIZE,1.8,4,A6,X,9.9,6.9,8.6
VOLKSWAGEN,PASSAT,MID-SIZE,1.8,4,M5,X,10,6.9,8.6
VOLKSWAGEN,PASSAT,MID-SIZE,2.5,5,A6,X,11,8,9.7
VOLKSWAGEN,PASSAT,MID-SIZE,2.5,5,M5,X,11.4,7.8,9.8
VOLKSWAGEN,PASSAT,MID-SIZE,3.6,6,A6,Z,12.4,8.8,10.8
VOLKSWAGEN,PASSAT TDI (modified),MID-SIZE,2,4,A6,D,7.8,5.9,6.9
VOLKSWAGEN,ROUTAN,MINIVAN,3.6,6,A6,X,14.2,9.5,12.1
VOLKSWAGEN,TIGUAN,SUV - SMALL,2,4,A6,Z,11.7,9.5,10.7
VOLKSWAGEN,TIGUAN,SUV - SMALL,2,4,M6,Z,13.6,9.2,11.6
VOLKSWAGEN,TIGUAN 4MOTION,SUV - SMALL,2,4,A6,Z,11.7,9.4,10.7
VOLKSWAGEN,TOUAREG,SUV - STANDARD,3.6,6,AS8,Z,14.4,10.4,12.6
VOLKSWAGEN,TOUAREG TDI (modified),SUV - STANDARD,3,6,AS8,D,11.8,8.1,10.2
VOLVO,S60,COMPACT,2.5,5,AS6,X,11.3,7.8,9.7
VOLVO,S60 AWD,COMPACT,2.5,5,AS6,X,11.6,8.3,10.1
VOLVO,S60 AWD,COMPACT,3,6,AS6,X,13.2,9.5,11.5
VOLVO,S80,MID-SIZE,3.2,6,AS6,X,11.9,8.1,10.2
VOLVO,S80 AWD,MID-SIZE,3,6,AS6,X,13.2,9.5,11.5
VOLVO,XC60,SUV - SMALL,3.2,6,AS6,X,13,8.9,11.2
VOLVO,XC60 AWD,SUV - SMALL,3,6,AS6,X,13.4,9.8,11.8
VOLVO,XC60 AWD,SUV - SMALL,3.2,6,AS6,X,13.2,9.5,11.5
VOLVO,XC70 AWD,SUV - SMALL,3,6,AS6,X,13.4,9.8,11.8
VOLVO,XC70 AWD,SUV - SMALL,3.2,6,AS6,X,12.9,9.3,11.3
VOLVO,XC90 AWD,SUV - STANDARD,3.2,6,AS6,X,14.9,10.2,12.8
ACURA,ILX,COMPACT,2,4,AS5,Z,9.7,6.7,8.3
ACURA,ILX,COMPACT,2.4,4,M6,Z,10.8,7.4,9.3
ACURA,ILX HYBRID,COMPACT,1.5,4,AV7,Z,6,6.1,6.1
ACURA,MDX SH-AWD,SUV - SMALL,3.5,6,AS6,Z,12.7,9.1,11.1
ACURA,RDX AWD,SUV - SMALL,3.5,6,AS6,Z,12.1,8.7,10.6
ACURA,RLX,MID-SIZE,3.5,6,AS6,Z,11.9,7.7,10
ACURA,RLX HYBRID,MID-SIZE,3.5,6,AM7,Z,8,7.5,7.7
ACURA,TLX,COMPACT,2.4,4,AM8,Z,9.6,6.6,8.3
ACURA,TLX,COMPACT,3.5,6,AS9,Z,11.2,6.9,9.2
ACURA,TLX SH-AWD,COMPACT,3.5,6,AS9,Z,11.2,7.5,9.6
ALFA ROMEO,4C,TWO-SEATER,1.8,4,AM6,Z,9.7,6.9,8.4
ASTON MARTIN,DB9,MINICOMPACT,5.9,12,A6,Z,18,12.6,15.6
ASTON MARTIN,RAPIDE S,SUBCOMPACT,6,12,A8,Z,16.8,10.9,14.2
ASTON MARTIN,V8 VANTAGE,TWO-SEATER,4.7,8,AM7,Z,17.4,11.3,14.7
ASTON MARTIN,V8 VANTAGE,TWO-SEATER,4.7,8,M6,Z,18.1,12.3,15.5
ASTON MARTIN,V8 VANTAGE S,TWO-SEATER,4.7,8,AM7,Z,17.4,11.3,14.7
ASTON MARTIN,V8 VANTAGE S,TWO-SEATER,4.7,8,M6,Z,18.1,12.3,15.5
ASTON MARTIN,V12 VANTAGE S,TWO-SEATER,6,12,AM7,Z,19.5,12.8,16.5
ASTON MARTIN,VANTAGE GT,TWO-SEATER,4.7,8,AM7,Z,17.4,11.3,14.7
ASTON MARTIN,VANTAGE GT,TWO-SEATER,4.7,8,M6,Z,18.1,12.3,15.5
ASTON MARTIN,VANQUISH,MINICOMPACT,6,12,A8,Z,17.6,11.4,14.8
AUDI,A3,SUBCOMPACT,1.8,4,AM6,Z,10,7.1,8.7
AUDI,A3 TDI (modified),SUBCOMPACT,2,4,AM6,D,7.6,5.5,6.5
AUDI,A3 QUATTRO,SUBCOMPACT,2,4,AM6,Z,9.8,7.2,8.6
AUDI,A3 CABRIOLET QUATTRO,SUBCOMPACT,2,4,AM6,Z,10.1,7.5,8.9
AUDI,A4,COMPACT,2,4,AV8,Z,9.9,7.6,8.9
AUDI,A4 QUATTRO,COMPACT,2,4,AS8,Z,11,7.8,9.6
AUDI,A4 QUATTRO,COMPACT,2,4,M6,Z,10.6,7.3,9.1
AUDI,A4 ALLROAD QUATTRO,STATION WAGON - SMALL,2,4,AS8,Z,11.2,8.4,9.9
AUDI,A5 QUATTRO,SUBCOMPACT,2,4,AS8,Z,11,7.8,9.6
AUDI,A5 QUATTRO,SUBCOMPACT,2,4,M6,Z,10.6,7.3,9.1
AUDI,A5 CABRIOLET QUATTRO,SUBCOMPACT,2,4,AS8,Z,11.3,8,9.8
AUDI,A6 QUATTRO,MID-SIZE,2,4,AS8,Z,12,8.1,10.3
AUDI,A6 QUATTRO,MID-SIZE,3,6,AS8,Z,12.8,8.6,10.9
AUDI,A6 QUATTRO TDI (modified),MID-SIZE,3,6,AS8,D,9.8,6.2,8.1
AUDI,A7 QUATTRO,MID-SIZE,3,6,AS8,Z,13.1,8.5,11
AUDI,A7 QUATTRO TDI (modified),MID-SIZE,3,6,AS8,D,9.8,6.2,8.1
AUDI,A8,MID-SIZE,3,6,AS8,Z,12.6,8,10.5
AUDI,A8,MID-SIZE,4,8,AS8,Z,12.9,8,10.7
AUDI,A8 TDI (modified),MID-SIZE,3,6,AS8,D,9.8,6.5,8.4
AUDI,A8L,FULL-SIZE,3,6,AS8,Z,12.6,8,10.5
AUDI,A8L,FULL-SIZE,4,8,AS8,Z,13.2,8.3,11
AUDI,A8L,FULL-SIZE,6.3,12,AS8,Z,17.8,10.8,14.6
AUDI,A8L TDI (modified),FULL-SIZE,3,6,AS8,D,9.8,6.5,8.4
AUDI,Q3,COMPACT,2,4,AS6,Z,12,8.2,10.3
AUDI,Q3 QUATTRO,COMPACT,2,4,AS6,Z,11.9,8.4,10.3
AUDI,Q5,SUV - SMALL,2,4,AS8,Z,12,8.5,10.4
AUDI,Q5,SUV - SMALL,3,6,AS8,Z,13.2,9.2,11.4
AUDI,Q5 TDI (modified),SUV - SMALL,3,6,AS8,D,10.2,7.8,9
AUDI,Q5 HYBRID,SUV - SMALL,2,4,AS8,Z,9.8,7.9,8.9
AUDI,Q7,SUV - STANDARD,3,6,AS8,Z,15.2,11,13.3
AUDI,Q7 TDI (modified),SUV - STANDARD,3,6,AS8,D,12.4,8.7,10.7
AUDI,R8,TWO-SEATER,4.2,8,AM7,Z,17.3,10.4,14.2
AUDI,R8,TWO-SEATER,4.2,8,M6,Z,20.5,11.7,16.6
AUDI,R8,TWO-SEATER,5.2,10,AM7,Z,18.2,10.6,14.8
AUDI,R8,TWO-SEATER,5.2,10,M6,Z,19.9,12,16.4
AUDI,R8 SPYDER,TWO-SEATER,4.2,8,AM7,Z,17.3,10.4,14.2
AUDI,R8 SPYDER,TWO-SEATER,4.2,8,M6,Z,20.5,11.7,16.6
AUDI,R8 SPYDER,TWO-SEATER,5.2,10,AM7,Z,18.2,10.6,14.8
AUDI,R8 SPYDER,TWO-SEATER,5.2,10,M6,Z,19.9,12,16.4
AUDI,RS 5,SUBCOMPACT,4.2,8,AM7,Z,14.9,10.1,12.8
AUDI,RS 5 CABRIOLET,SUBCOMPACT,4.2,8,AM7,Z,14.8,10.6,12.9
AUDI,RS 7,MID-SIZE,4,8,AS8,Z,16.6,9.4,13.3
AUDI,S3,SUBCOMPACT,2,4,AM6,Z,10.1,7.7,9
AUDI,S4,COMPACT,3,6,AM7,Z,13,8.5,11
AUDI,S4,COMPACT,3,6,M6,Z,13.8,9,11.7
AUDI,S5,SUBCOMPACT,3,6,AM7,Z,13,8.5,11
AUDI,S5,SUBCOMPACT,3,6,M6,Z,13.8,9,11.7
AUDI,S5 CABRIOLET,SUBCOMPACT,3,6,AM7,Z,13.3,9.1,11.4
AUDI,S6,MID-SIZE,4,8,AM7,Z,14,8.7,11.7
AUDI,S7,MID-SIZE,4,8,AM7,Z,14,8.7,11.7
AUDI,S8,MID-SIZE,4,8,AS8,Z,14.6,8.8,11.9
AUDI,SQ5,SUV - SMALL,3,6,AS8,Z,14.1,9.9,12.2
AUDI,TT COUPE QUATTRO,SUBCOMPACT,2,4,AM6,Z,10.4,7.6,9.1
AUDI,TT ROADSTER QUATTRO,TWO-SEATER,2,4,AM6,Z,10.4,7.7,9.2
AUDI,TTS COUPE QUATTRO,SUBCOMPACT,2,4,AM6,Z,11.7,8.4,10.2
AUDI,TTS ROADSTER QUATTRO,TWO-SEATER,2,4,AM6,Z,11.7,8.5,10.2
BENTLEY,CONTINENTAL GT,COMPACT,4,8,AS8,Z,16.1,9.4,13.1
BENTLEY,CONTINENTAL GT,COMPACT,6,12,AS8,Z,18.9,11.2,15.4
BENTLEY,CONTINENTAL GT CONVERTIBLE,SUBCOMPACT,4,8,AS8,Z,17.7,10.3,14.4
BENTLEY,CONTINENTAL GT CONVERTIBLE,SUBCOMPACT,6,12,AS8,Z,19.6,11.7,16
BENTLEY,CONTINENTAL GT3-R,TWO-SEATER,4,8,AS8,Z,17.6,10.1,14.2
BENTLEY,FLYING SPUR,MID-SIZE,4,8,AS8,Z,17.7,10,14.2
BENTLEY,FLYING SPUR,MID-SIZE,6,12,AS8,Z,20.3,11.9,16.5
BENTLEY,MULSANNE,MID-SIZE,6.8,8,AS8,Z,22.3,13.3,18.2
BMW,228i CABRIOLET,SUBCOMPACT,2,4,AS8,Z,10.4,7.1,8.9
BMW,228i COUPE,SUBCOMPACT,2,4,AS8,Z,10,6.5,8.4
BMW,228i COUPE,SUBCOMPACT,2,4,M6,Z,10.7,6.9,9
BMW,228i xDRIVE CABRIOLET,SUBCOMPACT,2,4,AS8,Z,10.6,7.2,9.1
BMW,228i xDRIVE COUPE,SUBCOMPACT,2,4,AS8,Z,10.3,6.7,8.7
BMW,320i SEDAN,COMPACT,2,4,AS8,Z,10,6.5,8.4
BMW,320i SEDAN,COMPACT,2,4,M6,Z,10.7,6.9,9
BMW,320i xDRIVE SEDAN,COMPACT,2,4,AS8,Z,10.3,6.7,8.7
BMW,328d xDRIVE SEDAN,COMPACT,2,4,AS8,D,7.6,5.5,6.7
BMW,328d xDRIVE TOURING,STATION WAGON - SMALL,2,4,AS8,D,7.6,5.5,6.7
BMW,328i SEDAN,COMPACT,2,4,AS8,Z,10,6.5,8.4
BMW,328i SEDAN,COMPACT,2,4,M6,Z,10.7,6.9,9
BMW,328i xDRIVE SEDAN,COMPACT,2,4,AS8,Z,10.6,7.2,9.1
BMW,328i xDRIVE GRAN TURISMO,FULL-SIZE,2,4,AS8,Z,10.6,7.2,9.1
BMW,328i xDRIVE TOURING,STATION WAGON - SMALL,2,4,AS8,Z,10.6,7.2,9.1
BMW,335i SEDAN,COMPACT,3,6,AS8,Z,11.4,7.4,9.6
BMW,335i SEDAN,COMPACT,3,6,M6,Z,11.5,7.8,9.8
BMW,335i xDRIVE SEDAN,COMPACT,3,6,AS8,Z,11.9,7.8,10
BMW,335i xDRIVE SEDAN,COMPACT,3,6,M6,Z,12,8.3,10.3
BMW,335i xDRIVE GRAN TURISMO,FULL-SIZE,3,6,AS8,Z,11.9,7.8,10
BMW,428i CABRIOLET,SUBCOMPACT,2,4,AS8,Z,10.4,7.1,8.9
BMW,428i COUPE,COMPACT,2,4,AS8,Z,10,6.5,8.4
BMW,428i COUPE,COMPACT,2,4,M6,Z,10.7,6.9,9
BMW,428i GRAN COUPE,COMPACT,2,4,AS8,Z,10.4,7.1,8.9
BMW,428i GRAN COUPE,COMPACT,2,4,M6,Z,10.9,6.8,9
BMW,428i xDRIVE CABRIOLET,SUBCOMPACT,2,4,AS8,Z,11.2,7.5,9.6
BMW,428i xDRIVE COUPE,COMPACT,2,4,AS8,Z,10.6,7.2,9.1
BMW,428i xDRIVE GRAN COUPE,COMPACT,2,4,AS8,Z,10.6,7.2,9.1
BMW,435i CABRIOLET,SUBCOMPACT,3,6,AS8,Z,11.8,7.6,9.9
BMW,435i COUPE,COMPACT,3,6,AS8,Z,11.4,7.4,9.6
BMW,435i COUPE,COMPACT,3,6,M6,Z,11.5,7.8,9.8
BMW,435i GRAN COUPE,COMPACT,3,6,AS8,Z,11.4,7.4,9.6
BMW,435i xDRIVE CABRIOLET,SUBCOMPACT,3,6,AS8,Z,12.1,8.1,10.3
BMW,435i xDRIVE COUPE,COMPACT,3,6,AS8,Z,11.9,7.8,10
BMW,435i xDRIVE COUPE,COMPACT,3,6,M6,Z,12,8.3,10.3
BMW,435i xDRIVE GRAN COUPE,COMPACT,3,6,AS8,Z,11.9,7.8,10
BMW,528i SEDAN,MID-SIZE,2,4,AS8,Z,10.4,7.1,8.9
BMW,528i xDRIVE SEDAN,MID-SIZE,2,4,AS8,Z,10.6,7.2,9.1
BMW,535d xDRIVE SEDAN,MID-SIZE,3,6,AS8,D,9.2,6.3,7.9
BMW,535i xDRIVE SEDAN,MID-SIZE,3,6,AS8,Z,12.1,8.1,10.3
BMW,535i xDRIVE GRAN TURISMO,FULL-SIZE,3,6,AS8,Z,12.8,8.9,11
BMW,550i xDRIVE SEDAN,MID-SIZE,4.4,8,AS8,Z,14.4,9.7,12.3
BMW,550i xDRIVE GRAN TURISMO,FULL-SIZE,4.4,8,AS8,Z,15.2,9.8,12.8
BMW,640i xDRIVE CABRIOLET,SUBCOMPACT,3,6,AS8,Z,12.1,8.1,10.3
BMW,640i xDRIVE GRAN COUPE,COMPACT,3,6,AS8,Z,12.1,8.1,10.3
BMW,650i xDRIVE CABRIOLET,SUBCOMPACT,4.4,8,AS8,Z,15.2,9.8,12.8
BMW,650i xDRIVE COUPE,COMPACT,4.4,8,AS8,Z,14.4,9.7,12.3
BMW,650i xDRIVE GRAN COUPE,COMPACT,4.4,8,AS8,Z,15.2,9.8,12.8
BMW,740Ld xDRIVE SEDAN,FULL-SIZE,3,6,AS8,D,10.2,7.1,8.8
BMW,740Li xDRIVE SEDAN,FULL-SIZE,3,6,AS8,Z,12.1,8.1,10.3
BMW,750i xDRIVE SEDAN,FULL-SIZE,4.4,8,AS8,Z,15.2,9.8,12.8
BMW,750Li xDRIVE SEDAN,FULL-SIZE,4.4,8,AS8,Z,15.2,9.8,12.8
BMW,760Li SEDAN,FULL-SIZE,6,12,AS8,Z,18.7,11.6,15.5
BMW,ACTIVEHYBRID 3,COMPACT,3,6,AS8,Z,9.7,7.5,8.7
BMW,ACTIVEHYBRID 5,MID-SIZE,3,6,AS8,Z,10.6,7.9,9.4
BMW,ACTIVEHYBRID 7L,FULL-SIZE,3,6,AS8,Z,10.6,7.7,9.3
BMW,ALPINA B6 xDRIVE GRAN COUPE,COMPACT,4.4,8,AS8,Z,15.2,9.8,12.8
BMW,ALPINA B7 xDRIVE LWB,FULL-SIZE,4.4,8,AS8,Z,15.2,9.8,12.8
BMW,ALPINA B7 xDRIVE SWB,FULL-SIZE,4.4,8,AS8,Z,15.2,9.8,12.8
BMW,M235i CABRIOLET,SUBCOMPACT,3,6,AS8,Z,11.8,8.1,10.2
BMW,M235i CABRIOLET,SUBCOMPACT,3,6,M6,Z,12.3,9,10.8
BMW,M235i COUPE,SUBCOMPACT,3,6,AS8,Z,11.8,8.1,10.2
BMW,M235i COUPE,SUBCOMPACT,3,6,M6,Z,11.9,8.5,10.4
BMW,M235i xDRIVE COUPE,SUBCOMPACT,3,6,AS8,Z,11.9,7.8,10
BMW,M3 SEDAN,COMPACT,3,6,AM7,Z,14.2,9.6,12.1
BMW,M3 SEDAN,COMPACT,3,6,M6,Z,13.7,9,11.6
BMW,M4 CABRIOLET,SUBCOMPACT,3,6,AM7,Z,14.1,9.7,12.1
BMW,M4 CABRIOLET,SUBCOMPACT,3,6,M6,Z,14.1,9,11.8
BMW,M4 COUPE,COMPACT,3,6,AM7,Z,14.1,9.7,12.1
BMW,M4 COUPE,COMPACT,3,6,M6,Z,13.7,9,11.6
BMW,M5 SEDAN,MID-SIZE,4.4,8,AM7,Z,17.3,11.5,14.7
BMW,M5 SEDAN,MID-SIZE,4.4,8,M6,Z,16.1,10.8,13.7
BMW,M6 CABRIOLET,SUBCOMPACT,4.4,8,AM7,Z,17.3,11.5,14.7
BMW,M6 CABRIOLET,SUBCOMPACT,4.4,8,M6,Z,16.1,10.8,13.7
BMW,M6 COUPE,COMPACT,4.4,8,AM7,Z,17.3,11.5,14.7
BMW,M6 COUPE,COMPACT,4.4,8,M6,Z,16.1,10.8,13.7
BMW,M6 GRAN COUPE,COMPACT,4.4,8,AM7,Z,17.3,11.5,14.7
BMW,M6 GRAN COUPE,COMPACT,4.4,8,M6,Z,16.1,10.8,13.7
BMW,X1 xDRIVE28i,SUV - SMALL,2,4,AS8,Z,10.6,7.2,9.1
BMW,X1 xDRIVE35i,SUV - SMALL,3,6,AS8,Z,13.2,8.9,11.2
BMW,X3 xDRIVE28d,SUV - SMALL,2,4,AS8,D,8.6,6.9,7.9
BMW,X3 xDRIVE28i,SUV - SMALL,2,4,AS8,Z,11.1,8.4,9.9
BMW,X3 xDRIVE35i,SUV - SMALL,3,6,AS8,Z,12.7,8.8,10.9
BMW,X4 xDRIVE28i,SUV - SMALL,2,4,AS8,Z,11.7,8.4,10.2
BMW,X4 xDRIVE35i,SUV - SMALL,3,6,AS8,Z,12.7,8.8,10.9
BMW,X5 M,SUV - STANDARD,4.4,8,AS8,Z,16.6,12.1,14.6
BMW,X5 xDRIVE35d,SUV - STANDARD,3,6,AS8,D,9.9,7.2,8.7
BMW,X5 xDRIVE35i,SUV - STANDARD,3,6,AS8,Z,13,8.9,11.1
BMW,X5 xDRIVE50i,SUV - STANDARD,4.4,8,AS8,Z,16.1,10.9,13.8
BMW,X6 M,SUV - STANDARD,4.4,8,AS8,Z,16.6,12.1,14.6
BMW,X6 xDRIVE35i,SUV - STANDARD,3,6,AS8,Z,13,8.9,11.1
BMW,X6 xDRIVE50i,SUV - STANDARD,4.4,8,AS8,Z,16.1,10.9,13.8
BMW,Z4 sDRIVE28i,TWO-SEATER,2,4,AS8,Z,10.7,7.1,9.1
BMW,Z4 sDRIVE28i,TWO-SEATER,2,4,M6,Z,10.7,6.9,9
BMW,Z4 sDRIVE35i,TWO-SEATER,3,6,AM7,Z,13.7,10,12.1
BMW,Z4 sDRIVE35i,TWO-SEATER,3,6,M6,Z,12.7,9,11
BMW,Z4 sDRIVE35is,TWO-SEATER,3,6,AM7,Z,13.7,10,12.1
BUICK,ENCLAVE,SUV - STANDARD,3.6,6,A6,X,14.2,9.9,12.3
BUICK,ENCLAVE AWD,SUV - STANDARD,3.6,6,A6,X,14.6,10.2,12.6
BUICK,ENCORE,SUV - SMALL,1.4,4,AS6,X,9.5,7.2,8.5
BUICK,ENCORE AWD,SUV - SMALL,1.4,4,AS6,X,10.2,8,9.2
BUICK,LACROSSE,MID-SIZE,3.6,6,AS6,X,13.7,8.6,11.4
BUICK,LACROSSE,MID-SIZE,3.6,6,AS6,E,18.7,12.4,15.8
BUICK,LACROSSE AWD,MID-SIZE,3.6,6,AS6,X,13.9,9.1,11.7
BUICK,LACROSSE AWD,MID-SIZE,3.6,6,AS6,E,18.6,12.6,15.9
BUICK,LACROSSE eASSIST,MID-SIZE,2.4,4,AS6,X,9.6,6.5,8.2
BUICK,REGAL,MID-SIZE,2,4,AS6,Z,11.4,7.9,9.8
BUICK,REGAL,MID-SIZE,2,4,M6,Z,11.6,7.6,9.8
BUICK,REGAL AWD,MID-SIZE,2,4,AS6,Z,12.4,8.7,10.7
BUICK,REGAL eASSIST,MID-SIZE,2.4,4,AS6,X,9.6,6.5,8.2
BUICK,VERANO,COMPACT,2,4,AS6,Z,11.4,7.9,9.8
BUICK,VERANO,COMPACT,2,4,M6,Z,11.6,7.6,9.8
BUICK,VERANO,COMPACT,2.4,4,AS6,X,11.1,7.4,9.4
CADILLAC,ATS,COMPACT,2,4,AS6,Z,11.1,7.9,9.7
CADILLAC,ATS,COMPACT,2,4,M6,Z,12.2,7.9,10.3
CADILLAC,ATS,COMPACT,2.5,4,AS6,X,11.1,7.2,9.3
CADILLAC,ATS,COMPACT,3.6,6,AS6,X,12.8,8.4,10.8
CADILLAC,ATS AWD,COMPACT,2,4,AS6,Z,11.5,8.5,10.2
CADILLAC,ATS AWD,COMPACT,3.6,6,AS6,X,12.8,8.9,11
CADILLAC,CTS,MID-SIZE,2,4,AS6,Z,11.5,7.9,9.9
CADILLAC,CTS,MID-SIZE,3.6,6,AS8,X,12.8,8.2,10.7
CADILLAC,CTS AWD,MID-SIZE,2,4,AS6,Z,12.3,8.5,10.6
CADILLAC,CTS AWD,MID-SIZE,3.6,6,AS6,X,12.8,8.9,11
CADILLAC,CTS Vsport,MID-SIZE,3.6,6,AS8,Z,15.1,9.9,12.7
CADILLAC,ESCALADE 4WD,SUV - STANDARD,6.2,8,A6,Z,16.2,11.4,14
CADILLAC,ESCALADE 4WD,SUV - STANDARD,6.2,8,A8,Z,15.9,11.1,13.8
CADILLAC,ESCALADE ESV 4WD,SUV - STANDARD,6.2,8,A6,Z,16.8,11.7,14.5
CADILLAC,ESCALADE ESV 4WD,SUV - STANDARD,6.2,8,A8,Z,16.4,11.7,14.3
CADILLAC,SRX,SUV - STANDARD,3.6,6,AS6,X,14.2,9.8,12.3
CADILLAC,SRX AWD,SUV - STANDARD,3.6,6,AS6,X,14.8,10.4,12.8
CADILLAC,XTS,FULL-SIZE,3.6,6,AS6,X,13.6,8.6,11.3
CADILLAC,XTS AWD,FULL-SIZE,3.6,6,AS6,X,13.7,8.9,11.6
CADILLAC,XTS Vsport AWD,FULL-SIZE,3.6,6,AS6,Z,14.8,9.9,12.6
CHEVROLET,CAMARO,COMPACT,3.6,6,AS6,X,13.3,8.8,11.3
CHEVROLET,CAMARO,COMPACT,3.6,6,M6,X,14,8.4,11.5
CHEVROLET,CAMARO,COMPACT,6.2,8,AS6,Z,15.3,9.8,12.8
CHEVROLET,CAMARO,COMPACT,6.2,8,M6,Z,15,9.9,12.7
CHEVROLET,CAMARO 2LS,COMPACT,3.6,6,AS6,X,12.6,7.9,10.5
CHEVROLET,CAMARO Z/28,COMPACT,6.2,8,M6,Z,18.1,12.3,15.5
CHEVROLET,CAMARO ZL1,COMPACT,6.2,8,AS6,Z,19.9,13,16.8
CHEVROLET,CAMARO ZL1,COMPACT,6.2,8,M6,Z,16.6,12.4,14.7
CHEVROLET,CITY EXPRESS,SPECIAL PURPOSE VEHICLE,2,4,AV,X,9.7,9,9.4
CHEVROLET,COLORADO,PICKUP TRUCK - SMALL,2.5,4,A6,X,11.9,8.8,10.5
CHEVROLET,COLORADO,PICKUP TRUCK - SMALL,2.5,4,M6,X,12.2,9.1,10.8
CHEVROLET,COLORADO,PICKUP TRUCK - SMALL,3.6,6,A6,X,13,9.2,11.3
CHEVROLET,COLORADO 4WD,PICKUP TRUCK - SMALL,2.5,4,A6,X,12.7,9.5,11.3
CHEVROLET,COLORADO 4WD,PICKUP TRUCK - SMALL,3.6,6,A6,X,13.5,9.8,11.8
CHEVROLET,CORVETTE,TWO-SEATER,6.2,8,AS8,Z,14.6,8.1,11.7
CHEVROLET,CORVETTE,TWO-SEATER,6.2,8,M7,Z,13.7,8.2,11.2
CHEVROLET,CORVETTE Z06,TWO-SEATER,6.2,8,AS8,Z,17.7,10.2,14.3
CHEVROLET,CORVETTE Z06,TWO-SEATER,6.2,8,M7,Z,15.7,10.6,13.4
CHEVROLET,CRUZE,MID-SIZE,1.4,4,AS6,X,9.1,6.3,7.8
CHEVROLET,CRUZE,MID-SIZE,1.4,4,M6,X,9,6.2,7.8
CHEVROLET,CRUZE,MID-SIZE,1.8,4,AS6,X,10.5,6.8,8.8
CHEVROLET,CRUZE,MID-SIZE,1.8,4,M6,X,9.4,6.6,8.1
CHEVROLET,CRUZE DIESEL,MID-SIZE,2,4,AS6,D,8.7,5.1,7.1
CHEVROLET,CRUZE ECO,MID-SIZE,1.4,4,A6,X,9,6.1,7.7
CHEVROLET,CRUZE ECO,MID-SIZE,1.4,4,M6,X,8.4,5.6,7.1
CHEVROLET,EQUINOX,SUV - SMALL,2.4,4,A6,X,10.5,7.3,9.1
CHEVROLET,EQUINOX FFV,SUV - SMALL,2.4,4,A6,X,10.5,7.3,9.1
CHEVROLET,EQUINOX FFV,SUV - SMALL,2.4,4,A6,E,15.6,10.8,13.4
CHEVROLET,EQUINOX,SUV - SMALL,3.6,6,A6,X,14.2,9.5,12.1
CHEVROLET,EQUINOX AWD,SUV - SMALL,2.4,4,A6,X,11.5,8.2,10
CHEVROLET,EQUINOX AWD FFV,SUV - SMALL,2.4,4,A6,X,11.5,8.2,10
CHEVROLET,EQUINOX AWD FFV,SUV - SMALL,2.4,4,A6,E,16.3,11.6,14.2
CHEVROLET,EQUINOX AWD,SUV - SMALL,3.6,6,A6,X,14.8,9.9,12.6
CHEVROLET,EXPRESS 2500 PASSENGER,VAN - PASSENGER,4.8,8,A6,X,21,14.2,18
CHEVROLET,EXPRESS 2500 PASSENGER,VAN - PASSENGER,6,8,A6,X,22,14.9,18.8
CHEVROLET,EXPRESS 2500 PASSENGER FFV,VAN - PASSENGER,6,8,A6,X,22,14.9,18.8
CHEVROLET,EXPRESS 2500 PASSENGER FFV,VAN - PASSENGER,6,8,A6,E,30.3,20.5,25.9
CHEVROLET,EXPRESS 3500 PASSENGER,VAN - PASSENGER,4.8,8,A6,X,21.3,14.3,18.1
CHEVROLET,EXPRESS 3500 PASSENGER,VAN - PASSENGER,6,8,A6,X,22.2,15.1,19
CHEVROLET,EXPRESS 3500 PASSENGER FFV,VAN - PASSENGER,6,8,A6,X,22.2,15.1,19
CHEVROLET,EXPRESS 3500 PASSENGER FFV,VAN - PASSENGER,6,8,A6,E,30.6,20.6,26.1
CHEVROLET,IMPALA,FULL-SIZE,2.5,4,AS6,X,10.6,7.5,9.2
CHEVROLET,IMPALA,FULL-SIZE,3.6,6,AS6,X,12.5,8.2,10.6
CHEVROLET,IMPALA,FULL-SIZE,3.6,6,AS6,E,17,11.5,14.5
CHEVROLET,MALIBU,MID-SIZE,2,4,AS6,Z,11.4,7.9,9.8
CHEVROLET,MALIBU,MID-SIZE,2.5,4,AS6,X,9.3,6.4,8
CHEVROLET,SILVERADO,PICKUP TRUCK - STANDARD,4.3,6,A6,X,13.4,9.9,11.9
CHEVROLET,SILVERADO,PICKUP TRUCK - STANDARD,4.3,6,A6,E,19.3,14.3,17.1
CHEVROLET,SILVERADO,PICKUP TRUCK - STANDARD,5.3,8,A6,X,14.6,10.3,12.7
CHEVROLET,SILVERADO,PICKUP TRUCK - STANDARD,5.3,8,A6,E,19.9,13.8,17.2
CHEVROLET,SILVERADO,PICKUP TRUCK - STANDARD,6.2,8,A8,Z,16.1,11.4,14
CHEVROLET,SILVERADO 4WD,PICKUP TRUCK - STANDARD,4.3,6,A6,X,14.1,10.6,12.5
CHEVROLET,SILVERADO 4WD,PICKUP TRUCK - STANDARD,4.3,6,A6,E,20.3,15.2,18
CHEVROLET,SILVERADO 4WD,PICKUP TRUCK - STANDARD,5.3,8,A6,X,14.9,10.7,13
CHEVROLET,SILVERADO 4WD,PICKUP TRUCK - STANDARD,5.3,8,A6,E,20.2,14.3,17.5
CHEVROLET,SILVERADO 4WD,PICKUP TRUCK - STANDARD,6.2,8,A8,Z,16.3,11.6,14.2
CHEVROLET,SONIC,COMPACT,1.4,4,AS6,X,9,6.8,8
CHEVROLET,SONIC,COMPACT,1.4,4,M6,X,8.5,6.2,7.5
CHEVROLET,SONIC,COMPACT,1.8,4,AS6,X,9.6,6.7,8.3
CHEVROLET,SONIC,COMPACT,1.8,4,M5,X,9,6.8,8
CHEVROLET,SONIC RS,COMPACT,1.4,4,AS6,X,9.4,7,8.3
CHEVROLET,SONIC RS,COMPACT,1.4,4,M6,X,8.9,6.9,8
CHEVROLET,SONIC 5,MID-SIZE,1.4,4,AS6,X,9,6.8,8
CHEVROLET,SONIC 5,MID-SIZE,1.4,4,M6,X,8.5,6.2,7.5
CHEVROLET,SONIC 5,MID-SIZE,1.8,4,AS6,X,9.6,6.7,8.3
CHEVROLET,SONIC 5,MID-SIZE,1.8,4,M5,X,9,6.8,8
CHEVROLET,SONIC 5 RS,MID-SIZE,1.4,4,AS6,X,9.4,7,8.3
CHEVROLET,SONIC 5 RS,MID-SIZE,1.4,4,M6,X,8.9,6.9,8
CHEVROLET,SPARK,SUBCOMPACT,1.2,4,AV,X,7.7,6.1,7
CHEVROLET,SPARK,SUBCOMPACT,1.2,4,M5,X,7.5,6,6.8
CHEVROLET,SUBURBAN,SUV - STANDARD,5.3,8,A6,X,14.9,10.1,12.7
CHEVROLET,SUBURBAN,SUV - STANDARD,5.3,8,A6,E,20.2,13.6,17.2
CHEVROLET,SUBURBAN 4WD,SUV - STANDARD,5.3,8,A6,X,15.4,10.8,13.3
CHEVROLET,SUBURBAN 4WD,SUV - STANDARD,5.3,8,A6,E,22.1,15.4,19.1
CHEVROLET,TAHOE,SUV - STANDARD,5.3,8,A6,X,14.9,10.1,12.7
CHEVROLET,TAHOE,SUV - STANDARD,5.3,8,A6,E,20.2,13.6,17.2
CHEVROLET,TAHOE 4WD,SUV - STANDARD,5.3,8,A6,X,15.1,10.4,13
CHEVROLET,TAHOE 4WD,SUV - STANDARD,5.3,8,A6,E,20.5,14,17.6
CHEVROLET,TRAVERSE,SUV - STANDARD,3.6,6,A6,X,14.2,9.9,12.3
CHEVROLET,TRAVERSE AWD,SUV - STANDARD,3.6,6,A6,X,14.6,10.2,12.6
CHEVROLET,TRAX,SUV - SMALL,1.4,4,AS6,X,9.2,7,8.2
CHEVROLET,TRAX,SUV - SMALL,1.4,4,M6,X,9.1,6.9,8.1
CHEVROLET,TRAX AWD,SUV - SMALL,1.4,4,AS6,X,9.7,7.6,8.7
CHRYSLER,200,MID-SIZE,2.4,4,A9,X,10.2,6.4,8.5
CHRYSLER,200 FFV,MID-SIZE,2.4,4,A9,X,10.2,6.4,8.5
CHRYSLER,200 FFV,MID-SIZE,2.4,4,A9,E,13.6,8.5,11.3
CHRYSLER,200,MID-SIZE,3.6,6,A9,X,12.4,7.5,10.2
CHRYSLER,200 FFV,MID-SIZE,3.6,6,A9,X,12.4,7.5,10.2
CHRYSLER,200 FFV,MID-SIZE,3.6,6,A9,E,16.5,10.1,13.6
CHRYSLER,200 AWD,MID-SIZE,3.6,6,A9,X,12.8,8.1,10.7
CHRYSLER,200 AWD FFV,MID-SIZE,3.6,6,A9,X,12.8,8.1,10.7
CHRYSLER,200 AWD FFV,MID-SIZE,3.6,6,A9,E,16.9,10.8,14.1
CHRYSLER,300,FULL-SIZE,3.6,6,A8,X,12.4,7.7,10.3
CHRYSLER,300 FFV,FULL-SIZE,3.6,6,A8,X,12.4,7.7,10.3
CHRYSLER,300 FFV,FULL-SIZE,3.6,6,A8,E,16.8,10.3,13.9
CHRYSLER,300 (MDS),FULL-SIZE,5.7,8,A8,X,14.8,9.3,12.3
CHRYSLER,300 AWD,FULL-SIZE,3.6,6,A8,X,12.8,8.6,10.9
CHRYSLER,300 AWD FFV,FULL-SIZE,3.6,6,A8,X,12.8,8.6,10.9
CHRYSLER,300 AWD FFV,FULL-SIZE,3.6,6,A8,E,17.3,11.7,14.8
CHRYSLER,TOWN & COUNTRY FFV,MINIVAN,3.6,6,A6,X,14.1,9.5,12
CHRYSLER,TOWN & COUNTRY FFV,MINIVAN,3.6,6,A6,E,19.7,13.3,16.8
DODGE,CHALLENGER,MID-SIZE,3.6,6,A8,X,12.4,7.8,10.3
DODGE,CHALLENGER,MID-SIZE,5.7,8,M6,X,15.6,10,13.1
DODGE,CHALLENGER,MID-SIZE,6.4,8,M6,Z,16.8,10.4,13.9
DODGE,CHALLENGER (MDS),MID-SIZE,5.7,8,A8,X,14.8,9.3,12.3
DODGE,CHALLENGER (MDS),MID-SIZE,6.4,8,A8,Z,15.7,9.5,12.9
DODGE,CHALLENGER SRT,MID-SIZE,6.4,8,M6,Z,16.8,10.4,13.9
DODGE,CHALLENGER SRT (MDS),MID-SIZE,6.4,8,A8,Z,15.7,9.5,12.9
DODGE,CHALLENGER SRT HELLCAT,MID-SIZE,6.2,8,A8,Z,18,10.7,14.7
DODGE,CHALLENGER SRT HELLCAT,MID-SIZE,6.2,8,M6,Z,18.1,11.4,15.1
DODGE,CHARGER,FULL-SIZE,3.6,6,A5,X,13.7,8.9,11.5
DODGE,CHARGER FFV,FULL-SIZE,3.6,6,A5,X,13.7,8.9,11.5
DODGE,CHARGER FFV,FULL-SIZE,3.6,6,A5,E,18.7,12.4,15.9
DODGE,CHARGER,FULL-SIZE,3.6,6,A8,X,12.4,7.7,10.3
DODGE,CHARGER FFV,FULL-SIZE,3.6,6,A8,X,12.4,7.7,10.3
DODGE,CHARGER FFV,FULL-SIZE,3.6,6,A8,E,16.8,10.3,13.9
DODGE,CHARGER (MDS),FULL-SIZE,5.7,8,A5,X,15.7,9.6,12.9
DODGE,CHARGER (MDS),FULL-SIZE,5.7,8,A8,X,14.8,9.3,12.3
DODGE,CHARGER AWD,FULL-SIZE,3.6,6,A8,X,12.8,8.6,10.9
DODGE,CHARGER AWD FFV,FULL-SIZE,3.6,6,A8,X,12.8,8.6,10.9
DODGE,CHARGER AWD FFV,FULL-SIZE,3.6,6,A8,E,17.3,11.7,14.8
DODGE,CHARGER AWD (MDS),FULL-SIZE,5.7,8,A5,X,16.1,10,13.4
DODGE,CHARGER SRT 392 HEMI,FULL-SIZE,6.4,8,A8,Z,15.7,9.5,12.9
DODGE,CHARGER SRT HELLCAT,FULL-SIZE,6.2,8,A8,Z,18,10.7,14.7
DODGE,DART,MID-SIZE,2,4,M6,X,9.4,6.5,8.1
DODGE,DART FFV,MID-SIZE,2,4,A6,X,9.9,7,8.6
DODGE,DART FFV,MID-SIZE,2,4,A6,E,13.3,9.3,11.5
DODGE,DART,MID-SIZE,2.4,4,A6,X,10.1,6.8,8.6
DODGE,DART,MID-SIZE,2.4,4,M6,X,10.5,6.7,8.8
DODGE,DART GT,MID-SIZE,2.4,4,A6,X,10.6,7.5,9.2
DODGE,DART GT,MID-SIZE,2.4,4,M6,X,10.2,7,8.8
DODGE,DART TURBO AERO,MID-SIZE,1.4,4,AM6,X,8.4,5.9,7.3
DODGE,DART TURBO AERO,MID-SIZE,1.4,4,M6,X,8.5,5.8,7.3
DODGE,DURANGO AWD FFV,SUV - STANDARD,3.6,6,A8,X,13.9,9.8,12.1
DODGE,DURANGO AWD FFV,SUV - STANDARD,3.6,6,A8,E,17.7,13,15.6
DODGE,DURANGO AWD (MDS),SUV - STANDARD,5.7,8,A8,X,17.3,11.5,14.7
DODGE,GRAND CARAVAN FFV,MINIVAN,3.6,6,A6,X,13.7,9.4,11.8
DODGE,GRAND CARAVAN FFV,MINIVAN,3.6,6,A6,E,19.2,13.1,16.4
DODGE,JOURNEY,SUV - SMALL,2.4,4,A4,X,12.7,9.1,11.1
DODGE,JOURNEY FFV,SUV - SMALL,3.6,6,A6,X,14.2,9.4,12.1
DODGE,JOURNEY FFV,SUV - SMALL,3.6,6,A6,E,18.9,12.9,16.2
DODGE,JOURNEY AWD,SUV - SMALL,3.6,6,A6,X,14.5,9.9,12.4
DODGE,VIPER SRT COUPE,TWO-SEATER,8.4,10,M6,Z,19.4,11.3,15.8
FIAT,500 CABRIO,MINICOMPACT,1.4,4,A6,X,8.7,6.9,7.9
FIAT,500 CABRIO,MINICOMPACT,1.4,4,M5,X,7.9,6.3,7.2
FIAT,500 HATCHBACK,MINICOMPACT,1.4,4,A6,X,8.7,6.9,7.9
FIAT,500 HATCHBACK,MINICOMPACT,1.4,4,M5,X,7.6,5.9,6.8
FIAT,500 HATCHBACK TURBO,MINICOMPACT,1.4,4,A6,X,9.6,7.3,8.6
FIAT,500 HATCHBACK TURBO,MINICOMPACT,1.4,4,M5,X,8.5,6.9,7.8
FIAT,500 ABARTH CABRIO,MINICOMPACT,1.4,4,A6,X,9.6,7.3,8.6
FIAT,500 ABARTH CABRIO,MINICOMPACT,1.4,4,M5,X,8.5,6.9,7.8
FIAT,500 ABARTH HATCHBACK,MINICOMPACT,1.4,4,A6,X,9.6,7.3,8.6
FIAT,500 ABARTH HATCHBACK,MINICOMPACT,1.4,4,M5,X,8.5,6.9,7.8
FIAT,500L,STATION WAGON - SMALL,1.4,4,A6,X,10.6,7.8,9.4
FIAT,500L,STATION WAGON - SMALL,1.4,4,AM6,X,9.9,7.2,8.7
FIAT,500L,STATION WAGON - SMALL,1.4,4,M6,X,9.3,7.1,8.3
FORD,C-MAX HYBRID,FULL-SIZE,2,4,AV,X,5.6,6.4,6
FORD,EDGE,SUV - SMALL,2,4,AS6,X,11.5,7.8,9.8
FORD,EDGE (Start/Stop),SUV - SMALL,2,4,AS6,X,11.3,7.9,9.8
FORD,EDGE,SUV - SMALL,3.5,6,AS6,X,13.2,9,11.3
FORD,EDGE AWD,SUV - SMALL,2,4,AS6,X,11.8,8.4,10.3
FORD,EDGE AWD,SUV - SMALL,3.5,6,AS6,X,13.7,9.6,11.8
FORD,EDGE SPORT AWD,SUV - SMALL,2.7,6,AS6,X,13.6,9.8,11.9
FORD,ESCAPE,SUV - SMALL,1.6,4,AS6,X,10.4,7.4,9
FORD,ESCAPE,SUV - SMALL,2,4,AS6,X,10.9,8,9.6
FORD,ESCAPE,SUV - SMALL,2.5,4,AS6,X,10.9,7.6,9.5
FORD,ESCAPE AWD,SUV - SMALL,1.6,4,AS6,X,10.6,8,9.4
FORD,ESCAPE AWD,SUV - SMALL,2,4,AS6,X,11.4,8.4,10.1
FORD,EXPEDITION 4X4,SUV - STANDARD,3.5,6,AS6,X,16.2,11.8,14.2
FORD,EXPEDITION MAX 4X4,SUV - STANDARD,3.5,6,AS6,X,16.4,12,14.4
FORD,EXPLORER,SUV - STANDARD,2,4,A6,X,11.9,8.5,10.4
FORD,EXPLORER FFV,SUV - STANDARD,3.5,6,AS6,X,13.7,9.7,11.9
FORD,EXPLORER FFV,SUV - STANDARD,3.5,6,AS6,E,18.6,13,16.1
FORD,EXPLORER AWD (EcoBoost),SUV - STANDARD,3.5,6,AS6,X,14.9,10.7,13
FORD,EXPLORER FFV AWD,SUV - STANDARD,3.5,6,AS6,X,14.2,10.3,12.5
FORD,EXPLORER FFV AWD,SUV - STANDARD,3.5,6,AS6,E,19.2,14.1,16.9
FORD,F-150,PICKUP TRUCK - STANDARD,2.7,6,AS6,X,12.2,9.2,10.8
FORD,F-150,PICKUP TRUCK - STANDARD,3.5,6,AS6,X,13.7,9.9,12
FORD,F-150 FFV,PICKUP TRUCK - STANDARD,3.5,6,A6,X,13.2,9.6,11.5
FORD,F-150 FFV,PICKUP TRUCK - STANDARD,3.5,6,A6,E,17.9,13,15.7
FORD,F-150 FFV,PICKUP TRUCK - STANDARD,5,8,AS6,X,15.5,10.6,13.3
FORD,F-150 FFV,PICKUP TRUCK - STANDARD,5,8,AS6,E,20.7,14.3,17.9
FORD,F-150 4X4,PICKUP TRUCK - STANDARD,2.7,6,AS6,X,13.3,10.4,12
FORD,F-150 4X4,PICKUP TRUCK - STANDARD,3.5,6,AS6,X,14.2,10.4,12.5
FORD,F-150 FFV 4X4,PICKUP TRUCK - STANDARD,3.5,6,A6,X,13.9,10.5,12.4
FORD,F-150 FFV 4X4,PICKUP TRUCK - STANDARD,3.5,6,A6,E,18.9,14.2,16.8
FORD,F-150 FFV 4X4,PICKUP TRUCK - STANDARD,5,8,AS6,X,16,11.3,13.9
FORD,F-150 FFV 4X4,PICKUP TRUCK - STANDARD,5,8,AS6,E,21.7,15.1,18.7
FORD,FIESTA,SUBCOMPACT,1.6,4,AS6,X,8.7,6.4,7.6
FORD,FIESTA,SUBCOMPACT,1.6,4,M5,X,8.5,6.5,7.6
FORD,FIESTA SFE,SUBCOMPACT,1,3,M5,X,7.5,5.5,6.6
FORD,FIESTA SFE,SUBCOMPACT,1.6,4,AS6,X,8.4,6.2,7.4
FORD,FIESTA ST,SUBCOMPACT,1.6,4,M6,X,8.9,6.8,8
FORD,FLEX,SUV - STANDARD,3.5,6,AS6,X,13.3,9.5,11.6
FORD,FLEX AWD,SUV - STANDARD,3.5,6,AS6,X,13.7,10.1,12.1
FORD,FLEX AWD (EcoBoost),SUV - STANDARD,3.5,6,AS6,X,14.6,10.4,12.8
FORD,FOCUS,COMPACT,1,3,M6,X,8.1,5.9,7.1
FORD,FOCUS,COMPACT,2,4,M6,X,10.2,7.3,8.9
FORD,FOCUS FFV,COMPACT,2,4,AM6,X,8.9,6.2,7.7
FORD,FOCUS FFV,COMPACT,2,4,AM6,E,11.9,8.5,10.4
FORD,FOCUS FFV,COMPACT,2,4,AS6,X,9.1,6.3,7.8
FORD,FOCUS FFV,COMPACT,2,4,AS6,E,12.2,8.6,10.6
FORD,FOCUS FFV,COMPACT,2,4,M5,X,9.3,6.7,8.1
FORD,FOCUS FFV,COMPACT,2,4,M5,E,12.4,9.1,10.9
FORD,FUSION,MID-SIZE,1.5,4,AS6,X,9.9,6.5,8.4
FORD,FUSION (Start/Stop),MID-SIZE,1.5,4,AS6,X,9.4,6.3,8
FORD,FUSION,MID-SIZE,2,4,AS6,X,10.5,7,8.9
FORD,FUSION,MID-SIZE,2.5,4,AS6,X,10.6,7,8.9
FORD,FUSION AWD,MID-SIZE,2,4,AS6,X,10.8,7.5,9.3
FORD,FUSION HYBRID,MID-SIZE,2,4,AV,X,5.4,5.8,5.5
FORD,MUSTANG,SUBCOMPACT,2.3,4,AS6,X,11,7.4,9.4
FORD,MUSTANG,SUBCOMPACT,2.3,4,M6,X,10.6,7.5,9.2
FORD,MUSTANG,SUBCOMPACT,3.7,6,AS6,X,12.6,8.5,10.7
FORD,MUSTANG,SUBCOMPACT,3.7,6,M6,X,13.5,8.3,11.2
FORD,MUSTANG,SUBCOMPACT,5,8,AS6,X,14.9,9.5,12.4
FORD,MUSTANG,SUBCOMPACT,5,8,M6,X,15.2,9.3,12.5
FORD,MUSTANG CONVERTIBLE,SUBCOMPACT,2.3,4,AS6,X,11.6,7.9,9.9
FORD,MUSTANG CONVERTIBLE,SUBCOMPACT,5,8,AS6,X,15.4,10,13
FORD,T-150 WAGON,VAN - PASSENGER,3.5,6,AS6,X,16.6,12.5,14.7
FORD,T-150 WAGON FFV,VAN - PASSENGER,3.7,6,AS6,X,16.6,12.6,14.8
FORD,T-150 WAGON FFV,VAN - PASSENGER,3.7,6,AS6,E,22.1,16.7,19.7
FORD,TAURUS,FULL-SIZE,2,4,AS6,X,10.5,7.4,9.1
FORD,TAURUS AWD,FULL-SIZE,3.5,6,AS6,X,13.9,9.5,11.9
FORD,TAURUS FFV,FULL-SIZE,3.5,6,AS6,X,12.2,8.2,10.4
FORD,TAURUS FFV,FULL-SIZE,3.5,6,AS6,E,17.4,11.3,14.7
FORD,TAURUS FFV AWD,FULL-SIZE,3.5,6,AS6,X,13,9.1,11.3
FORD,TAURUS FFV AWD,FULL-SIZE,3.5,6,AS6,E,18.8,12.6,16
FORD,TRANSIT CONNECT VAN,SPECIAL PURPOSE VEHICLE,1.6,4,AS6,X,10.6,7.9,9.4
FORD,TRANSIT CONNECT VAN,SPECIAL PURPOSE VEHICLE,2.5,4,AS6,X,11.3,8.2,9.9
FORD,TRANSIT CONNECT WAGON,SPECIAL PURPOSE VEHICLE,2.5,4,AS6,X,11.7,8.4,10.2
FORD,TRANSIT CONNECT WAGON TAXI,SPECIAL PURPOSE VEHICLE,2.5,4,AS6,X,12,8.5,10.4
GMC,ACADIA,SUV - STANDARD,3.6,6,A6,X,14.2,9.9,12.3
GMC,ACADIA AWD,SUV - STANDARD,3.6,6,A6,X,14.6,10.2,12.6
GMC,CANYON,PICKUP TRUCK - SMALL,2.5,4,A6,X,11.9,8.8,10.5
GMC,CANYON,PICKUP TRUCK - SMALL,2.5,4,M6,X,12.2,9.1,10.8
GMC,CANYON,PICKUP TRUCK - SMALL,3.6,6,A6,X,13,9.2,11.3
GMC,CANYON 4WD,PICKUP TRUCK - SMALL,2.5,4,A6,X,12.7,9.5,11.3
GMC,CANYON 4WD,PICKUP TRUCK - SMALL,3.6,6,A6,X,13.5,9.8,11.8
GMC,SAVANA 2500 PASSENGER,VAN - PASSENGER,4.8,8,A6,X,21,14.2,18
GMC,SAVANA 2500 PASSENGER,VAN - PASSENGER,6,8,A6,X,22,14.9,18.8
GMC,SAVANA 2500 PASSENGER FFV,VAN - PASSENGER,6,8,A6,X,22,14.9,18.8
GMC,SAVANA 2500 PASSENGER FFV,VAN - PASSENGER,6,8,A6,E,30.3,20.5,25.9
GMC,SAVANA 3500 PASSENGER,VAN - PASSENGER,4.8,8,A6,X,21.3,14.3,18.1
GMC,SAVANA 3500 PASSENGER,VAN - PASSENGER,6,8,A6,X,22.2,15.1,19
GMC,SAVANA 3500 PASSENGER FFV,VAN - PASSENGER,6,8,A6,X,22.2,15.1,19
GMC,SAVANA 3500 PASSENGER FFV,VAN - PASSENGER,6,8,A6,E,30.6,20.6,26.1
GMC,SIERRA,PICKUP TRUCK - STANDARD,4.3,6,A6,X,13.4,9.9,11.9
GMC,SIERRA,PICKUP TRUCK - STANDARD,4.3,6,A6,E,19.3,14.3,17.1
GMC,SIERRA,PICKUP TRUCK - STANDARD,5.3,8,A6,X,14.6,10.3,12.7
GMC,SIERRA,PICKUP TRUCK - STANDARD,5.3,8,A6,E,19.9,13.8,17.2
GMC,SIERRA,PICKUP TRUCK - STANDARD,6.2,8,A8,Z,16.1,11.4,14
GMC,SIERRA 4WD,PICKUP TRUCK - STANDARD,4.3,6,A6,X,14.1,10.6,12.5
GMC,SIERRA 4WD,PICKUP TRUCK - STANDARD,4.3,6,A6,E,20.3,15.2,18
GMC,SIERRA 4WD,PICKUP TRUCK - STANDARD,5.3,8,A6,X,14.9,10.7,13
GMC,SIERRA 4WD,PICKUP TRUCK - STANDARD,5.3,8,A6,E,20.2,14.3,17.5
GMC,SIERRA 4WD,PICKUP TRUCK - STANDARD,6.2,8,A8,Z,16.3,11.6,14.2
GMC,TERRAIN,SUV - SMALL,2.4,4,A6,X,10.5,7.3,9.1
GMC,TERRAIN FFV,SUV - SMALL,2.4,4,A6,X,10.5,7.3,9.1
GMC,TERRAIN FFV,SUV - SMALL,2.4,4,A6,E,15.6,10.8,13.4
GMC,TERRAIN,SUV - SMALL,3.6,6,A6,X,14.2,9.5,12.1
GMC,TERRAIN AWD,SUV - SMALL,2.4,4,A6,X,11.5,8.2,10
GMC,TERRAIN AWD,SUV - SMALL,3.6,6,A6,X,14.8,9.9,12.6
GMC,YUKON,SUV - STANDARD,5.3,8,A6,X,14.9,10.1,12.7
GMC,YUKON,SUV - STANDARD,5.3,8,A6,E,20.2,13.6,17.2
GMC,YUKON 4WD,SUV - STANDARD,5.3,8,A6,X,15.1,10.4,13
GMC,YUKON 4WD,SUV - STANDARD,5.3,8,A6,E,20.5,14,17.6
GMC,YUKON DENALI 4WD,SUV - STANDARD,6.2,8,A6,Z,16.2,11.4,14
GMC,YUKON DENALI 4WD,SUV - STANDARD,6.2,8,A8,Z,15.9,11.1,13.8
GMC,YUKON XL,SUV - STANDARD,5.3,8,A6,X,14.9,10.1,12.7
GMC,YUKON XL,SUV - STANDARD,5.3,8,A6,E,20.2,13.6,17.2
GMC,YUKON XL 4WD,SUV - STANDARD,5.3,8,A6,X,15.4,10.8,13.3
GMC,YUKON XL 4WD,SUV - STANDARD,5.3,8,A6,E,22.1,15.4,19.1
GMC,YUKON XL DENALI 4WD,SUV - STANDARD,6.2,8,A6,Z,16.8,11.7,14.5
GMC,YUKON XL DENALI 4WD,SUV - STANDARD,6.2,8,A8,Z,16.4,11.7,14.3
HONDA,ACCORD,MID-SIZE,2.4,4,AV,X,8.8,6.5,7.8
HONDA,ACCORD,MID-SIZE,2.4,4,AV7,X,9,6.7,8
HONDA,ACCORD,MID-SIZE,2.4,4,M6,X,10.1,6.9,8.7
HONDA,ACCORD,MID-SIZE,3.5,6,A6,X,11,6.8,9.1
HONDA,ACCORD,MID-SIZE,3.5,6,AS6,X,11.4,7.3,9.5
HONDA,ACCORD,MID-SIZE,3.5,6,M6,X,13,8.4,10.9
HONDA,ACCORD HYBRID,MID-SIZE,2,4,AV,X,4.7,5.3,5
HONDA,CIVIC,COMPACT,1.8,4,AV,X,7.9,6.1,7.1
HONDA,CIVIC,COMPACT,1.8,4,AV7,X,8.1,6.2,7.2
HONDA,CIVIC,COMPACT,1.8,4,M5,X,8.6,6.6,7.7
HONDA,CIVIC Si,COMPACT,2.4,4,M6,Z,10.8,7.6,9.4
HONDA,CIVIC HYBRID,COMPACT,1.5,4,AV,X,5.3,5,5.2
HONDA,CR-V,SUV - SMALL,2.4,4,AV,X,8.6,6.9,7.8
HONDA,CR-V AWD,SUV - SMALL,2.4,4,AV,X,9.1,7.2,8.3
HONDA,CR-Z,TWO-SEATER,1.5,4,AV7,X,6.6,6,6.3
HONDA,CR-Z,TWO-SEATER,1.5,4,M6,X,7.6,6.1,6.9
HONDA,FIT,STATION WAGON - SMALL,1.5,4,AV,X,7,5.7,6.4
HONDA,FIT,STATION WAGON - SMALL,1.5,4,AV7,X,7.3,6.1,6.8
HONDA,FIT,STATION WAGON - SMALL,1.5,4,M6,X,8.1,6.4,7.3
HONDA,ODYSSEY,MINIVAN,3.5,6,A6,X,12.3,8.5,10.6
HONDA,PILOT,SUV - SMALL,3.5,6,A5,X,13.3,9.3,11.5
HONDA,PILOT 4WD,SUV - SMALL,3.5,6,A5,X,13.8,9.7,12
HYUNDAI,ACCENT,COMPACT,1.6,4,AS6,X,8.9,6.3,7.7
HYUNDAI,ACCENT,COMPACT,1.6,4,M6,X,8.7,6.3,7.6
HYUNDAI,ELANTRA,MID-SIZE,1.8,4,AS6,X,8.5,6.3,7.5
HYUNDAI,ELANTRA,MID-SIZE,1.8,4,M6,X,8.8,6.4,7.7
HYUNDAI,ELANTRA,MID-SIZE,2,4,AS6,X,9.7,6.7,8.3
HYUNDAI,ELANTRA,MID-SIZE,2,4,M6,X,9.8,7,8.5
HYUNDAI,ELANTRA COUPE,MID-SIZE,2,4,AS6,X,9.6,6.8,8.3
HYUNDAI,ELANTRA COUPE,MID-SIZE,2,4,M6,X,9.7,6.7,8.3
HYUNDAI,ELANTRA GT,MID-SIZE,2,4,AS6,X,9.7,7.2,8.6
HYUNDAI,ELANTRA GT,MID-SIZE,2,4,M6,X,9.8,6.9,8.5
HYUNDAI,EQUUS,FULL-SIZE,5,8,AS8,Z,15.8,10.2,13.3
HYUNDAI,GENESIS AWD,FULL-SIZE,3.8,6,AS8,X,14.4,9.4,12.1
HYUNDAI,GENESIS AWD,FULL-SIZE,5,8,AS8,Z,17.3,10.5,14.2
HYUNDAI,GENESIS COUPE,SUBCOMPACT,3.8,6,AS8,Z,14.6,9.6,12.3
HYUNDAI,GENESIS COUPE,SUBCOMPACT,3.8,6,M6,Z,14.4,9.9,12.4
HYUNDAI,SANTA FE,SUV - SMALL,3.3,6,AS6,X,12.9,9.4,11.3
HYUNDAI,SANTA FE AWD,SUV - SMALL,3.3,6,AS6,X,13,9.7,11.5
HYUNDAI,SANTA FE SPORT,SUV - SMALL,2.4,4,AS6,X,11.7,8.7,10.3
HYUNDAI,SANTA FE SPORT AWD,SUV - SMALL,2,4,AS6,X,12.9,9.8,11.5
HYUNDAI,SANTA FE SPORT AWD,SUV - SMALL,2.4,4,AS6,X,12.5,9.3,11.1
HYUNDAI,SANTA FE ULTIMATE AWD,SUV - SMALL,3.3,6,AS6,X,13.9,10.8,12.5
HYUNDAI,SONATA,FULL-SIZE,2,4,AS6,X,10.4,7.4,9.1
HYUNDAI,SONATA,FULL-SIZE,2.4,4,AS6,X,9.8,6.7,8.4
HYUNDAI,SONATA SPORT/LIMITED,FULL-SIZE,2.4,4,AS6,X,9.8,6.7,8.4
HYUNDAI,SONATA HYBRID,MID-SIZE,2.4,4,AS6,X,6.6,5.9,6.3
HYUNDAI,SONATA HYBRID LIMITED,MID-SIZE,2.4,4,AS6,X,6.6,5.9,6.3
HYUNDAI,TUCSON,SUV - SMALL,2,4,AS6,X,10.2,8.2,9.3
HYUNDAI,TUCSON,SUV - SMALL,2,4,M6,X,11.4,8.5,10.1
HYUNDAI,TUCSON,SUV - SMALL,2.4,4,AS6,X,11.3,8.3,10
HYUNDAI,TUCSON AWD,SUV - SMALL,2,4,AS6,X,11.4,9.3,10.4
HYUNDAI,TUCSON AWD,SUV - SMALL,2.4,4,AS6,X,11.6,9.3,10.6
HYUNDAI,VELOSTER,COMPACT,1.6,4,AM6,X,8.6,6.6,7.7
HYUNDAI,VELOSTER,COMPACT,1.6,4,M6,X,9,6.7,8
HYUNDAI,VELOSTER TURBO,COMPACT,1.6,4,AS6,X,9.9,7.6,8.8
HYUNDAI,VELOSTER TURBO,COMPACT,1.6,4,M6,X,9.7,7,8.5
INFINITI,Q50,MID-SIZE,3.7,6,AS7,Z,12,8.1,10.3
INFINITI,Q50 AWD,MID-SIZE,3.7,6,AS7,Z,12.5,8.7,10.8
INFINITI,Q50 HYBRID,COMPACT,3.5,6,AS7,Z,8.2,6.7,7.5
INFINITI,Q50 HYBRID AWD,COMPACT,3.5,6,AS7,Z,8.7,7.5,8.2
INFINITI,Q60,SUBCOMPACT,3.7,6,AS7,Z,12.4,8.7,10.7
INFINITI,Q60,SUBCOMPACT,3.7,6,M6,Z,13.6,9.3,11.6
INFINITI,Q60 AWD,SUBCOMPACT,3.7,6,AS7,Z,13.3,9.4,11.5
INFINITI,Q60 CONVERTIBLE,SUBCOMPACT,3.7,6,AS7,Z,13.6,9.3,11.7
INFINITI,Q60 CONVERTIBLE,SUBCOMPACT,3.7,6,M6,Z,14.3,9.8,12.3
INFINITI,Q70,MID-SIZE,3.7,6,AS7,Z,12.8,8.9,11
INFINITI,Q70,MID-SIZE,5.6,8,AS7,Z,14.8,9.5,12.4
INFINITI,Q70 AWD,MID-SIZE,3.7,6,AS7,Z,13.2,9.6,11.6
INFINITI,Q70 AWD,MID-SIZE,5.6,8,AS7,Z,15,10.2,12.9
INFINITI,Q70 HYBRID,MID-SIZE,3.5,6,AS7,Z,8,6.9,7.5
INFINITI,QX50 AWD,STATION WAGON - SMALL,3.7,6,AS7,Z,13.7,9.7,11.9
INFINITI,QX60,SUV - SMALL,3.5,6,AV7,Z,11.4,8.5,10.1
INFINITI,QX60 AWD,SUV - SMALL,3.5,6,AV7,Z,12.2,8.9,10.7
INFINITI,QX60 HYBRID AWD,SUV - STANDARD,2.5,4,AV7,X,8.9,8.4,8.7
INFINITI,QX70 AWD,SUV - SMALL,3.7,6,AS7,Z,14.6,10.7,12.8
INFINITI,QX80 4WD,SUV - STANDARD,5.6,8,AS7,Z,16.9,11.9,14.7
JAGUAR,F-TYPE CONVERTIBLE,TWO-SEATER,3,6,AS8,Z,11.8,8.4,10.3
JAGUAR,F-TYPE COUPE,TWO-SEATER,3,6,AS8,Z,11.8,8.4,10.3
JAGUAR,F-TYPE S CONVERTIBLE,TWO-SEATER,3,6,AS8,Z,12.2,8.7,10.6
JAGUAR,F-TYPE S COUPE,TWO-SEATER,3,6,AS8,Z,12.2,8.7,10.6
JAGUAR,F-TYPE V8 R COUPE,TWO-SEATER,5,8,AS8,Z,15,10.2,12.8
JAGUAR,F-TYPE V8 S CONVERTIBLE,TWO-SEATER,5,8,AS8,Z,15,10.2,12.8
JAGUAR,XF,MID-SIZE,2,4,AS8,Z,12.3,8.2,10.5
JAGUAR,XF AWD,MID-SIZE,3,6,AS8,Z,13.9,8.8,11.6
JAGUAR,XFR,MID-SIZE,5,8,AS8,Z,15.7,10.3,13.2
JAGUAR,XFR,MID-SIZE,5,8,AS8,E,21.3,14.1,18.1
JAGUAR,XFR-S,MID-SIZE,5,8,AS8,Z,15.7,10.3,13.2
JAGUAR,XJ AWD,FULL-SIZE,3,6,AS8,Z,14.6,9.6,12.4
JAGUAR,XJ SUPERCHARGED,FULL-SIZE,5,8,AS8,Z,15.8,10.2,13.3
JAGUAR,XJ SUPERCHARGED,FULL-SIZE,5,8,AS8,E,20.6,13.6,17.5
JAGUAR,XJL AWD PORTFOLIO,FULL-SIZE,3,6,AS8,Z,14.7,9.6,12.5
JAGUAR,XJL SUPERCHARGED,FULL-SIZE,5,8,AS8,Z,15.8,10.2,13.3
JAGUAR,XJL SUPERCHARGED,FULL-SIZE,5,8,AS8,E,20.6,13.6,17.5
JAGUAR,XJR,FULL-SIZE,5,8,AS8,Z,15.8,10.2,13.3
JAGUAR,XJR LWB,FULL-SIZE,5,8,AS8,Z,15.8,10.2,13.3
JAGUAR,XKR CONVERTIBLE,MINICOMPACT,5,8,AS6,Z,15.9,10.9,13.6
JAGUAR,XKR COUPE,MINICOMPACT,5,8,AS6,Z,15.6,10.9,13.4
JAGUAR,XKR-S CONVERTIBLE,MINICOMPACT,5,8,AS6,Z,15.9,10.9,13.6
JAGUAR,XKR-S COUPE,MINICOMPACT,5,8,AS6,Z,15.6,10.9,13.4
JEEP,CHEROKEE,SUV - SMALL,2.4,4,A9,X,10.9,7.7,9.5
JEEP,CHEROKEE FFV,SUV - SMALL,2.4,4,A9,X,10.9,7.7,9.5
JEEP,CHEROKEE FFV,SUV - SMALL,2.4,4,A9,E,15.2,10.2,12.9
JEEP,CHEROKEE,SUV - SMALL,3.2,6,A9,X,11.4,8.1,9.9
JEEP,CHEROKEE 4X4,SUV - SMALL,2.4,4,A9,X,11.3,8.3,10
JEEP,CHEROKEE 4X4 FFV,SUV - SMALL,2.4,4,A9,X,11.3,8.3,10
JEEP,CHEROKEE 4X4 FFV,SUV - SMALL,2.4,4,A9,E,15.9,11,13.7
JEEP,CHEROKEE 4X4,SUV - SMALL,3.2,6,A9,X,11.6,8.5,10.2
JEEP,CHEROKEE 4X4 ACTIVE DRIVE II,SUV - SMALL,2.4,4,A9,X,11.4,8.6,10.1
JEEP,CHEROKEE 4X4 ACTIVE DRIVE II,SUV - SMALL,3.2,6,A9,X,12.6,8.9,10.9
JEEP,CHEROKEE TRAILHAWK 4X4,SUV - SMALL,2.4,4,A9,X,12.1,9.4,10.9
JEEP,CHEROKEE TRAILHAWK 4X4,SUV - SMALL,3.2,6,A9,X,12.2,9,10.8
JEEP,COMPASS,SUV - SMALL,2,4,AV,X,10.7,8.8,9.9
JEEP,COMPASS,SUV - SMALL,2,4,M5,X,10.2,7.8,9.2
JEEP,COMPASS,SUV - SMALL,2.4,4,A6,X,11.2,8.6,10
JEEP,COMPASS,SUV - SMALL,2.4,4,M5,X,10.2,8.2,9.3
JEEP,COMPASS 4X4,SUV - SMALL,2.4,4,A6,X,11.4,8.7,10.2
JEEP,COMPASS 4X4,SUV - SMALL,2.4,4,M5,X,10.6,8.6,9.7
JEEP,COMPASS 4X4 TRAIL RATED,SUV - SMALL,2.4,4,AV,X,11.7,10.3,11.1
JEEP,GRAND CHEROKEE 4X4 DIESEL,SUV - STANDARD,3,6,A8,D,11.2,8.4,9.9
JEEP,GRAND CHEROKEE 4X4 FFV,SUV - STANDARD,3.6,6,A8,X,13.9,9.8,12.1
JEEP,GRAND CHEROKEE 4X4 FFV,SUV - STANDARD,3.6,6,A8,E,17.7,13,15.6
JEEP,GRAND CHEROKEE 4X4 (MDS),SUV - STANDARD,5.7,8,A8,X,17.3,11.5,14.7
JEEP,GRAND CHEROKEE SRT 4X4 (MDS),SUV - STANDARD,6.4,8,A8,Z,18.5,12.6,15.8
JEEP,PATRIOT,SUV - SMALL,2,4,AV,X,10.7,8.8,9.9
JEEP,PATRIOT,SUV - SMALL,2,4,M5,X,10.2,7.8,9.2
JEEP,PATRIOT,SUV - SMALL,2.4,4,A6,X,11.2,8.6,10
JEEP,PATRIOT,SUV - SMALL,2.4,4,M5,X,10.2,8.2,9.3
JEEP,PATRIOT 4X4,SUV - SMALL,2.4,4,A6,X,11.4,8.7,10.2
JEEP,PATRIOT 4X4,SUV - SMALL,2.4,4,M5,X,10.6,8.6,9.7
JEEP,PATRIOT 4X4 TRAIL RATED,SUV - SMALL,2.4,4,AV,X,11.7,10.3,11.1
JEEP,RENEGADE,SUV - SMALL,1.4,4,M6,X,9.9,7.5,8.8
JEEP,RENEGADE FFV,SUV - SMALL,2.4,4,A9,X,10.8,7.7,9.4
JEEP,RENEGADE FFV,SUV - SMALL,2.4,4,A9,E,14.2,9.9,12.2
JEEP,RENEGADE 4X4,SUV - SMALL,1.4,4,M6,X,9.9,7.5,8.8
JEEP,RENEGADE 4X4,SUV - SMALL,2.4,4,A9,X,11.2,8,9.8
JEEP,WRANGLER 4X4,SUV - SMALL,3.6,6,A5,X,14.1,11.1,12.8
JEEP,WRANGLER 4X4,SUV - SMALL,3.6,6,M6,X,14.2,11,12.8
JEEP,WRANGLER UNLIMITED 4X4,SUV - SMALL,3.6,6,A5,X,14.8,11.7,13.4
JEEP,WRANGLER UNLIMITED 4X4,SUV - SMALL,3.6,6,M6,X,15,11.4,13.4
KIA,CADENZA,FULL-SIZE,3.3,6,AS6,X,12.7,8.4,10.7
KIA,FORTE,MID-SIZE,1.8,4,AS6,X,8.8,6.1,7.6
KIA,FORTE,MID-SIZE,1.8,4,M6,X,9.3,6.3,7.9
KIA,FORTE,MID-SIZE,2,4,AS6,X,9.7,6.7,8.3
KIA,FORTE,MID-SIZE,2,4,M6,X,9.8,6.9,8.5
KIA,FORTE 5,FULL-SIZE,1.6,4,AS6,X,11.1,8,9.7
KIA,FORTE 5,FULL-SIZE,1.6,4,M6,X,11.1,8.2,9.8
KIA,FORTE 5,FULL-SIZE,2,4,AS6,X,9.5,7.2,8.5
KIA,FORTE 5,FULL-SIZE,2,4,M6,X,9.7,6.9,8.4
KIA,FORTE KOUP,COMPACT,1.6,4,AS6,X,10.6,7.8,9.4
KIA,FORTE KOUP,COMPACT,1.6,4,M6,X,10.8,8.1,9.6
KIA,FORTE KOUP,COMPACT,2,4,AS6,X,9.7,7.1,8.6
KIA,FORTE KOUP,COMPACT,2,4,M6,X,10,7.4,8.8
KIA,K900,FULL-SIZE,3.8,6,AS8,X,13.3,8.9,11.3
KIA,K900,FULL-SIZE,5,8,AS8,Z,15.7,10.3,13.3
KIA,OPTIMA,MID-SIZE,2,4,AS6,X,11.7,7.7,9.9
KIA,OPTIMA,MID-SIZE,2.4,4,AS6,X,10.2,6.9,8.7
KIA,OPTIMA HYBRID,MID-SIZE,2.4,4,AS6,X,6.6,5.9,6.3
KIA,OPTIMA HYBRID EX,MID-SIZE,2.4,4,AS6,X,6.7,6.1,6.4
KIA,RIO,COMPACT,1.6,4,AS6,X,8.8,6.3,7.7
KIA,RIO,COMPACT,1.6,4,M6,X,8.7,6.4,7.7
KIA,RIO ECO,COMPACT,1.6,4,AS6,X,8.5,6.3,7.6
KIA,RONDO,STATION WAGON - MID-SIZE,2,4,AS6,X,10.6,7.6,9.3
KIA,RONDO,STATION WAGON - MID-SIZE,2,4,M6,X,10.8,7.4,9.3
KIA,SEDONA,MINIVAN,3.3,6,AS6,X,13.2,9.7,11.6
KIA,SEDONA SX,MINIVAN,3.3,6,AS6,X,12.9,9.5,11.4
KIA,SEDONA SXL,MINIVAN,3.3,6,AS6,X,14.2,10.5,12.5
KIA,SORENTO,SUV - SMALL,2.4,4,AS6,X,11.8,8.7,10.4
KIA,SORENTO,SUV - SMALL,3.3,6,AS6,X,12.7,9,11.1
KIA,SORENTO AWD,SUV - SMALL,2.4,4,AS6,X,12.2,9.4,10.9
KIA,SORENTO AWD,SUV - SMALL,3.3,6,AS6,X,13.4,10,11.8
KIA,SOUL,STATION WAGON - SMALL,1.6,4,AS6,X,9.8,7.8,8.9
KIA,SOUL,STATION WAGON - SMALL,1.6,4,M6,X,9.9,7.8,9
KIA,SOUL,STATION WAGON - SMALL,2,4,AS6,X,10.1,7.7,9
KIA,SOUL ECO Dynamics,STATION WAGON - SMALL,2,4,AS6,X,9.7,7.7,8.8
KIA,SPORTAGE,SUV - SMALL,2.4,4,AS6,X,11.4,8.3,10
KIA,SPORTAGE,SUV - SMALL,2.4,4,M6,X,12.9,9.2,11.3
KIA,SPORTAGE AWD,SUV - SMALL,2,4,AS6,X,12.6,9.7,11.3
KIA,SPORTAGE AWD,SUV - SMALL,2.4,4,AS6,X,12,9.1,10.7
LAMBORGHINI,AVENTADOR COUPE,TWO-SEATER,6.5,12,AM7,Z,22.2,12.7,17.9
LAMBORGHINI,AVENTADOR ROADSTER,TWO-SEATER,6.5,12,AM7,Z,24,14.5,19.7
LAMBORGHINI,HURACAN,TWO-SEATER,5.2,10,AM7,Z,16.8,11.7,14.5
LAMBORGHINI,VENENO ROADSTER,TWO-SEATER,6.5,12,AM7,Z,22.1,13.9,18.4
LAND ROVER,LR2,SUV - SMALL,2,4,AS6,Z,13.5,9.9,11.9
LAND ROVER,LR4,SUV - STANDARD,3,6,AS8,Z,16.2,12.1,14.3
LAND ROVER,RANGE ROVER,SUV - STANDARD,3,6,AS8,Z,13.9,10.4,12.3
LAND ROVER,RANGE ROVER SUPERCHARGED,SUV - STANDARD,5,8,AS8,Z,17.2,12.5,15.1
LAND ROVER,RANGE ROVER SUPERCHARGED,SUV - STANDARD,5,8,AS8,E,25,16.9,21.4
LAND ROVER,RANGE ROVER SUPERCHARGED LWB,SUV - STANDARD,5,8,AS8,Z,17.2,12.5,15.1
LAND ROVER,RANGE ROVER SUPERCHARGED LWB,SUV - STANDARD,5,8,AS8,E,25,16.9,21.4
LAND ROVER,RANGE ROVER EVOQUE,SUV - SMALL,2,4,AS9,Z,11.3,7.9,9.7
LAND ROVER,RANGE ROVER EVOQUE COUPE,SUV - SMALL,2,4,AS9,Z,11.3,7.9,9.7
LAND ROVER,RANGE ROVER SPORT,SUV - STANDARD,3,6,AS8,Z,14,10.5,12.4
LAND ROVER,RANGE ROVER SPORT SUPERCHARGED,SUV - STANDARD,5,8,AS8,Z,16.6,12.3,14.7
LAND ROVER,RANGE ROVER SPORT SUPERCHARGED,SUV - STANDARD,5,8,AS8,E,24,16.6,20.7
LEXUS,CT 200h,COMPACT,1.8,4,AV,X,5.5,5.9,5.7
LEXUS,ES 300h,MID-SIZE,2.5,4,AV6,X,5.8,6.1,5.9
LEXUS,ES 350,MID-SIZE,3.5,6,AS6,X,11.3,7.5,9.6
LEXUS,GS 350,MID-SIZE,3.5,6,AS8,Z,12.3,8.5,10.6
LEXUS,GS 350 AWD,MID-SIZE,3.5,6,AS6,Z,12.6,9.1,11
LEXUS,GS 450h,MID-SIZE,3.5,6,AV8,Z,8,6.9,7.5
LEXUS,GX 460,SUV - STANDARD,4.6,8,AS6,Z,15.7,11.7,13.9
LEXUS,IS 250,COMPACT,2.5,6,AS6,Z,11.1,7.8,9.6
LEXUS,IS 250 AWD,COMPACT,2.5,6,AS6,Z,11.8,8.7,10.4
LEXUS,IS 250 C,SUBCOMPACT,2.5,6,AS6,Z,11.2,7.8,9.6
LEXUS,IS 350,COMPACT,3.5,6,AS8,Z,12.3,8.5,10.6
LEXUS,IS 350 AWD,COMPACT,3.5,6,AS6,Z,12.6,9.1,11
LEXUS,IS 350 C,SUBCOMPACT,3.5,6,AS6,Z,12.2,8.7,10.6
LEXUS,LS 460,MID-SIZE,4.6,8,AS8,Z,14.4,9.6,12.3
LEXUS,LS 460 AWD,MID-SIZE,4.6,8,AS8,Z,15.2,10.2,12.9
LEXUS,LS 460 L AWD,MID-SIZE,4.6,8,AS8,Z,15.2,10.2,12.9
LEXUS,LS 600h L,MID-SIZE,5,8,AV8,Z,12.7,10.1,11.5
LEXUS,LX 570,SUV - STANDARD,5.7,8,AS6,Z,19,13.6,16.6
LEXUS,NX 200t AWD,SUV - SMALL,2,4,AS6,Z,10.6,8.4,9.6
LEXUS,NX 200t AWD F SPORT,SUV - SMALL,2,4,AS6,Z,10.8,8.8,9.9
LEXUS,NX 300h AWD,SUV - SMALL,2.5,4,AV6,X,7.1,7.7,7.4
LEXUS,RC 350,SUBCOMPACT,3.5,6,AS8,Z,12.3,8.5,10.6
LEXUS,RC 350 AWD,SUBCOMPACT,3.5,6,AS6,Z,12.6,9.1,11
LEXUS,RC F,SUBCOMPACT,5,8,AS8,Z,15.2,9.5,12.6
LEXUS,RX 350 AWD,SUV - SMALL,3.5,6,AS6,X,13.3,9.8,11.7
LEXUS,RX 350 AWD,SUV - SMALL,3.5,6,AS8,X,12.7,9.1,11.1
LEXUS,RX 450h AWD,SUV - SMALL,3.5,6,AV6,Z,8,8.5,8.2
LINCOLN,MKC AWD,SUV - SMALL,2,4,AS6,X,12.4,9,10.9
LINCOLN,MKC AWD,SUV - SMALL,2.3,4,AS6,X,12.9,9.2,11.2
LINCOLN,MKS AWD,FULL-SIZE,3.5,6,AS6,X,13.9,9.5,11.9
LINCOLN,MKS AWD,FULL-SIZE,3.7,6,AS6,X,13.1,9,11.2
LINCOLN,MKT AWD,SUV - STANDARD,3.5,6,AS6,X,14.6,10.4,12.8
LINCOLN,MKT LIVERY,SPECIAL PURPOSE VEHICLE,2,4,AS6,X,11.5,8.4,10.1
LINCOLN,MKT LIVERY AWD,SPECIAL PURPOSE VEHICLE,3.7,6,A6,X,14.1,10,12.2
LINCOLN,MKX AWD,SUV - SMALL,3.7,6,AS6,X,13.7,10.3,12.1
LINCOLN,MKZ,MID-SIZE,2,4,AS6,X,10.5,7,8.9
LINCOLN,MKZ AWD,MID-SIZE,3.7,6,AS6,X,13.1,9.2,11.3
LINCOLN,MKZ HYBRID,MID-SIZE,2,4,AV,X,5.7,6,5.8
LINCOLN,NAVIGATOR 4X4,SUV - STANDARD,3.5,6,AS6,X,16.2,11.8,14.2
LINCOLN,NAVIGATOR L 4X4,SUV - STANDARD,3.5,6,AS6,X,16.1,12.3,14.4
MASERATI,GHIBLI,MID-SIZE,3,6,AS8,Z,15.2,9.6,12.7
MASERATI,GHIBLI AWD,MID-SIZE,3,6,AS8,Z,15.6,9.5,12.8
MASERATI,GRANTURISMO,SUBCOMPACT,4.7,8,AS6,Z,18.2,11.4,15.1
MASERATI,GRANTURISMO CONVERTIBLE,SUBCOMPACT,4.7,8,AS6,Z,18.2,11.6,15.2
MASERATI,QUATTROPORTE GTS,FULL-SIZE,3.8,8,AS8,Z,17.5,10.7,14.5
MASERATI,QUATTROPORTE SQ4,FULL-SIZE,3,6,AS8,Z,15.7,9.7,13
MAZDA,CX-5,SUV - SMALL,2,4,AS6,X,8.9,7.3,8.2
MAZDA,CX-5,SUV - SMALL,2,4,M6,X,9,6.8,8
MAZDA,CX-5,SUV - SMALL,2.5,4,AS6,X,9.6,7.4,8.6
MAZDA,CX-5 4WD,SUV - SMALL,2,4,AS6,X,9.3,7.6,8.5
MAZDA,CX-5 4WD,SUV - SMALL,2.5,4,AS6,X,9.9,7.9,9
MAZDA,CX-9,SUV - SMALL,3.7,6,AS6,X,14.2,10,12.3
MAZDA,CX-9 4WD,SUV - SMALL,3.7,6,AS6,X,14.3,10.6,12.7
MAZDA,MAZDA3 4-DOOR,COMPACT,2,4,AS6,X,7.9,5.7,6.9
MAZDA,MAZDA3 4-DOOR (SIL),COMPACT,2,4,M6,X,8,5.8,7
MAZDA,MAZDA3 4-DOOR,COMPACT,2.5,4,AS6,X,8.4,6.1,7.4
MAZDA,MAZDA3 4-DOOR (i-ELOOP),COMPACT,2.5,4,AS6,X,8.2,5.9,7.2
MAZDA,MAZDA3 4-DOOR (SIL),COMPACT,2.5,4,M6,X,9.3,6.4,8
MAZDA,MAZDA3 5-DOOR,MID-SIZE,2,4,AS6,X,8,5.9,7
MAZDA,MAZDA3 5-DOOR (SIL),MID-SIZE,2,4,M6,X,8.2,5.9,7.1
MAZDA,MAZDA3 5-DOOR,MID-SIZE,2.5,4,AS6,X,8.7,6.5,7.7
MAZDA,MAZDA3 5-DOOR (i-ELOOP),MID-SIZE,2.5,4,AS6,X,8.2,6,7.2
MAZDA,MAZDA3 5-DOOR (SIL),MID-SIZE,2.5,4,M6,X,9.2,6.6,8.1
MAZDA,MAZDA5,MINIVAN,2.5,4,AS5,X,10.7,8.2,9.6
MAZDA,MAZDA5,MINIVAN,2.5,4,M6,X,11.1,8.3,9.8
MAZDA,MAZDA6,MID-SIZE,2.5,4,AS6,X,8.8,6.1,7.6
MAZDA,MAZDA6,MID-SIZE,2.5,4,M6,X,9.4,6.4,8.1
MAZDA,MAZDA6 (i-ELOOP),MID-SIZE,2.5,4,AS6,X,8.4,5.9,7.3
MAZDA,MX-5,TWO-SEATER,2,4,AS6,Z,11.5,8.5,10.1
MAZDA,MX-5,TWO-SEATER,2,4,M5,Z,10.5,8.5,9.6
MAZDA,MX-5,TWO-SEATER,2,4,M6,Z,11.1,8.4,9.9
MERCEDES-BENZ,B 250,STATION WAGON - SMALL,2,4,AS7,Z,9.2,6.6,8
MERCEDES-BENZ,B 250 4MATIC,STATION WAGON - SMALL,2,4,AS7,Z,10,7.5,8.9
MERCEDES-BENZ,C 250 COUPE,SUBCOMPACT,1.8,4,AS7,Z,10.9,7.5,9.4
MERCEDES-BENZ,C 300 4MATIC,COMPACT,2,4,AS7,Z,10.1,7.8,9
MERCEDES-BENZ,C 350 4MATIC COUPE,SUBCOMPACT,3.5,6,AS7,Z,12.1,8.7,10.6
MERCEDES-BENZ,C 350 COUPE,SUBCOMPACT,3.5,6,AS7,Z,12.1,8.6,10.5
MERCEDES-BENZ,C 400 4MATIC,COMPACT,3,6,AS7,Z,11.1,8.4,9.9
MERCEDES-BENZ,C 63 AMG COUPE,SUBCOMPACT,6.2,8,AS7,Z,17.9,12.3,15.4
MERCEDES-BENZ,CLA 250,SUBCOMPACT,2,4,AS7,Z,9.4,6.4,8.1
MERCEDES-BENZ,CLA 250 4MATIC,SUBCOMPACT,2,4,AS7,Z,9.9,7.4,8.8
MERCEDES-BENZ,CLA 45 AMG,COMPACT,2,4,AS7,Z,10.2,7.7,9.1
MERCEDES-BENZ,CLS 400 4MATIC,COMPACT,3,6,AS7,Z,12.1,8.5,10.5
MERCEDES-BENZ,CLS 550 4MATIC,COMPACT,4.7,8,AS7,Z,14.5,10.1,12.5
MERCEDES-BENZ,CLS 63 AMG 4MATIC,COMPACT,5.5,8,AS7,Z,15.1,10.8,13.1
MERCEDES-BENZ,E 250 BLUETEC 4MATIC,MID-SIZE,2.1,4,AS7,D,8.6,5.9,7.4
MERCEDES-BENZ,E 300 4MATIC,MID-SIZE,3.5,6,AS7,Z,11.9,8.2,10.2
MERCEDES-BENZ,E 400 4MATIC,MID-SIZE,3,6,AS7,Z,12,8.5,10.4
MERCEDES-BENZ,E 400 4MATIC WAGON,STATION WAGON - MID-SIZE,3.5,6,AS7,Z,12.4,8.8,10.8
MERCEDES-BENZ,E 400 CABRIOLET,SUBCOMPACT,3.5,6,AS7,Z,11.5,8.1,10
MERCEDES-BENZ,E 400 COUPE,SUBCOMPACT,3.5,6,AS7,Z,11.8,8.3,10.2
MERCEDES-BENZ,E 550 4MATIC,MID-SIZE,4.7,8,AS7,Z,12.9,9.6,11.4
MERCEDES-BENZ,E 550 CABRIOLET,SUBCOMPACT,4.7,8,AS7,Z,13.7,9.2,11.7
MERCEDES-BENZ,E 550 COUPE,SUBCOMPACT,4.7,8,AS7,Z,13.3,8.9,11.4
MERCEDES-BENZ,E 63 AMG S 4MATIC,MID-SIZE,5.5,8,AS7,Z,15.3,10.8,13.3
MERCEDES-BENZ,E 63 AMG S 4MATIC WAGON,STATION WAGON - MID-SIZE,5.5,8,AS7,Z,15.2,11,13.3
MERCEDES-BENZ,G 550,SUV - STANDARD,5.5,8,AS7,Z,19.9,16.1,18.2
MERCEDES-BENZ,G 63 AMG,SUV - STANDARD,5.5,8,AS7,Z,20,16.6,18.5
MERCEDES-BENZ,GL 350 BLUETEC 4MATIC,SUV - STANDARD,3,6,AS7,D,13.6,10,12
MERCEDES-BENZ,GL 450 4MATIC,SUV - STANDARD,3,6,AS7,Z,15.2,12.6,14
MERCEDES-BENZ,GL 550 4MATIC,SUV - STANDARD,4.7,8,AS7,Z,17.5,13.2,15.6
MERCEDES-BENZ,GL 63 AMG,SUV - STANDARD,5.5,8,AS7,Z,18.2,14,16.3
MERCEDES-BENZ,GLA 250 4MATIC,SUV - SMALL,2,4,AS7,Z,9.8,7.4,8.7
MERCEDES-BENZ,GLA 45 AMG 4MATIC,STATION WAGON - MID-SIZE,2,4,AS7,Z,10.5,8.1,9.4
MERCEDES-BENZ,GLK 250 BLUETEC 4MATIC,SUV - SMALL,2.1,4,AS7,D,9.6,7,8.5
MERCEDES-BENZ,GLK 350 4MATIC,SUV - SMALL,3.5,6,AS7,Z,12.6,9.6,11.2
MERCEDES-BENZ,ML 350 BLUETEC 4MATIC,SUV - STANDARD,3,6,AS7,D,11.8,8.5,10.3
MERCEDES-BENZ,ML 400 4MATIC,SUV - STANDARD,3,6,AS7,Z,13.3,10.4,12
MERCEDES-BENZ,ML 550 4MATIC,SUV - STANDARD,4.7,8,AS7,Z,16.3,11.8,14.2
MERCEDES-BENZ,ML 63 AMG 4MATIC,SUV - STANDARD,5.5,8,AS7,Z,17.3,13.5,15.6
MERCEDES-BENZ,S 400 4MATIC,MID-SIZE,4.7,6,AS7,Z,12.6,8.6,10.8
MERCEDES-BENZ,S 550 4MATIC COUPE,COMPACT,4.7,8,AS7,Z,14.4,9.8,12.3
MERCEDES-BENZ,S 550 4MATIC LWB,FULL-SIZE,4.7,8,AS7,Z,14.8,9.8,12.5
MERCEDES-BENZ,S 550 4MATIC SWB,MID-SIZE,4.7,8,AS7,Z,14.7,9.1,12.2
MERCEDES-BENZ,S 600,FULL-SIZE,6,12,AS7,Z,18.1,11,14.9
MERCEDES-BENZ,S 63 AMG 4MATIC,FULL-SIZE,5.5,8,AS7,Z,15.7,10.1,13.2
MERCEDES-BENZ,S 63 AMG COUPE,COMPACT,5.5,8,AS7,Z,15.7,10.1,13.2
MERCEDES-BENZ,S 65 AMG,FULL-SIZE,6,12,AS7,Z,18.5,11.8,15.5
MERCEDES-BENZ,S 65 AMG COUPE,COMPACT,6,12,AS7,Z,18,11.3,15
MERCEDES-BENZ,SL 550,TWO-SEATER,4.7,8,AS7,Z,13.8,9.5,11.9
MERCEDES-BENZ,SL 63 AMG,TWO-SEATER,5.5,8,AS7,Z,14.7,9.5,12.4
MERCEDES-BENZ,SL 65 AMG,TWO-SEATER,6,12,AS7,Z,16.7,11.2,14.2
MERCEDES-BENZ,SLK 250,TWO-SEATER,1.8,4,AS7,Z,10.4,7.2,9
MERCEDES-BENZ,SLK 250,TWO-SEATER,1.8,4,M6,Z,10.4,7.2,9
MERCEDES-BENZ,SLK 350,TWO-SEATER,3.5,6,AS7,Z,11.1,8.1,9.8
MERCEDES-BENZ,SLK 55 AMG,TWO-SEATER,5.5,8,AS7,Z,12.4,8.5,10.6
MERCEDES-BENZ,SLS AMG GT COUPE,TWO-SEATER,6.2,8,AM7,Z,18.1,12.6,15.6
MERCEDES-BENZ,SLS AMG GT ROADSTER,TWO-SEATER,6.2,8,AM7,Z,18.1,12.6,15.6
MINI,COOPER 3 DOOR,SUBCOMPACT,1.5,3,AS6,Z,8.5,6.3,7.5
MINI,COOPER 3 DOOR,SUBCOMPACT,1.5,3,M6,Z,8.1,5.9,7.1
MINI,COOPER 5 DOOR,SUBCOMPACT,1.5,3,AS6,Z,8.5,6.3,7.5
MINI,COOPER 5 DOOR,SUBCOMPACT,1.5,3,M6,Z,8.2,5.9,7.2
MINI,COOPER CONVERTIBLE,MINICOMPACT,1.6,4,AS6,Z,8.6,6.5,7.7
MINI,COOPER CONVERTIBLE,MINICOMPACT,1.6,4,M6,Z,8.4,6.4,7.5
MINI,COOPER COUNTRYMAN,COMPACT,1.6,4,AS6,Z,9.4,7.9,8.7
MINI,COOPER COUNTRYMAN,COMPACT,1.6,4,M6,Z,8.4,6.4,7.5
MINI,COOPER COUPE,TWO-SEATER,1.6,4,AS6,Z,8.5,6.5,7.6
MINI,COOPER COUPE,TWO-SEATER,1.6,4,M6,Z,8,6.4,7.3
MINI,COOPER PACEMAN,COMPACT,1.6,4,AS6,Z,9.4,7.9,8.7
MINI,COOPER PACEMAN,COMPACT,1.6,4,M6,Z,8.4,6.4,7.5
MINI,COOPER ROADSTER,TWO-SEATER,1.6,4,AS6,Z,8.6,6.5,7.7
MINI,COOPER ROADSTER,TWO-SEATER,1.6,4,M6,Z,8.4,6.4,7.5
MINI,COOPER S 3 DOOR,SUBCOMPACT,2,4,AS6,Z,9.2,7,8.2
MINI,COOPER S 3 DOOR,SUBCOMPACT,2,4,M6,Z,10,7,8.6
MINI,COOPER S 5 DOOR,SUBCOMPACT,2,4,AS6,Z,9.2,7,8.2
MINI,COOPER S 5 DOOR,SUBCOMPACT,2,4,M6,Z,10,7,8.6
MINI,COOPER S CONVERTIBLE,MINICOMPACT,1.6,4,AS6,Z,9.2,6.8,8.1
MINI,COOPER S CONVERTIBLE,MINICOMPACT,1.6,4,M6,Z,9.1,6.8,8.1
MINI,COOPER S COUNTRYMAN ALL4,COMPACT,1.6,4,AS6,Z,10.1,7.8,9
MINI,COOPER S COUNTRYMAN ALL4,COMPACT,1.6,4,M6,Z,9.5,7.7,8.7
MINI,COOPER S COUPE,TWO-SEATER,1.6,4,AS6,Z,9.2,6.8,8.1
MINI,COOPER S COUPE,TWO-SEATER,1.6,4,M6,Z,9.1,6.8,8.1
MINI,COOPER S PACEMAN ALL4,COMPACT,1.6,4,AS6,Z,10.1,7.8,9
MINI,COOPER S PACEMAN ALL4,COMPACT,1.6,4,M6,Z,9.5,7.7,8.7
MINI,COOPER S ROADSTER,TWO-SEATER,1.6,4,AS6,Z,9.2,6.8,8.1
MINI,COOPER S ROADSTER,TWO-SEATER,1.6,4,M6,Z,9.1,6.8,8.1
MINI,JOHN COOPER WORKS,SUBCOMPACT,2,4,AS6,Z,9.3,7.3,8.4
MINI,JOHN COOPER WORKS,SUBCOMPACT,2,4,M6,Z,10.4,7.7,9.2
MINI,JOHN COOPER WORKS CONVERTIBLE,MINICOMPACT,1.6,4,AS6,Z,9.2,6.8,8.1
MINI,JOHN COOPER WORKS CONVERTIBLE,MINICOMPACT,1.6,4,M6,Z,9.1,6.8,8.1
MINI,JOHN COOPER WORKS COUNTRYMAN ALL4,COMPACT,1.6,4,AS6,Z,10.1,7.8,9
MINI,JOHN COOPER WORKS COUNTRYMAN ALL4,COMPACT,1.6,4,M6,Z,9.5,7.7,8.7
MINI,JOHN COOPER WORKS COUPE,TWO-SEATER,1.6,4,AS6,Z,9.2,6.8,8.1
MINI,JOHN COOPER WORKS COUPE,TWO-SEATER,1.6,4,M6,Z,9.1,6.8,8.1
MINI,JOHN COOPER WORKS PACEMAN ALL4,COMPACT,1.6,4,AS6,Z,10.1,7.8,9
MINI,JOHN COOPER WORKS PACEMAN ALL4,COMPACT,1.6,4,M6,Z,9.5,7.7,8.7
MINI,JOHN COOPER WORKS ROADSTER,TWO-SEATER,1.6,4,AS6,Z,9.2,6.8,8.1
MINI,JOHN COOPER WORKS ROADSTER,TWO-SEATER,1.6,4,M6,Z,9.1,6.8,8.1
MITSUBISHI,LANCER,COMPACT,2,4,AV6,X,9.2,6.9,8.2
MITSUBISHI,LANCER,COMPACT,2,4,M5,X,9.6,6.9,8.4
MITSUBISHI,LANCER AWD,COMPACT,2.4,4,AV6,X,10.5,8.2,9.5
MITSUBISHI,LANCER EVOLUTION,COMPACT,2,4,AM6,Z,14.2,10.5,12.5
MITSUBISHI,LANCER EVOLUTION,COMPACT,2,4,M5,Z,14,10.3,12.3
MITSUBISHI,LANCER RALLIART,COMPACT,2,4,AM6,Z,13.4,9.4,11.6
MITSUBISHI,LANCER SPORTBACK,STATION WAGON - SMALL,2,4,AV6,X,9.6,7.3,8.6
MITSUBISHI,LANCER SPORTBACK,STATION WAGON - SMALL,2,4,M5,X,9.8,7.1,8.6
MITSUBISHI,MIRAGE,COMPACT,1.2,3,AV,X,6.4,5.3,5.9
MITSUBISHI,MIRAGE,COMPACT,1.2,3,M5,X,7,5.5,6.4
MITSUBISHI,OUTLANDER,SUV - SMALL,2.4,4,AV6,X,9.5,7.5,8.6
MITSUBISHI,OUTLANDER 4WD,SUV - SMALL,2.4,4,AV6,X,9.9,8.1,9.1
MITSUBISHI,OUTLANDER 4WD,SUV - SMALL,3,6,AS6,Z,11.5,8.4,10.1
MITSUBISHI,RVR,SUV - SMALL,2,4,AV6,X,9.3,7.3,8.4
MITSUBISHI,RVR,SUV - SMALL,2,4,M5,X,9.9,7.6,8.8
MITSUBISHI,RVR 4WD,SUV - SMALL,2,4,AV6,X,9.6,7.7,8.8
MITSUBISHI,RVR 4WD,SUV - SMALL,2.4,4,AV6,X,10.4,8.5,9.6
NISSAN,370Z COUPE,TWO-SEATER,3.7,6,AS7,Z,12.6,9.2,11.1
NISSAN,370Z COUPE,TWO-SEATER,3.7,6,M6,Z,13.3,9.3,11.5
NISSAN,370Z ROADSTER,TWO-SEATER,3.7,6,AS7,Z,13,9.6,11.5
NISSAN,370Z ROADSTER,TWO-SEATER,3.7,6,M6,Z,13.6,9.7,11.8
NISSAN,ALTIMA,MID-SIZE,2.5,4,AV,X,8.7,6.2,7.6
NISSAN,ALTIMA,MID-SIZE,3.5,6,AV,X,10.3,7.4,9
NISSAN,ARMADA 4WD,SUV - STANDARD,5.6,8,A5,X,19.2,13.4,16.6
NISSAN,FRONTIER,PICKUP TRUCK - SMALL,2.5,4,A5,X,13.7,10.6,12.3
NISSAN,FRONTIER,PICKUP TRUCK - SMALL,2.5,4,M5,X,12.2,10.2,11.3
NISSAN,FRONTIER,PICKUP TRUCK - SMALL,4,6,A5,X,14.8,10.3,12.7
NISSAN,FRONTIER 4WD,PICKUP TRUCK - SMALL,4,6,A5,X,15.7,11.3,13.7
NISSAN,FRONTIER 4WD,PICKUP TRUCK - SMALL,4,6,M6,X,15,11.2,13.3
NISSAN,GT-R,SUBCOMPACT,3.8,6,AM6,Z,14.3,10.5,12.6
NISSAN,JUKE,STATION WAGON - SMALL,1.6,4,AV7,X,8.5,7.2,7.9
NISSAN,JUKE,STATION WAGON - SMALL,1.6,4,M6,X,8.4,6.9,7.7
NISSAN,JUKE AWD,STATION WAGON - SMALL,1.6,4,AV7,X,8.8,7.5,8.2
NISSAN,JUKE NISMO RS,STATION WAGON - SMALL,1.6,4,M6,Z,8.9,7.5,8.3
NISSAN,JUKE NISMO RS AWD,STATION WAGON - SMALL,1.6,4,AV8,Z,9.4,8.1,8.8
NISSAN,MICRA,COMPACT,1.6,4,A4,X,8.8,6.6,7.8
NISSAN,MICRA,COMPACT,1.6,4,M5,X,8.6,6.6,7.7
NISSAN,MURANO,STATION WAGON - MID-SIZE,3.5,6,AV7,X,11,8.2,9.8
NISSAN,MURANO AWD,STATION WAGON - MID-SIZE,3.5,6,AV7,X,11.2,8.3,9.9
NISSAN,NV200 CARGO VAN,SPECIAL PURPOSE VEHICLE,2,4,AV,X,9.7,9,9.4
NISSAN,PATHFINDER,SUV - SMALL,3.5,6,AV,X,11.9,8.6,10.4
NISSAN,PATHFINDER 4WD,SUV - SMALL,3.5,6,AV,X,12.1,8.9,10.7
NISSAN,PATHFINDER 4WD PLATINUM,SUV - SMALL,3.5,6,AV,X,12.7,9,11
NISSAN,PATHFINDER HYBRID 4WD,SUV - STANDARD,2.5,4,AV,X,9.1,8.5,8.8
NISSAN,QUEST,MINIVAN,3.5,6,AV,X,12,8.7,10.5
NISSAN,ROGUE,SUV - SMALL,2.5,4,AV,X,9.2,7.2,8.3
NISSAN,ROGUE AWD,SUV - SMALL,2.5,4,AV,X,9.5,7.4,8.5
NISSAN,TITAN,PICKUP TRUCK - STANDARD,5.6,8,A5,X,18.4,13.3,16.1
NISSAN,TITAN 4WD,PICKUP TRUCK - STANDARD,5.6,8,A5,X,19.7,14.3,17.2
NISSAN,SENTRA,MID-SIZE,1.8,4,AV,X,8,6.1,7.2
NISSAN,SENTRA,MID-SIZE,1.8,4,M6,X,8.9,6.6,7.9
NISSAN,VERSA,COMPACT,1.6,4,AV,X,7.5,6,6.8
NISSAN,VERSA,COMPACT,1.6,4,M5,X,8.6,6.5,7.7
NISSAN,XTERRA 4WD,SUV - SMALL,4,6,A5,X,16,12,14.2
NISSAN,XTERRA 4WD,SUV - SMALL,4,6,M6,X,16,12.3,14.4
PORSCHE,911 CARRERA,MINICOMPACT,3.4,6,AM7,Z,11.6,8.4,10.1
PORSCHE,911 CARRERA,MINICOMPACT,3.4,6,M7,Z,12.3,8.6,10.6
PORSCHE,911 CARRERA CABRIOLET,MINICOMPACT,3.4,6,AM7,Z,11.5,8.3,10.1
PORSCHE,911 CARRERA CABRIOLET,MINICOMPACT,3.4,6,M7,Z,12.3,8.7,10.7
PORSCHE,911 CARRERA 4,MINICOMPACT,3.4,6,AM7,Z,11.6,8.5,10.2
PORSCHE,911 CARRERA 4,MINICOMPACT,3.4,6,M7,Z,12.3,8.7,10.7
PORSCHE,911 CARRERA 4 CABRIOLET,MINICOMPACT,3.4,6,AM7,Z,11.9,8.7,10.5
PORSCHE,911 CARRERA 4 CABRIOLET,MINICOMPACT,3.4,6,M7,Z,12.5,9,10.9
PORSCHE,911 CARRERA 4 GTS,MINICOMPACT,3.8,6,AM7,Z,12.6,9.2,11.1
PORSCHE,911 CARRERA 4 GTS,MINICOMPACT,3.8,6,M7,Z,13,9.2,11.3
PORSCHE,911 CARRERA 4 GTS CABRIOLET,MINICOMPACT,3.8,6,AM7,Z,13.1,9.4,11.4
PORSCHE,911 CARRERA 4 GTS CABRIOLET,MINICOMPACT,3.8,6,M7,Z,13.4,9.3,11.6
PORSCHE,911 CARRERA 4S,MINICOMPACT,3.8,6,AM7,Z,12.2,8.9,10.7
PORSCHE,911 CARRERA 4S,MINICOMPACT,3.8,6,M7,Z,12.6,8.9,11
PORSCHE,911 CARRERA 4S CABRIOLET,MINICOMPACT,3.8,6,AM7,Z,12.5,9,11
PORSCHE,911 CARRERA 4S CABRIOLET,MINICOMPACT,3.8,6,M7,Z,12.9,9.2,11.2
PORSCHE,911 CARRERA GTS,MINICOMPACT,3.8,6,AM7,Z,12.6,9,11
PORSCHE,911 CARRERA GTS,MINICOMPACT,3.8,6,M7,Z,12.9,9,11.2
PORSCHE,911 CARRERA GTS CABRIOLET,MINICOMPACT,3.8,6,AM7,Z,12.6,9.2,11.1
PORSCHE,911 CARRERA GTS CABRIOLET,MINICOMPACT,3.8,6,M7,Z,13.4,9.3,11.6
PORSCHE,911 CARRERA S,MINICOMPACT,3.8,6,AM7,Z,11.9,8.7,10.5
PORSCHE,911 CARRERA S,MINICOMPACT,3.8,6,M7,Z,12.4,8.7,10.7
PORSCHE,911 CARRERA S CABRIOLET,MINICOMPACT,3.8,6,AM7,Z,12.2,8.7,10.6
PORSCHE,911 CARRERA S CABRIOLET,MINICOMPACT,3.8,6,M7,Z,12.5,8.9,10.9
PORSCHE,911 GT3,TWO-SEATER,3.8,6,AM7,Z,16,11.5,14
PORSCHE,911 TARGA 4,MINICOMPACT,3.4,6,AM7,Z,12.3,8.9,10.8
PORSCHE,911 TARGA 4,MINICOMPACT,3.4,6,M7,Z,12.9,9,11.1
PORSCHE,911 TARGA 4S,MINICOMPACT,3.8,6,AM7,Z,12.8,9.3,11.2
PORSCHE,911 TARGA 4S,MINICOMPACT,3.8,6,M7,Z,13.1,9.2,11.4
PORSCHE,911 TURBO,MINICOMPACT,3.8,6,AM7,Z,13.7,9.6,11.9
PORSCHE,911 TURBO CABRIOLET,MINICOMPACT,3.8,6,AM7,Z,13.7,9.6,11.9
PORSCHE,911 TURBO S,MINICOMPACT,3.8,6,AM7,Z,13.7,9.6,11.9
PORSCHE,911 TURBO S CABRIOLET,MINICOMPACT,3.8,6,AM7,Z,13.7,9.6,11.9
PORSCHE,BOXSTER,TWO-SEATER,2.7,6,AM7,Z,10.7,7.4,9.2
PORSCHE,BOXSTER,TWO-SEATER,2.7,6,M6,Z,11.5,7.9,9.9
PORSCHE,BOXSTER GTS,TWO-SEATER,3.4,6,AM7,Z,10.9,7.7,9.5
PORSCHE,BOXSTER GTS,TWO-SEATER,3.4,6,M6,Z,12.1,8.9,10.7
PORSCHE,BOXSTER S,TWO-SEATER,3.4,6,AM7,Z,11.3,7.9,9.8
PORSCHE,BOXSTER S,TWO-SEATER,3.4,6,M6,Z,11.9,8.6,10.4
PORSCHE,CAYENNE DIESEL (modified),SUV - STANDARD,3,6,A8,D,11.8,8.1,10.2
PORSCHE,CAYENNE S,SUV - STANDARD,3.6,6,A8,Z,14.3,9.6,12.2
PORSCHE,CAYENNE TURBO,SUV - STANDARD,4.8,8,A8,Z,16.7,11.2,14.2
PORSCHE,CAYMAN,TWO-SEATER,2.7,6,AM7,Z,10.7,7.4,9.2
PORSCHE,CAYMAN,TWO-SEATER,2.7,6,M6,Z,11.5,7.9,9.9
PORSCHE,CAYMAN GTS,TWO-SEATER,3.4,6,AM7,Z,10.9,7.7,9.5
PORSCHE,CAYMAN GTS,TWO-SEATER,3.4,6,M6,Z,12.1,8.9,10.7
PORSCHE,CAYMAN S,TWO-SEATER,3.4,6,AM7,Z,11.3,7.9,9.8
PORSCHE,CAYMAN S,TWO-SEATER,3.4,6,M6,Z,11.9,8.6,10.4
PORSCHE,MACAN S,SUV - SMALL,3,6,A7,Z,13.7,10.3,12.2
PORSCHE,MACAN TURBO,SUV - SMALL,3.6,6,A7,Z,14.2,10.1,12.3
PORSCHE,PANAMERA,FULL-SIZE,3.6,6,AM7,Z,12.9,8.4,10.9
PORSCHE,PANAMERA 4,FULL-SIZE,3.6,6,AM7,Z,13.1,8.7,11.1
PORSCHE,PANAMERA 4S,FULL-SIZE,3,6,AM7,Z,13.4,8.8,11.4
PORSCHE,PANAMERA 4S EXECUTIVE,FULL-SIZE,3,6,AM7,Z,13.7,8.9,11.5
PORSCHE,PANAMERA GTS,FULL-SIZE,4.8,8,AM7,Z,15.1,9.7,12.7
PORSCHE,PANAMERA S,FULL-SIZE,3,6,AM7,Z,13.4,8.8,11.4
PORSCHE,PANAMERA TURBO,FULL-SIZE,4.8,8,AM7,Z,15.3,9.7,12.8
PORSCHE,PANAMERA TURBO EXECUTIVE,FULL-SIZE,4.8,8,AM7,Z,15.4,9.8,12.9
PORSCHE,PANAMERA TURBO S,FULL-SIZE,4.8,8,AM7,Z,15.3,9.7,12.8
PORSCHE,PANAMERA TURBO S EXECUTIVE,FULL-SIZE,4.8,8,AM7,Z,15.4,9.8,12.9
RAM,1500,PICKUP TRUCK - STANDARD,3.6,6,A8,X,13.9,9.5,11.9
RAM,1500 FFV,PICKUP TRUCK - STANDARD,3.6,6,A8,X,13.9,9.5,11.9
RAM,1500 FFV,PICKUP TRUCK - STANDARD,3.6,6,A8,E,19.4,13.6,16.8
RAM,1500 HFE,PICKUP TRUCK - STANDARD,3.6,6,A8,X,12.9,9.3,11.3
RAM,1500 (MDS),PICKUP TRUCK - STANDARD,5.7,8,A6,X,17.1,12,14.8
RAM,1500 (MDS),PICKUP TRUCK - STANDARD,5.7,8,A8,X,15.7,10.9,13.6
RAM,1500 ECODIESEL,PICKUP TRUCK - STANDARD,3,6,A8,D,11.5,8.4,10.1
RAM,1500 ECODIESEL HFE,PICKUP TRUCK - STANDARD,3,6,A8,D,11.3,8,9.8
RAM,1500 4X4,PICKUP TRUCK - STANDARD,3.6,6,A8,X,14.6,10.1,12.6
RAM,1500 4X4 FFV,PICKUP TRUCK - STANDARD,3.6,6,A8,X,14.6,10.1,12.6
RAM,1500 4X4 FFV,PICKUP TRUCK - STANDARD,3.6,6,A8,E,20.5,14.5,17.8
RAM,1500 4X4 (MDS),PICKUP TRUCK - STANDARD,5.7,8,A6,X,17.7,12.7,15.4
RAM,1500 4X4 (MDS),PICKUP TRUCK - STANDARD,5.7,8,A8,X,16.2,11.5,14.1
RAM,1500 4X4 ECODIESEL,PICKUP TRUCK - STANDARD,3,6,A8,D,12.1,8.8,10.6
RAM,CARGO VAN FFV,MINIVAN,3.6,6,A6,X,13.3,9.1,11.4
RAM,CARGO VAN FFV,MINIVAN,3.6,6,A6,E,18.6,12.7,15.9
RAM,PROMASTER CITY,SPECIAL PURPOSE VEHICLE,2.4,4,A9,X,11.2,8.1,9.8
ROLLS-ROYCE,GHOST,FULL-SIZE,6.6,12,AS8,Z,19.2,12.4,16.1
ROLLS-ROYCE,GHOST EWB,FULL-SIZE,6.6,12,AS8,Z,19.2,12.4,16.1
ROLLS-ROYCE,PHANTOM,FULL-SIZE,6.7,12,AS8,Z,20.9,12.7,17.2
ROLLS-ROYCE,PHANTOM EWB,FULL-SIZE,6.7,12,AS8,Z,20.7,12.9,17.2
ROLLS-ROYCE,PHANTOM COUPE,COMPACT,6.7,12,AS8,Z,20.9,12.7,17.2
ROLLS-ROYCE,PHANTOM DROPHEAD COUPE,COMPACT,6.7,12,AS8,Z,20.7,12.9,17.2
ROLLS-ROYCE,WRAITH,MID-SIZE,6.6,12,AS8,Z,18.7,11.8,15.6
SCION,FR-S,MINICOMPACT,2,4,AS6,Z,9.6,7,8.4
SCION,FR-S,MINICOMPACT,2,4,M6,Z,10.9,7.9,9.6
SCION,iQ,MINICOMPACT,1.3,4,AV,X,6.5,6.3,6.4
SCION,tC,COMPACT,2.5,4,AS6,X,10.2,7.6,9
SCION,tC,COMPACT,2.5,4,M6,X,10.2,7.7,9
SCION,xB,STATION WAGON - SMALL,2.4,4,AS4,X,10.9,8.5,9.8
SCION,xB,STATION WAGON - SMALL,2.4,4,M5,X,10.8,8.5,9.8
SMART,FORTWO CABRIOLET,TWO-SEATER,1,3,AM5,Z,6.8,6.2,6.5
SMART,FORTWO COUPE,TWO-SEATER,1,3,AM5,Z,6.8,6.2,6.5
SUBARU,BRZ,MINICOMPACT,2,4,AS6,Z,9.6,7,8.4
SUBARU,BRZ,MINICOMPACT,2,4,M6,Z,10.9,7.9,9.6
SUBARU,FORESTER AWD,SUV - SMALL,2,4,AV8,Z,10.2,8.5,9.4
SUBARU,FORESTER AWD,SUV - SMALL,2.5,4,AV6,X,9.6,7.5,8.7
SUBARU,FORESTER AWD,SUV - SMALL,2.5,4,M6,X,10.6,8.4,9.6
SUBARU,IMPREZA AWD,COMPACT,2,4,AV6,X,8.5,6.4,7.6
SUBARU,IMPREZA AWD,COMPACT,2,4,M5,X,9.5,7,8.4
SUBARU,IMPREZA WAGON AWD,STATION WAGON - SMALL,2,4,AV6,X,8.5,6.4,7.6
SUBARU,IMPREZA WAGON AWD,STATION WAGON - SMALL,2,4,M5,X,9.5,7,8.4
SUBARU,LEGACY AWD,MID-SIZE,2.5,4,AV6,X,9,6.5,7.9
SUBARU,LEGACY AWD,MID-SIZE,2.5,4,M6,X,10.7,7.8,9.4
SUBARU,LEGACY AWD,MID-SIZE,3.6,6,AV6,X,11.9,8.2,10.2
SUBARU,OUTBACK AWD,SUV - SMALL,2.5,4,AV6,X,9.3,7.1,8.3
SUBARU,OUTBACK AWD,SUV - SMALL,2.5,4,M6,X,11,8.2,9.7
SUBARU,OUTBACK AWD,SUV - SMALL,3.6,6,AV6,X,12,8.6,10.5
SUBARU,WRX,COMPACT,2,4,AV8,Z,12.4,9.4,11.1
SUBARU,WRX,COMPACT,2,4,M6,Z,11.1,8.3,9.8
SUBARU,WRX,COMPACT,2.5,4,M6,Z,13.8,10.2,12.2
SUBARU,XV CROSSTREK AWD,SUV - SMALL,2,4,AV6,X,9.1,7,8.1
SUBARU,XV CROSSTREK AWD,SUV - SMALL,2,4,M5,X,10.2,7.7,9.1
SUBARU,XV CROSSTREK HYBRID AWD,SUV - SMALL,2,4,AV6,X,7.9,6.9,7.5
TOYOTA,4RUNNER 4WD,SUV - STANDARD,4,6,AS5,X,14.2,11.1,12.8
TOYOTA,4RUNNER 4WD (Part-Time 4WD),SUV - STANDARD,4,6,AS5,X,14.2,11.1,12.8
TOYOTA,AVALON,MID-SIZE,3.5,6,AS6,X,11.3,7.5,9.6
TOYOTA,CAMRY,MID-SIZE,2.5,4,AS6,X,9.7,6.9,8.4
TOYOTA,CAMRY,MID-SIZE,3.5,6,AS6,X,11,7.7,9.5
TOYOTA,CAMRY HYBRID LE,MID-SIZE,2.5,4,AV,X,5.5,6,5.7
TOYOTA,CAMRY HYBRID XLE/SE,MID-SIZE,2.5,4,AV,X,5.7,6.1,5.9
TOYOTA,COROLLA,MID-SIZE,1.8,4,A4,X,8.6,6.5,7.6
TOYOTA,COROLLA,MID-SIZE,1.8,4,AV7,X,7.9,6.1,7.1
TOYOTA,COROLLA,MID-SIZE,1.8,4,AV,X,8.2,6.2,7.3
TOYOTA,COROLLA,MID-SIZE,1.8,4,M6,X,8.3,6.2,7.4
TOYOTA,COROLLA LE ECO (1-mode),MID-SIZE,1.8,4,AV,X,7.7,5.6,6.8
TOYOTA,COROLLA LE ECO (2-mode),MID-SIZE,1.8,4,AV,X,7.7,6,6.9
TOYOTA,HIGHLANDER,SUV - SMALL,2.7,4,AS6,X,11.7,9.5,10.7
TOYOTA,HIGHLANDER,SUV - SMALL,3.5,6,AS6,X,12.5,9.3,11.1
TOYOTA,HIGHLANDER AWD,SUV - STANDARD,3.5,6,AS6,X,13,9.8,11.6
TOYOTA,HIGHLANDER HYBRID AWD,SUV - STANDARD,3.5,6,AV6,X,8.6,8.5,8.5
TOYOTA,HIGHLANDER HYBRID AWD LE,SUV - STANDARD,3.5,6,AV6,X,8.4,8.3,8.4
TOYOTA,PRIUS,MID-SIZE,1.8,4,AV,X,4.6,4.9,4.7
TOYOTA,PRIUS c,COMPACT,1.5,4,AV,X,4.5,5.1,4.8
TOYOTA,PRIUS v,STATION WAGON - MID-SIZE,1.8,4,AV,X,5.4,5.8,5.6
TOYOTA,RAV4,SUV - SMALL,2.5,4,AS6,X,10,7.6,8.9
TOYOTA,RAV4 AWD,SUV - SMALL,2.5,4,AS6,X,10.5,8.2,9.5
TOYOTA,RAV4 LE/XLE,SUV - SMALL,2.5,4,AS6,X,10,7.6,8.9
TOYOTA,RAV4 LIMITED AWD,SUV - SMALL,2.5,4,AS6,X,10.7,8.3,9.6
TOYOTA,SEQUOIA 4WD,SUV - STANDARD,5.7,8,AS6,X,18.8,14,16.6
TOYOTA,SIENNA,MINIVAN,3.5,6,AS6,X,13,9.5,11.4
TOYOTA,SIENNA AWD,MINIVAN,3.5,6,AS6,X,14.4,10.2,12.5
TOYOTA,TACOMA,PICKUP TRUCK - SMALL,2.7,4,A4,X,12.2,9.9,11.2
TOYOTA,TACOMA,PICKUP TRUCK - SMALL,2.7,4,M5,X,11.3,9.5,10.5
TOYOTA,TACOMA,PICKUP TRUCK - SMALL,4,6,M6,X,14.5,11.3,13.1
TOYOTA,TACOMA 4WD,PICKUP TRUCK - SMALL,2.7,4,A4,X,13.1,11.3,12.3
TOYOTA,TACOMA 4WD,PICKUP TRUCK - SMALL,2.7,4,M5,X,12.9,11.5,12.3
TOYOTA,TACOMA 4WD,PICKUP TRUCK - SMALL,4,6,A5,X,14.8,11.6,13.4
TOYOTA,TACOMA 4WD,PICKUP TRUCK - SMALL,4,6,M6,X,15.3,12.3,14
TOYOTA,TUNDRA,PICKUP TRUCK - STANDARD,4.6,8,AS6,X,15.9,12.3,14.3
TOYOTA,TUNDRA,PICKUP TRUCK - STANDARD,5.7,8,AS6,X,17.2,12.8,15.2
TOYOTA,TUNDRA 4WD,PICKUP TRUCK - STANDARD,4.6,8,AS6,X,16.9,12.8,15.1
TOYOTA,TUNDRA 4WD,PICKUP TRUCK - STANDARD,5.7,8,AS6,X,18.5,14.2,16.6
TOYOTA,VENZA,SUV - SMALL,2.7,4,AS6,X,11.6,9,10.4
TOYOTA,VENZA,SUV - SMALL,3.5,6,AS6,X,12.5,9,10.9
TOYOTA,VENZA 4WD,SUV - SMALL,2.7,4,AS6,X,11.6,9.2,10.5
TOYOTA,VENZA 4WD,SUV - SMALL,3.5,6,AS6,X,12.8,9.3,11.3
TOYOTA,YARIS,COMPACT,1.5,4,A4,X,7.8,6.6,7.3
TOYOTA,YARIS,COMPACT,1.5,4,M5,X,7.7,6.3,7.1
VOLKSWAGEN,BEETLE,COMPACT,1.8,4,AS6,X,9.6,7.2,8.5
VOLKSWAGEN,BEETLE,COMPACT,1.8,4,M5,X,9.9,7.2,8.7
VOLKSWAGEN,BEETLE,COMPACT,2,4,AM6,Z,10,7.9,9.1
VOLKSWAGEN,BEETLE,COMPACT,2,4,M6,Z,10.4,7.7,9.2
VOLKSWAGEN,BEETLE TDI (modified),COMPACT,2,4,AM6,D,7.6,5.7,6.9
VOLKSWAGEN,BEETLE TDI (modified),COMPACT,2,4,M6,D,7.6,5.7,6.9
VOLKSWAGEN,BEETLE CONVERTIBLE,SUBCOMPACT,1.8,4,AS6,X,9.8,7.3,8.7
VOLKSWAGEN,BEETLE CONVERTIBLE,SUBCOMPACT,2,4,AM6,Z,10.3,8.2,9.4
VOLKSWAGEN,BEETLE CONVERTIBLE,SUBCOMPACT,2,4,M6,Z,10.4,7.7,9.2
VOLKSWAGEN,CC,COMPACT,2,4,AM6,Z,10.7,7.7,9.3
VOLKSWAGEN,CC,COMPACT,2,4,M6,Z,11.4,7.4,9.6
VOLKSWAGEN,CC 4MOTION,COMPACT,3.6,6,AS6,Z,13.9,9.3,11.8
VOLKSWAGEN,EOS,SUBCOMPACT,2,4,AM6,Z,10.8,7.8,9.5
VOLKSWAGEN,GOLF,COMPACT,1.8,4,AS6,X,9.3,6.5,8.1
VOLKSWAGEN,GOLF,COMPACT,1.8,4,M5,X,9.3,6.4,8
VOLKSWAGEN,GOLF TDI (modified),COMPACT,2,4,AM6,D,7.6,5.5,6.5
VOLKSWAGEN,GOLF TDI (modified),COMPACT,2,4,M6,D,7.8,5.2,6.5
VOLKSWAGEN,GOLF GTI,COMPACT,2,4,AM6,Z,9.5,7.2,8.5
VOLKSWAGEN,GOLF GTI,COMPACT,2,4,M6,Z,9.4,6.9,8.3
VOLKSWAGEN,GOLF SPORTWAGON,STATION WAGON - SMALL,1.8,4,AS6,X,9.4,6.8,8.2
VOLKSWAGEN,GOLF SPORTWAGON,STATION WAGON - SMALL,1.8,4,M5,X,9.5,6.6,8.2
VOLKSWAGEN,GOLF SPORTWAGON TDI (modified),STATION WAGON - SMALL,2,4,AM6,D,7.6,5.6,6.7
VOLKSWAGEN,GOLF SPORTWAGON TDI (modified),STATION WAGON - SMALL,2,4,M6,D,7.6,5.5,6.7
VOLKSWAGEN,JETTA,COMPACT,1.8,4,AS6,X,9.3,6.3,7.9
VOLKSWAGEN,JETTA,COMPACT,1.8,4,M5,X,9.3,6.3,8
VOLKSWAGEN,JETTA,COMPACT,2,4,AS6,X,10.4,7,8.9
VOLKSWAGEN,JETTA,COMPACT,2,4,M5,X,9.5,6.9,8.4
VOLKSWAGEN,JETTA TDI (modified),COMPACT,2,4,AM6,D,7.6,5.2,6.5
VOLKSWAGEN,JETTA TDI (modified),COMPACT,2,4,M6,D,7.6,5.1,6.5
VOLKSWAGEN,JETTA GLI,COMPACT,2,4,AM6,Z,10,7.3,8.8
VOLKSWAGEN,JETTA GLI,COMPACT,2,4,M6,Z,10.3,7.2,8.9
VOLKSWAGEN,JETTA HYBRID,COMPACT,1.4,4,AM7,Z,5.6,4.9,5.3
VOLKSWAGEN,PASSAT,MID-SIZE,1.8,4,AS6,X,9.7,6.6,8.3
VOLKSWAGEN,PASSAT,MID-SIZE,1.8,4,M5,X,9.8,6.7,8.4
VOLKSWAGEN,PASSAT TDI (modified),MID-SIZE,2,4,AM6,D,7.8,5.6,6.9
VOLKSWAGEN,PASSAT TDI (modified),MID-SIZE,2,4,M6,D,7.8,5.3,6.7
VOLKSWAGEN,PASSAT,MID-SIZE,3.6,6,AM6,Z,11.9,8.5,10.4
VOLKSWAGEN,TIGUAN,SUV - SMALL,2,4,AS6,Z,11.5,9.3,10.5
VOLKSWAGEN,TIGUAN,SUV - SMALL,2,4,M6,Z,13,9,11.2
VOLKSWAGEN,TIGUAN 4MOTION,SUV - SMALL,2,4,AS6,Z,11.7,9.4,10.7
VOLKSWAGEN,TOUAREG,SUV - STANDARD,3.6,6,AS8,Z,14.1,10.4,12.4
VOLKSWAGEN,TOUAREG TDI (modified),SUV - STANDARD,3,6,AS8,D,11.8,8.1,10.2
VOLVO,S60 POLESTAR AWD,COMPACT,3,6,AS6,X,12.8,8.9,11
VOLVO,S60 T5 ,COMPACT,2,4,AS8,X,9.8,6.6,8.4
VOLVO,S60 T5 AWD,COMPACT,2.5,5,AS6,X,11.6,8.2,10.1
VOLVO,S60 T6   ,COMPACT,2,4,AS8,Z,10.1,7.3,8.9
VOLVO,S60 T6 AWD,COMPACT,3,6,AS6,X,12.9,9,11.2
VOLVO,S80 T5,MID-SIZE,2,4,AS8,X,9.8,6.6,8.4
VOLVO,S80 T6 AWD,MID-SIZE,3,6,AS6,X,12.9,9,11.2
VOLVO,V60 CC,SUV - SMALL,2,4,AS8,X,9.8,7.6,8.8
VOLVO,V60 CC AWD,SUV - SMALL,2.5,5,AS6,X,11.8,8.5,10.3
VOLVO,V60 POLESTAR AWD,STATION WAGON - SMALL,3,6,AS6,X,12.8,8.9,11
VOLVO,V60 T5,STATION WAGON - SMALL,2,4,AS8,X,9.8,6.6,8.4
VOLVO,V60 T5 AWD,STATION WAGON - SMALL,2.5,5,AS6,X,11.6,8.2,10.1
VOLVO,V60 T6 AWD,STATION WAGON - SMALL,3,6,AS6,X,12.9,9,11.2
VOLVO,XC60 3.2 AWD,SUV - SMALL,3.2,6,AS6,X,13.1,9.5,11.5
VOLVO,XC60 T5,SUV - SMALL,2,4,AS8,X,9.8,7.6,8.8
VOLVO,XC60 T5 AWD,SUV - SMALL,2.5,5,AS6,X,13,9.4,11.4
VOLVO,XC60 T6  ,SUV - SMALL,2,4,AS8,Z,10.7,7.8,9.4
VOLVO,XC60 T6 AWD,SUV - SMALL,3,6,AS6,X,13.6,9.9,11.9
VOLVO,XC70 3.2 AWD,SUV - SMALL,3.2,6,AS6,X,13.1,9.1,11.3
VOLVO,XC70 T5,SUV - SMALL,2,4,AS8,X,9.8,7.6,8.8
VOLVO,XC70 T6 AWD,SUV - SMALL,3,6,AS6,X,13.6,9.9,11.9
ACURA,ILX,COMPACT,2.4,4,AM8,Z,9.3,6.6,8.1
ACURA,MDX SH-AWD,SUV - SMALL,3.5,6,AS9,Z,12.7,9.1,11.1
ACURA,MDX SH-AWD ELITE,SUV - SMALL,3.5,6,AS9,Z,12.2,9.1,10.7
ACURA,RDX AWD,SUV - SMALL,3.5,6,AS6,Z,12.4,8.6,10.7
ACURA,RLX,MID-SIZE,3.5,6,AS6,Z,11.9,7.7,10
ACURA,RLX HYBRID,MID-SIZE,3.5,6,AM7,Z,8,7.5,7.7
ACURA,TLX,COMPACT,2.4,4,AM8,Z,9.6,6.6,8.3
ACURA,TLX SH-AWD,COMPACT,3.5,6,AS9,Z,11.2,7.5,9.6
ALFA ROMEO,4C,TWO-SEATER,1.8,4,AM6,Z,9.7,6.9,8.4
ASTON MARTIN,DB9 GT,MINICOMPACT,5.9,12,A6,Z,18,12.6,15.6
ASTON MARTIN,RAPIDE S,SUBCOMPACT,6,12,A8,Z,16.8,10.9,14.2
ASTON MARTIN,VANQUISH,MINICOMPACT,6,12,A8,Z,17.6,11.4,14.8
ASTON MARTIN,V8 VANTAGE,TWO-SEATER,4.7,8,AM7,Z,17.4,11.3,14.7
ASTON MARTIN,V8 VANTAGE,TWO-SEATER,4.7,8,M6,Z,18.1,12.3,15.5
ASTON MARTIN,VANTAGE GT,TWO-SEATER,4.7,8,AM7,Z,17.4,11.3,14.7
ASTON MARTIN,VANTAGE GT,TWO-SEATER,4.7,8,M6,Z,18.1,12.3,15.5
ASTON MARTIN,V8 VANTAGE S,TWO-SEATER,4.7,8,AM7,Z,17.4,11.3,14.7
ASTON MARTIN,V8 VANTAGE S,TWO-SEATER,4.7,8,M6,Z,18.1,12.3,15.5
ASTON MARTIN,V12 VANTAGE S,TWO-SEATER,6,12,AM7,Z,19.5,12.8,16.5
AUDI,A3,SUBCOMPACT,1.8,4,AM6,X,10,7.1,8.7
AUDI,A3 QUATTRO,SUBCOMPACT,2,4,AM6,X,9.8,7.2,8.6
AUDI,A3 CABRIOLET QUATTRO,SUBCOMPACT,2,4,AM6,X,10.1,7.5,8.9
AUDI,A4,COMPACT,2,4,AV8,Z,9.9,7.6,8.9
AUDI,A4 QUATTRO,COMPACT,2,4,AS8,Z,11,7.8,9.6
AUDI,A4 QUATTRO,COMPACT,2,4,M6,Z,10.6,7.3,9.1
AUDI,A4 ALLROAD QUATTRO,STATION WAGON - SMALL,2,4,AS8,Z,11.2,8.4,9.9
AUDI,A5 QUATTRO,SUBCOMPACT,2,4,AS8,Z,11,7.8,9.6
AUDI,A5 QUATTRO,SUBCOMPACT,2,4,M6,Z,10.6,7.3,9.1
AUDI,A5 CABRIOLET QUATTRO,SUBCOMPACT,2,4,AS8,Z,11.3,8,9.8
AUDI,A6 QUATTRO,MID-SIZE,2,4,AS8,Z,10.8,7.3,9.2
AUDI,A6 QUATTRO,MID-SIZE,3,6,AS8,Z,11.6,7.9,9.9
AUDI,A6 QUATTRO TDI (modified),MID-SIZE,3,6,AS8,D,9.4,6.2,7.8
AUDI,A7 QUATTRO,MID-SIZE,3,6,AS8,Z,11.6,7.9,9.9
AUDI,A7 QUATTRO TDI (modified),MID-SIZE,3,6,AS8,D,9.4,6.2,7.8
AUDI,A8 QUATTRO,MID-SIZE,3,6,AS8,Z,12.6,8,10.5
AUDI,A8 QUATTRO,MID-SIZE,4,8,AS8,Z,12.9,8,10.7
AUDI,A8 QUATTRO TDI (modified),MID-SIZE,3,6,AS8,D,9.8,6.5,8.4
AUDI,A8L QUATTRO,FULL-SIZE,4,8,AS8,Z,13.1,8.3,10.9
AUDI,A8L QUATTRO,FULL-SIZE,6.3,12,AS8,Z,17.8,10.8,14.6
AUDI,Q3,COMPACT,2,4,AS6,Z,12,8.2,10.3
AUDI,Q3 QUATTRO,COMPACT,2,4,AS6,Z,11.9,8.4,10.3
AUDI,Q5 QUATTRO,SUV - SMALL,2,4,AS8,Z,12,8.5,10.4
AUDI,Q5 QUATTRO,SUV - SMALL,3,6,AS8,Z,13.2,9.2,11.4
AUDI,Q5 QUATTRO TDI (modified),SUV - SMALL,3,6,AS8,D,10.2,7.8,9
AUDI,Q5 HYBRID QUATTRO,SUV - SMALL,2,4,AS8,Z,9.8,7.9,8.9
AUDI,RS 7 QUATTRO,MID-SIZE,4,8,AS8,Z,16.6,9.4,13.3
AUDI,S3 QUATTRO,SUBCOMPACT,2,4,AM6,Z,10.1,7.7,9
AUDI,S4 QUATTRO,COMPACT,3,6,AM7,Z,13,8.5,11
AUDI,S4 QUATTRO,COMPACT,3,6,M6,Z,13.8,9,11.7
AUDI,S5 QUATTRO,SUBCOMPACT,3,6,AM7,Z,13,8.5,11
AUDI,S5 QUATTRO,SUBCOMPACT,3,6,M6,Z,13.8,9,11.7
AUDI,S5 CABRIOLET QUATTRO,SUBCOMPACT,3,6,AM7,Z,13.3,9.1,11.4
AUDI,S6 QUATTRO,MID-SIZE,4,8,AM7,Z,13.3,8.8,11.3
AUDI,S7 QUATTRO,MID-SIZE,4,8,AM7,Z,13.4,8.8,11.4
AUDI,S8 QUATTRO,MID-SIZE,4,8,AS8,Z,15.7,9.4,12.8
AUDI,SQ5 QUATTRO,SUV - SMALL,3,6,AS8,Z,14.1,9.9,12.2
AUDI,TT COUPE QUATTRO,SUBCOMPACT,2,4,AM6,X,10.1,7.8,9.1
AUDI,TT ROADSTER QUATTRO,TWO-SEATER,2,4,AM6,X,10.1,7.8,9.1
AUDI,TTS COUPE QUATTRO,SUBCOMPACT,2,4,AM6,Z,10.3,8.6,9.5
BENTLEY,CONTINENTAL GT,COMPACT,4,8,AS8,Z,16.1,9.4,13.1
BENTLEY,CONTINENTAL GT,COMPACT,6,12,AS8,Z,18.9,11.2,15.4
BENTLEY,CONTINENTAL GT CONVERTIBLE,SUBCOMPACT,4,8,AS8,Z,17.7,10.3,14.4
BENTLEY,CONTINENTAL GT CONVERTIBLE,SUBCOMPACT,6,12,AS8,Z,19.6,11.7,16
BENTLEY,FLYING SPUR,MID-SIZE,4,8,AS8,Z,17.7,10,14.2
BENTLEY,FLYING SPUR,MID-SIZE,6,12,AS8,Z,20.3,11.9,16.5
BENTLEY,MULSANNE,MID-SIZE,6.8,8,AS8,Z,21,13.1,17.5
BMW,228i,SUBCOMPACT,2,4,AS8,Z,9.9,6.5,8.4
BMW,228i,SUBCOMPACT,2,4,M6,Z,10.7,7,9
BMW,228i xDRIVE,SUBCOMPACT,2,4,AS8,Z,10.4,6.8,8.8
BMW,228i xDRIVE CABRIOLET,SUBCOMPACT,2,4,AS8,Z,10.5,6.9,8.9
BMW,320i,COMPACT,2,4,AS8,Z,9.9,6.5,8.4
BMW,320i,COMPACT,2,4,M6,Z,10.7,7,9
BMW,320i xDRIVE,COMPACT,2,4,AS8,Z,10.4,6.8,8.8
BMW,328d xDRIVE,COMPACT,2,4,AS8,D,7.7,5.7,6.8
BMW,328d xDRIVE TOURING,STATION WAGON - SMALL,2,4,AS8,D,7.7,5.7,6.8
BMW,328i xDRIVE,COMPACT,2,4,AS8,Z,10.5,6.9,8.9
BMW,328i xDRIVE GRAN TURISMO,FULL-SIZE,2,4,AS8,Z,10.5,6.9,8.9
BMW,328i xDRIVE TOURING,STATION WAGON - SMALL,2,4,AS8,Z,10.5,6.9,8.9
BMW,335i xDRIVE GRAN TURISMO,FULL-SIZE,3,6,AS8,Z,12,7.9,10.2
BMW,340i,COMPACT,3,6,AS8,Z,10.9,7.2,9.3
BMW,340i,COMPACT,3,6,M6,Z,11.6,7.8,9.9
BMW,340i xDRIVE,COMPACT,3,6,AS8,Z,10.9,7.3,9.3
BMW,340i xDRIVE,COMPACT,3,6,M6,Z,11.9,8.3,10.3
BMW,428i CABRIOLET,SUBCOMPACT,2,4,AS8,Z,10.8,6.7,8.9
BMW,428i COUPE,COMPACT,2,4,AS8,Z,9.9,6.5,8.4
BMW,428i COUPE,COMPACT,2,4,M6,Z,10.7,7,9
BMW,428i GRAN COUPE,COMPACT,2,4,AS8,Z,10.8,6.7,8.9
BMW,428i GRAN COUPE,COMPACT,2,4,M6,Z,10.9,6.8,9
BMW,428i xDRIVE CABRIOLET,SUBCOMPACT,2,4,AS8,Z,11.3,7.1,9.4
BMW,428i xDRIVE COUPE,COMPACT,2,4,AS8,Z,10.5,6.9,8.9
BMW,428i xDRIVE GRAN COUPE,COMPACT,2,4,AS8,Z,10.5,6.9,8.9
BMW,435i CABRIOLET,SUBCOMPACT,3,6,AS8,Z,11.8,7.6,9.9
BMW,435i COUPE,COMPACT,3,6,AS8,Z,11.6,7.7,9.9
BMW,435i COUPE,COMPACT,3,6,M6,Z,12.1,8.4,10.5
BMW,435i xDRIVE CABRIOLET,SUBCOMPACT,3,6,AS8,Z,11.9,8.1,10.2
BMW,435i xDRIVE COUPE,COMPACT,3,6,AS8,Z,12,7.9,10.2
BMW,435i xDRIVE COUPE,COMPACT,3,6,M6,Z,12.3,8.4,10.5
BMW,435i xDRIVE GRAN COUPE,COMPACT,3,6,AS8,Z,12,7.9,10.2
BMW,528i xDRIVE,MID-SIZE,2,4,AS8,Z,10.5,6.9,8.9
BMW,535d xDRIVE,MID-SIZE,3,6,AS8,D,9.2,6.3,7.9
BMW,535i xDRIVE,MID-SIZE,3,6,AS8,Z,11.9,8.1,10.2
BMW,535i xDRIVE GRAN TURISMO,FULL-SIZE,3,6,AS8,Z,13,9.1,11.2
BMW,550i xDRIVE,MID-SIZE,4.4,8,AS8,Z,14.4,9.6,12.3
BMW,550i xDRIVE GRAN TURISMO,FULL-SIZE,4.4,8,AS8,Z,14.3,9.3,12.1
BMW,640i xDRIVE CABRIOLET,SUBCOMPACT,3,6,AS8,Z,11.9,8.1,10.2
BMW,640i xDRIVE GRAN COUPE,COMPACT,3,6,AS8,Z,11.9,8.1,10.2
BMW,650i xDRIVE CABRIOLET,SUBCOMPACT,4.4,8,AS8,Z,14.3,9.3,12.1
BMW,650i xDRIVE COUPE,COMPACT,4.4,8,AS8,Z,14.4,9.6,12.3
BMW,650i xDRIVE GRAN COUPE,COMPACT,4.4,8,AS8,Z,14.3,9.3,12.1
BMW,750i xDRIVE,FULL-SIZE,4.4,8,AS8,Z,14.3,9.3,12.1
BMW,750Li xDRIVE,FULL-SIZE,4.4,8,AS8,Z,14.3,9.3,12.1
BMW,ACTIVEHYBRID 5,MID-SIZE,3,6,AS8,Z,10.6,7.9,9.4
BMW,ALPINA B6 xDRIVE GRAN COUPE,COMPACT,4.4,8,AS8,Z,14.3,9.3,12.1
BMW,M2,SUBCOMPACT,3,6,AM7,Z,11.8,8.8,10.4
BMW,M2,SUBCOMPACT,3,6,M6,Z,12.7,9.2,11.1
BMW,M235i,SUBCOMPACT,3,6,AS8,Z,11.6,7.7,9.9
BMW,M235i,SUBCOMPACT,3,6,M6,Z,11.9,8.6,10.4
BMW,M235i CABRIOLET,SUBCOMPACT,3,6,AS8,Z,11.6,7.7,9.9
BMW,M235i CABRIOLET,SUBCOMPACT,3,6,M6,Z,12.1,8.4,10.5
BMW,M235i xDRIVE,SUBCOMPACT,3,6,AS8,Z,12,7.9,10.2
BMW,M235i xDRIVE CABRIOLET,SUBCOMPACT,3,6,AS8,Z,12,7.9,10.2
BMW,M3,COMPACT,3,6,AM7,Z,14.1,9.7,12.1
BMW,M3,COMPACT,3,6,M6,Z,13.7,9,11.6
BMW,M4 CABRIOLET,SUBCOMPACT,3,6,AM7,Z,14.2,9.6,12.1
BMW,M4 CABRIOLET,SUBCOMPACT,3,6,M6,Z,14.1,9,11.8
BMW,M4 COUPE,COMPACT,3,6,AM7,Z,14.1,9.7,12.1
BMW,M4 COUPE,COMPACT,3,6,M6,Z,13.7,9,11.6
BMW,M5,MID-SIZE,4.4,8,AM7,Z,17.3,11.5,14.7
BMW,M5,MID-SIZE,4.4,8,M6,Z,16.1,10.9,13.7
BMW,M6,COMPACT,4.4,8,AM7,Z,17.3,11.5,14.7
BMW,M6,COMPACT,4.4,8,M6,Z,16.1,10.9,13.7
BMW,M6 CABRIOLET,SUBCOMPACT,4.4,8,AM7,Z,17.3,11.5,14.7
BMW,M6 CABRIOLET,SUBCOMPACT,4.4,8,M6,Z,16.1,10.9,13.7
BMW,M6 GRAN COUPE,COMPACT,4.4,8,AM7,Z,17.3,11.5,14.7
BMW,M6 GRAN COUPE,COMPACT,4.4,8,M6,Z,16.1,10.9,13.7
BMW,X1 xDRIVE28i,SUV - SMALL,2,4,AS8,Z,10.7,7.4,9.2
BMW,X3 xDRIVE28d,SUV - SMALL,2,4,AS8,D,8.6,6.9,7.9
BMW,X3 xDRIVE28i,SUV - SMALL,2,4,AS8,Z,11.1,8.4,9.9
BMW,X3 xDRIVE35i,SUV - SMALL,3,6,AS8,Z,12.7,8.8,10.9
BMW,X4 M40i,SUV - SMALL,3,6,AS8,Z,12.8,9.5,11.3
BMW,X4 xDRIVE28i,SUV - SMALL,2,4,AS8,Z,11.7,8.4,10.2
BMW,X4 xDRIVE35i,SUV - SMALL,3,6,AS8,Z,12.7,8.8,10.9
BMW,X5 M,SUV - STANDARD,4.4,8,AS8,Z,16.6,12.1,14.6
BMW,X5 xDRIVE35d,SUV - STANDARD,3,6,AS8,D,10,7.6,8.9
BMW,X5 xDRIVE35i,SUV - STANDARD,3,6,AS8,Z,13,9.7,11.5
BMW,X5 xDRIVE50i,SUV - STANDARD,4.4,8,AS8,Z,15.7,11.4,13.8
BMW,X6 M,SUV - STANDARD,4.4,8,AS8,Z,16.6,12.1,14.6
BMW,X6 xDRIVE35i,SUV - STANDARD,3,6,AS8,Z,13,9.7,11.5
BMW,X6 xDRIVE50i,SUV - STANDARD,4.4,8,AS8,Z,15.7,11.4,13.8
BMW,Z4 sDRIVE28i,TWO-SEATER,2,4,AS8,Z,10.7,7.1,9.1
BMW,Z4 sDRIVE28i,TWO-SEATER,2,4,M6,Z,10.7,7,9
BMW,Z4 sDRIVE35i,TWO-SEATER,3,6,AM7,Z,13.7,10,12.1
BMW,Z4 sDRIVE35is,TWO-SEATER,3,6,AM7,Z,13.7,10,12.1
BUICK,ENCLAVE,SUV - STANDARD,3.6,6,A6,X,15.8,10.6,13.4
BUICK,ENCLAVE AWD,SUV - STANDARD,3.6,6,A6,X,16.1,10.8,13.7
BUICK,ENCORE,SUV - SMALL,1.4,4,AS6,X,9.5,7.2,8.5
BUICK,ENCORE AWD,SUV - SMALL,1.4,4,AS6,X,10.2,8,9.2
BUICK,ENCORE SPORT TOURING,SUV - SMALL,1.4,4,AS6,X,8.5,6.9,7.8
BUICK,ENCORE SPORT TOURING AWD,SUV - SMALL,1.4,4,AS6,X,8.9,7.4,8.2
BUICK,ENVISION AWD,SUV - SMALL,2,4,A6,Z,11.8,9.1,10.6
BUICK,LACROSSE FFV,MID-SIZE,3.6,6,AS6,X,13.7,8.6,11.4
BUICK,LACROSSE FFV,MID-SIZE,3.6,6,AS6,E,18.7,12.4,15.8
BUICK,LACROSSE eASSIST,MID-SIZE,2.4,4,AS6,X,9.6,6.5,8.2
BUICK,LACROSSE AWD FFV,MID-SIZE,3.6,6,AS6,X,13.8,9,11.7
BUICK,LACROSSE AWD FFV,MID-SIZE,3.6,6,AS6,E,18.5,12.5,15.8
BUICK,REGAL,MID-SIZE,2,4,AS6,Z,11.4,7.9,9.8
BUICK,REGAL,MID-SIZE,2,4,M6,Z,11.6,7.6,9.8
BUICK,REGAL eASSIST,MID-SIZE,2.4,4,AS6,X,9.6,6.5,8.2
BUICK,REGAL AWD,MID-SIZE,2,4,AS6,Z,12.4,8.7,10.7
BUICK,VERANO,COMPACT,2,4,AS6,Z,11.4,7.9,9.8
BUICK,VERANO,COMPACT,2,4,M6,Z,11.6,7.6,9.8
BUICK,VERANO,COMPACT,2.4,4,AS6,X,11.3,7.4,9.6
CADILLAC,ATS,COMPACT,2,4,AS8,Z,10.5,7.6,9.2
CADILLAC,ATS,COMPACT,2,4,M6,Z,12,8.1,10.3
CADILLAC,ATS,COMPACT,2.5,4,AS8,X,10.6,7.3,9.1
CADILLAC,ATS,COMPACT,3.6,6,AS8,X,11.6,7.9,9.9
CADILLAC,ATS AWD,COMPACT,2,4,AS8,Z,10.8,7.8,9.4
CADILLAC,ATS AWD,COMPACT,3.6,6,AS8,X,12.2,8.5,10.5
CADILLAC,ATS-V,COMPACT,3.6,6,AS8,Z,14.7,9.8,12.5
CADILLAC,ATS-V,COMPACT,3.6,6,M6,Z,14.2,10.2,12.4
CADILLAC,CT6,FULL-SIZE,2,4,AS8,Z,11,7.6,9.5
CADILLAC,CT6 AWD,FULL-SIZE,3,6,AS8,Z,13,9,11.2
CADILLAC,CT6 AWD,FULL-SIZE,3.6,6,AS8,X,12.8,8.7,11
CADILLAC,CTS,MID-SIZE,2,4,AS8,Z,11,7.6,9.5
CADILLAC,CTS,MID-SIZE,3.6,6,AS8,X,11.6,7.9,9.9
CADILLAC,CTS AWD,MID-SIZE,2,4,AS8,Z,11.2,8.1,9.8
CADILLAC,CTS AWD,MID-SIZE,3.6,6,AS8,X,12.2,8.5,10.5
CADILLAC,CTS Vsport,MID-SIZE,3.6,6,AS8,Z,14.7,9.8,12.5
CADILLAC,CTS-V,MID-SIZE,6.2,8,AS8,Z,16.6,11.1,14.1
CADILLAC,ESCALADE 4WD,SUV - STANDARD,6.2,8,A8,Z,16,11.2,13.9
CADILLAC,SRX,SUV - STANDARD,3.6,6,AS6,X,14.2,9.8,12.3
CADILLAC,SRX AWD,SUV - STANDARD,3.6,6,AS6,X,14.8,10.4,12.8
CADILLAC,XTS,FULL-SIZE,3.6,6,AS6,X,13.6,8.6,11.3
CADILLAC,XTS AWD,FULL-SIZE,3.6,6,AS6,X,13.9,8.9,11.6
CADILLAC,XTS Vsport AWD,FULL-SIZE,3.6,6,AS6,Z,15,10.2,12.8
CHEVROLET,CAMARO,COMPACT,2,4,AS8,Z,10.9,7.5,9.3
CHEVROLET,CAMARO,COMPACT,2,4,M6,Z,11.4,7.9,9.8
CHEVROLET,CAMARO,COMPACT,3.6,6,AS8,X,12.3,8.5,10.6
CHEVROLET,CAMARO,COMPACT,3.6,6,M6,X,13.2,8.7,11.2
CHEVROLET,CAMARO SS,COMPACT,6.2,8,AS8,Z,14.2,8.4,11.6
CHEVROLET,CAMARO SS,COMPACT,6.2,8,M6,Z,14.3,9.4,12.1
CHEVROLET,CITY EXPRESS,SPECIAL PURPOSE VEHICLE,2,4,AV,X,9.7,9,9.4
CHEVROLET,COLORADO,PICKUP TRUCK - SMALL,2.5,4,A6,X,11.9,8.9,10.5
CHEVROLET,COLORADO,PICKUP TRUCK - SMALL,2.5,4,M6,X,12.2,9.1,10.8
CHEVROLET,COLORADO,PICKUP TRUCK - SMALL,2.8,4,A6,D,10.8,7.7,9.4
CHEVROLET,COLORADO,PICKUP TRUCK - SMALL,3.6,6,A6,X,13,9.2,11.3
CHEVROLET,COLORADO 4WD,PICKUP TRUCK - SMALL,2.5,4,A6,X,12.7,9.6,11.3
CHEVROLET,COLORADO 4WD,PICKUP TRUCK - SMALL,2.8,4,A6,D,12,8.2,10.3
CHEVROLET,COLORADO 4WD,PICKUP TRUCK - SMALL,3.6,6,A6,X,13.6,9.9,11.9
CHEVROLET,CORVETTE,TWO-SEATER,6.2,8,AS8,Z,14.6,8.1,11.7
CHEVROLET,CORVETTE,TWO-SEATER,6.2,8,M7,Z,13.7,8.2,11.2
CHEVROLET,CORVETTE Z06,TWO-SEATER,6.2,8,AS8,Z,17.7,10.2,14.3
CHEVROLET,CORVETTE Z06,TWO-SEATER,6.2,8,M7,Z,15.7,10.6,13.4
CHEVROLET,CRUZE,COMPACT,1.4,4,AS6,X,7.8,5.6,6.8
CHEVROLET,CRUZE,COMPACT,1.4,4,M6,X,8.2,5.8,7.1
CHEVROLET,CRUZE PREMIER,COMPACT,1.4,4,AS6,X,7.8,5.9,6.9
CHEVROLET,CRUZE LIMITED,MID-SIZE,1.4,4,AS6,X,9.1,6.3,7.8
CHEVROLET,CRUZE LIMITED,MID-SIZE,1.4,4,M6,X,9,6.2,7.8
CHEVROLET,CRUZE LIMITED,MID-SIZE,1.8,4,AS6,X,10.5,6.8,8.8
CHEVROLET,CRUZE LIMITED,MID-SIZE,1.8,4,M6,X,9.4,6.6,8.1
CHEVROLET,CRUZE LIMITED ECO,MID-SIZE,1.4,4,A6,X,9,6.1,7.7
CHEVROLET,CRUZE LIMITED ECO,MID-SIZE,1.4,4,M6,X,8.4,5.6,7.1
CHEVROLET,EQUINOX,SUV - SMALL,2.4,4,A6,X,10.5,7.3,9.1
CHEVROLET,EQUINOX,SUV - SMALL,3.6,6,A6,X,14.2,9.5,12.1
CHEVROLET,EQUINOX FFV,SUV - SMALL,2.4,4,A6,X,10.5,7.3,9.1
CHEVROLET,EQUINOX FFV,SUV - SMALL,2.4,4,A6,E,15.6,10.8,13.4
CHEVROLET,EQUINOX AWD,SUV - SMALL,2.4,4,A6,X,11.5,8.2,10
CHEVROLET,EQUINOX AWD,SUV - SMALL,3.6,6,A6,X,14.9,10.1,12.8
CHEVROLET,EQUINOX AWD FFV,SUV - SMALL,2.4,4,A6,X,11.5,8.2,10
CHEVROLET,EQUINOX AWD FFV,SUV - SMALL,2.4,4,A6,E,16.3,11.6,14.2
CHEVROLET,EXPRESS 2500 PASSENGER,VAN - PASSENGER,6,8,A6,X,22,14.9,18.8
CHEVROLET,EXPRESS 3500 PASSENGER,VAN - PASSENGER,6,8,A6,X,23,16,19.8
CHEVROLET,IMPALA,FULL-SIZE,2.5,4,AS6,X,10.6,7.5,9.2
CHEVROLET,IMPALA FFV,FULL-SIZE,3.6,6,AS6,X,12.5,8.2,10.6
CHEVROLET,IMPALA FFV,FULL-SIZE,3.6,6,AS6,E,17,11.5,14.5
CHEVROLET,IMPALA DUAL FUEL,MID-SIZE,3.6,6,AS6,X,13.9,9.3,11.9
CHEVROLET,IMPALA DUAL FUEL,MID-SIZE,3.6,6,AS6,N,15.2,9.5,12.7
CHEVROLET,MALIBU,MID-SIZE,1.5,4,A6,X,8.7,6.3,7.6
CHEVROLET,MALIBU,MID-SIZE,2,4,AS8,Z,10.6,7.1,9
CHEVROLET,MALIBU LIMITED,MID-SIZE,2.5,4,AS6,X,10,7,8.6
CHEVROLET,MALIBU HYBRID,MID-SIZE,1.8,4,AV,X,5,5.1,5.1
CHEVROLET,SILVERADO,PICKUP TRUCK - STANDARD,5.3,8,A6,X,14.6,10.4,12.7
CHEVROLET,SILVERADO,PICKUP TRUCK - STANDARD,6.2,8,A8,Z,16.1,11.4,14
CHEVROLET,SILVERADO FFV,PICKUP TRUCK - STANDARD,4.3,6,A6,X,13.5,10,11.9
CHEVROLET,SILVERADO FFV,PICKUP TRUCK - STANDARD,4.3,6,A6,E,19.3,14.4,17.1
CHEVROLET,SILVERADO FFV,PICKUP TRUCK - STANDARD,5.3,8,A6,X,14.6,10.4,12.7
CHEVROLET,SILVERADO FFV,PICKUP TRUCK - STANDARD,5.3,8,A6,E,19.9,14,17.2
CHEVROLET,SILVERADO 4WD,PICKUP TRUCK - STANDARD,5.3,8,A6,X,15,10.7,13.1
CHEVROLET,SILVERADO 4WD,PICKUP TRUCK - STANDARD,6.2,8,A8,Z,16.3,11.6,14.2
CHEVROLET,SILVERADO 4WD FFV,PICKUP TRUCK - STANDARD,4.3,6,A6,X,14.2,10.7,12.6
CHEVROLET,SILVERADO 4WD FFV,PICKUP TRUCK - STANDARD,4.3,6,A6,E,20.3,15.3,18.1
CHEVROLET,SILVERADO 4WD FFV,PICKUP TRUCK - STANDARD,5.3,8,A6,X,15,10.7,13.1
CHEVROLET,SILVERADO 4WD FFV,PICKUP TRUCK - STANDARD,5.3,8,A6,E,20.5,14.4,17.8
CHEVROLET,SILVERADO eASSIST 4WD,PICKUP TRUCK - STANDARD,5.3,8,A8,X,14.4,11.2,13
CHEVROLET,SONIC,COMPACT,1.4,4,AS6,X,9,6.8,8
CHEVROLET,SONIC,COMPACT,1.4,4,M6,X,8.5,6.2,7.5
CHEVROLET,SONIC,COMPACT,1.8,4,AS6,X,9.6,6.7,8.3
CHEVROLET,SONIC,COMPACT,1.8,4,M5,X,9,6.8,8
CHEVROLET,SONIC RS,COMPACT,1.4,4,AS6,X,9.5,7.1,8.4
CHEVROLET,SONIC RS,COMPACT,1.4,4,M6,X,8.9,7,8
CHEVROLET,SONIC 5,STATION WAGON - SMALL,1.4,4,AS6,X,9,6.8,8
CHEVROLET,SONIC 5,STATION WAGON - SMALL,1.4,4,M6,X,8.5,6.2,7.5
CHEVROLET,SONIC 5,STATION WAGON - SMALL,1.8,4,AS6,X,9.6,6.7,8.3
CHEVROLET,SONIC 5,STATION WAGON - SMALL,1.8,4,M5,X,9,6.8,8
CHEVROLET,SONIC 5 RS,STATION WAGON - SMALL,1.4,4,AS6,X,9.5,7.1,8.4
CHEVROLET,SONIC 5 RS,STATION WAGON - SMALL,1.4,4,M6,X,8.9,7,8
CHEVROLET,SPARK,SUBCOMPACT,1.4,4,AV,X,7.6,5.7,6.7
CHEVROLET,SPARK,SUBCOMPACT,1.4,4,M5,X,7.8,5.8,6.9
CHEVROLET,SUBURBAN,SUV - STANDARD,5.3,8,A6,X,15.1,10.4,13
CHEVROLET,SUBURBAN FFV,SUV - STANDARD,5.3,8,A6,X,15.1,10.4,13
CHEVROLET,SUBURBAN FFV,SUV - STANDARD,5.3,8,A6,E,20.5,14,17.6
CHEVROLET,SUBURBAN 4WD,SUV - STANDARD,5.3,8,A6,X,15.4,10.8,13.3
CHEVROLET,SUBURBAN 4WD FFV,SUV - STANDARD,5.3,8,A6,X,15.4,10.8,13.3
CHEVROLET,SUBURBAN 4WD FFV,SUV - STANDARD,5.3,8,A6,E,22.2,15.3,19.1
CHEVROLET,TAHOE,SUV - STANDARD,5.3,8,A6,X,15.1,10.4,13
CHEVROLET,TAHOE FFV,SUV - STANDARD,5.3,8,A6,X,15.1,10.4,13
CHEVROLET,TAHOE FFV,SUV - STANDARD,5.3,8,A6,E,20.5,14,17.6
CHEVROLET,TAHOE 4WD,SUV - STANDARD,5.3,8,A6,X,15.2,10.8,13.2
CHEVROLET,TAHOE 4WD FFV,SUV - STANDARD,5.3,8,A6,X,15.2,10.8,13.2
CHEVROLET,TAHOE 4WD FFV,SUV - STANDARD,5.3,8,A6,E,20.9,14.5,18
CHEVROLET,TRAVERSE,SUV - STANDARD,3.6,6,A6,X,15.8,10.6,13.4
CHEVROLET,TRAVERSE AWD,SUV - STANDARD,3.6,6,A6,X,16.1,10.8,13.7
CHEVROLET,TRAX,SUV - SMALL,1.4,4,AS6,X,9.2,7,8.2
CHEVROLET,TRAX,SUV - SMALL,1.4,4,M6,X,9.1,6.9,8.1
CHEVROLET,TRAX 4WD,SUV - SMALL,1.4,4,AS6,X,9.7,7.6,8.7
CHRYSLER,200 FFV,MID-SIZE,2.4,4,A9,X,10.2,6.4,8.5
CHRYSLER,200 FFV,MID-SIZE,2.4,4,A9,E,13.6,8.5,11.3
CHRYSLER,200 FFV,MID-SIZE,3.6,6,A9,X,12.4,7.5,10.2
CHRYSLER,200 FFV,MID-SIZE,3.6,6,A9,E,16.5,10.1,13.6
CHRYSLER,200 AWD FFV,MID-SIZE,3.6,6,A9,X,12.8,8.1,10.7
CHRYSLER,200 AWD FFV,MID-SIZE,3.6,6,A9,E,16.9,10.8,14.1
CHRYSLER,300,FULL-SIZE,3.6,6,A8,X,12.4,7.7,10.3
CHRYSLER,300 FFV,FULL-SIZE,3.6,6,A8,X,12.4,7.7,10.3
CHRYSLER,300 FFV,FULL-SIZE,3.6,6,A8,E,16.8,10.3,13.9
CHRYSLER,300 (MDS),FULL-SIZE,5.7,8,A8,X,14.8,9.3,12.3
CHRYSLER,300 AWD,FULL-SIZE,3.6,6,A8,X,12.8,8.6,10.9
CHRYSLER,300 AWD FFV,FULL-SIZE,3.6,6,A8,X,12.8,8.6,10.9
CHRYSLER,300 AWD FFV,FULL-SIZE,3.6,6,A8,E,17.3,11.7,14.8
CHRYSLER,TOWN & COUNTRY FFV,MINIVAN,3.6,6,A6,X,14.1,9.5,12
CHRYSLER,TOWN & COUNTRY FFV,MINIVAN,3.6,6,A6,E,19.7,13.3,16.8
DODGE,CHALLENGER,MID-SIZE,3.6,6,A8,X,12.4,7.8,10.3
DODGE,CHALLENGER,MID-SIZE,5.7,8,M6,X,15.6,10,13.1
DODGE,CHALLENGER,MID-SIZE,6.4,8,M6,Z,16.8,10.4,13.9
DODGE,CHALLENGER (MDS),MID-SIZE,5.7,8,A8,X,14.8,9.3,12.3
DODGE,CHALLENGER (MDS),MID-SIZE,6.4,8,A8,Z,15.7,9.5,12.9
DODGE,CHALLENGER SRT,MID-SIZE,6.4,8,M6,Z,16.8,10.4,13.9
DODGE,CHALLENGER SRT (MDS),MID-SIZE,6.4,8,A8,Z,15.7,9.5,12.9
DODGE,CHALLENGER SRT HELLCAT,MID-SIZE,6.2,8,A8,Z,17.6,10.7,14.5
DODGE,CHALLENGER SRT HELLCAT,MID-SIZE,6.2,8,M6,Z,18.1,11.4,15.1
DODGE,CHARGER,FULL-SIZE,3.6,6,A5,X,13.7,8.9,11.5
DODGE,CHARGER,FULL-SIZE,3.6,6,A8,X,12.4,7.7,10.3
DODGE,CHARGER FFV,FULL-SIZE,3.6,6,A5,X,13.7,8.9,11.5
DODGE,CHARGER FFV,FULL-SIZE,3.6,6,A5,E,18.7,12.4,15.9
DODGE,CHARGER FFV,FULL-SIZE,3.6,6,A8,X,12.4,7.7,10.3
DODGE,CHARGER FFV,FULL-SIZE,3.6,6,A8,E,16.8,10.3,13.9
DODGE,CHARGER (MDS),FULL-SIZE,5.7,8,A5,X,15.7,9.6,12.9
DODGE,CHARGER (MDS),FULL-SIZE,5.7,8,A8,X,14.8,9.3,12.3
DODGE,CHARGER (MDS),FULL-SIZE,6.4,8,A8,Z,15.7,9.5,12.9
DODGE,CHARGER AWD,FULL-SIZE,3.6,6,A8,X,12.8,8.6,10.9
DODGE,CHARGER AWD FFV,FULL-SIZE,3.6,6,A8,X,12.8,8.6,10.9
DODGE,CHARGER AWD FFV,FULL-SIZE,3.6,6,A8,E,17.3,11.7,14.8
DODGE,CHARGER AWD (MDS),FULL-SIZE,5.7,8,A5,X,16.1,10,13.4
DODGE,CHARGER SRT (MDS),FULL-SIZE,6.4,8,A8,Z,15.7,9.5,12.9
DODGE,CHARGER SRT HELLCAT,FULL-SIZE,6.2,8,A8,Z,17.6,10.7,14.5
DODGE,DART,MID-SIZE,2,4,M6,X,9.4,6.5,8.1
DODGE,DART,MID-SIZE,2.4,4,A6,X,10.1,6.8,8.6
DODGE,DART,MID-SIZE,2.4,4,M6,X,10.5,6.7,8.8
DODGE,DART FFV,MID-SIZE,2,4,A6,X,9.9,7,8.6
DODGE,DART FFV,MID-SIZE,2,4,A6,E,13.3,9.3,11.5
DODGE,DART GT,MID-SIZE,2.4,4,A6,X,10.6,7.5,9.2
DODGE,DART GT,MID-SIZE,2.4,4,M6,X,10.2,7,8.8
DODGE,DART TURBO AERO,MID-SIZE,1.4,4,AM6,X,8.4,5.9,7.3
DODGE,DART TURBO AERO,MID-SIZE,1.4,4,M6,X,8.5,5.8,7.3
DODGE,DURANGO AWD,SUV - STANDARD,3.6,6,A8,X,12.8,9.5,11.3
DODGE,DURANGO AWD (MDS),SUV - STANDARD,5.7,8,A8,X,16.7,10.7,14
DODGE,GRAND CARAVAN FFV,MINIVAN,3.6,6,A6,X,13.7,9.4,11.8
DODGE,GRAND CARAVAN FFV,MINIVAN,3.6,6,A6,E,19.2,13.1,16.4
DODGE,JOURNEY,SUV - SMALL,2.4,4,A4,X,12.7,9.1,11.1
DODGE,JOURNEY FFV,SUV - SMALL,3.6,6,A6,X,14.2,9.4,12.1
DODGE,JOURNEY FFV,SUV - SMALL,3.6,6,A6,E,18.9,12.9,16.2
DODGE,JOURNEY AWD,SUV - SMALL,3.6,6,A6,X,14.5,9.9,12.4
DODGE,VIPER SRT,TWO-SEATER,8.4,10,M6,Z,19.2,11.3,15.6
FIAT,500 CABRIO,MINICOMPACT,1.4,4,A6,X,8.7,6.9,7.9
FIAT,500 CABRIO,MINICOMPACT,1.4,4,M5,X,7.9,6.3,7.2
FIAT,500 HATCHBACK,MINICOMPACT,1.4,4,A6,X,8.7,6.9,7.9
FIAT,500 HATCHBACK,MINICOMPACT,1.4,4,M5,X,7.6,5.9,6.8
FIAT,500 HATCHBACK TURBO,MINICOMPACT,1.4,4,A6,X,9.6,7.3,8.6
FIAT,500 HATCHBACK TURBO,MINICOMPACT,1.4,4,M5,X,8.5,6.9,7.8
FIAT,500 ABARTH CABRIO,MINICOMPACT,1.4,4,A6,X,9.6,7.3,8.6
FIAT,500 ABARTH CABRIO,MINICOMPACT,1.4,4,M5,X,8.5,6.9,7.8
FIAT,500 ABARTH HATCHBACK,MINICOMPACT,1.4,4,A6,X,9.6,7.3,8.6
FIAT,500 ABARTH HATCHBACK,MINICOMPACT,1.4,4,M5,X,8.5,6.9,7.8
FIAT,500L,STATION WAGON - SMALL,1.4,4,A6,X,10.6,7.8,9.4
FIAT,500L,STATION WAGON - SMALL,1.4,4,AM6,X,9.9,7.2,8.7
FIAT,500L,STATION WAGON - SMALL,1.4,4,M6,X,9.3,7.1,8.3
FIAT,500X,SUV - SMALL,1.4,4,M6,X,9.5,6.9,8.3
FIAT,500X,SUV - SMALL,2.4,4,A9,X,10.6,7.6,9.3
FIAT,500X AWD,SUV - SMALL,2.4,4,A9,X,11,7.9,9.6
FORD,C-MAX HYBRID,FULL-SIZE,2,4,AV,X,5.6,6.4,6
FORD,EDGE,SUV - SMALL,2,4,AS6,X,11.5,7.8,9.8
FORD,EDGE (Start/Stop),SUV - SMALL,2,4,AS6,X,11.3,7.9,9.8
FORD,EDGE,SUV - SMALL,3.5,6,AS6,X,13.4,9,11.4
FORD,EDGE AWD,SUV - SMALL,2,4,AS6,X,11.8,8.4,10.3
FORD,EDGE AWD,SUV - SMALL,2.7,6,AS6,X,13.6,9.8,11.9
FORD,EDGE AWD,SUV - SMALL,3.5,6,AS6,X,13.7,9.6,11.8
FORD,ESCAPE,SUV - SMALL,1.6,4,AS6,X,10.1,7.4,8.9
FORD,ESCAPE,SUV - SMALL,2,4,AS6,X,10.9,7.9,9.6
FORD,ESCAPE,SUV - SMALL,2.5,4,AS6,X,10.9,7.6,9.4
FORD,ESCAPE AWD,SUV - SMALL,1.6,4,AS6,X,10.5,7.9,9.4
FORD,ESCAPE AWD,SUV - SMALL,2,4,AS6,X,11.4,8.4,10
FORD,EXPEDITION 4X4,SUV - STANDARD,3.5,6,AS6,X,16.2,11.9,14.3
FORD,EXPEDITION EL 4X4,SUV - STANDARD,3.5,6,AS6,X,16.4,12.1,14.4
FORD,EXPLORER,SUV - STANDARD,2.3,4,AS6,X,12.6,8.5,10.8
FORD,EXPLORER FFV,SUV - STANDARD,3.5,6,AS6,X,13.9,9.6,12
FORD,EXPLORER FFV,SUV - STANDARD,3.5,6,AS6,E,18.7,12.9,16.1
FORD,EXPLORER AWD,SUV - STANDARD,2.3,4,AS6,X,13.1,9.1,11.3
FORD,EXPLORER AWD,SUV - STANDARD,3.5,6,AS6,X,14.9,10.7,13
FORD,EXPLORER FFV AWD,SUV - STANDARD,3.5,6,AS6,X,14.4,10.4,12.6
FORD,EXPLORER FFV AWD,SUV - STANDARD,3.5,6,AS6,E,19.7,14.1,17.2
FORD,F-150,PICKUP TRUCK - STANDARD,2.7,6,AS6,X,12.3,9.2,10.9
FORD,F-150,PICKUP TRUCK - STANDARD,3.5,6,AS6,X,13.5,9.8,11.9
FORD,F-150 (Payload Pkg),PICKUP TRUCK - STANDARD,2.7,6,AS6,X,13.1,9.8,11.2
FORD,F-150 (Payload Pkg),PICKUP TRUCK - STANDARD,3.5,6,AS6,X,14.7,10.7,12.9
FORD,F-150 FFV,PICKUP TRUCK - STANDARD,3.5,6,A6,X,13.2,9.6,11.6
FORD,F-150 FFV,PICKUP TRUCK - STANDARD,3.5,6,A6,E,17.9,13,15.7
FORD,F-150 FFV,PICKUP TRUCK - STANDARD,5,8,AS6,X,15.3,10.6,13.2
FORD,F-150 FFV,PICKUP TRUCK - STANDARD,5,8,AS6,E,20.6,14.3,17.8
FORD,F-150 FFV (Payload Pkg),PICKUP TRUCK - STANDARD,5,8,AS6,X,16.8,11.8,14.5
FORD,F-150 FFV (Payload Pkg),PICKUP TRUCK - STANDARD,5,8,AS6,E,20.6,14.3,17.8
FORD,F-150 4X4,PICKUP TRUCK - STANDARD,2.7,6,AS6,X,13.1,10.1,11.7
FORD,F-150 4X4,PICKUP TRUCK - STANDARD,3.5,6,AS6,X,14.7,10.7,12.9
FORD,F-150 4X4 (Payload Pkg),PICKUP TRUCK - STANDARD,2.7,6,AS6,X,13.3,10.7,12.3
FORD,F-150 4X4 (Payload Pkg),PICKUP TRUCK - STANDARD,3.5,6,AS6,X,15.6,11.7,13.8
FORD,F-150 FFV 4X4,PICKUP TRUCK - STANDARD,3.5,6,A6,X,14,10.6,12.5
FORD,F-150 FFV 4X4,PICKUP TRUCK - STANDARD,3.5,6,A6,E,19.1,14.3,16.9
FORD,F-150 FFV 4X4,PICKUP TRUCK - STANDARD,5,8,AS6,X,16,11.3,13.8
FORD,F-150 FFV 4X4,PICKUP TRUCK - STANDARD,5,8,AS6,E,21.6,15.1,18.7
FORD,F-150 FFV 4X4 (Payload Pkg),PICKUP TRUCK - STANDARD,5,8,AS6,X,16.8,12.4,14.8
FORD,F-150 FFV 4X4 (Payload Pkg),PICKUP TRUCK - STANDARD,5,8,AS6,E,21.8,15.3,18.8
FORD,FIESTA,SUBCOMPACT,1.6,4,AS6,X,8.7,6.4,7.6
FORD,FIESTA,SUBCOMPACT,1.6,4,M5,X,8.5,6.5,7.6
FORD,FIESTA SFE,SUBCOMPACT,1,3,M5,X,7.5,5.5,6.6
FORD,FIESTA ST,COMPACT,1.6,4,M6,X,9,7.1,8.1
FORD,FLEX,SUV - STANDARD,3.5,6,AS6,X,14.7,10.2,12.7
FORD,FLEX AWD,SUV - STANDARD,3.5,6,AS6,X,14.7,10.7,12.9
FORD,FLEX AWD GTDI,SUV - STANDARD,3.5,6,AS6,X,15.7,11.2,13.7
FORD,FOCUS,COMPACT,1,3,AS6,X,8.5,5.9,7.3
FORD,FOCUS,COMPACT,1,3,M6,X,7.8,5.7,6.8
FORD,FOCUS FFV,COMPACT,2,4,AM6,X,8.9,6,7.6
FORD,FOCUS FFV,COMPACT,2,4,AM6,E,11.9,8.3,10.3
FORD,FOCUS FFV,COMPACT,2,4,AS6,X,9,6.2,7.8
FORD,FOCUS FFV,COMPACT,2,4,AS6,E,12.1,8.6,10.5
FORD,FOCUS FFV,COMPACT,2,4,M5,X,9.2,6.6,8
FORD,FOCUS FFV,COMPACT,2,4,M5,E,12.3,8.9,10.8
FORD,FOCUS RS AWD,MID-SIZE,2.3,4,M6,Z,12.1,9.3,10.9
FORD,FOCUS ST,MID-SIZE,2,4,M6,X,10.5,7.7,9.2
FORD,FUSION,MID-SIZE,1.5,4,AS6,X,9.9,6.5,8.4
FORD,FUSION (Start/Stop),MID-SIZE,1.5,4,AS6,X,9.4,6.3,8
FORD,FUSION,MID-SIZE,2,4,AS6,X,10.5,7,8.9
FORD,FUSION,MID-SIZE,2.5,4,AS6,X,10.5,6.9,8.9
FORD,FUSION AWD,MID-SIZE,2,4,AS6,X,10.8,7.5,9.3
FORD,FUSION HYBRID,MID-SIZE,2,4,AV,X,5.4,5.7,5.5
FORD,MUSTANG,SUBCOMPACT,2.3,4,AS6,X,11,7.4,9.4
FORD,MUSTANG,SUBCOMPACT,2.3,4,M6,X,10.6,7.6,9.2
FORD,MUSTANG,SUBCOMPACT,3.7,6,AS6,X,12.6,8.5,10.7
FORD,MUSTANG,SUBCOMPACT,3.7,6,M6,X,13.6,8.4,11.2
FORD,MUSTANG,SUBCOMPACT,5,8,AS6,X,14.9,9.5,12.4
FORD,MUSTANG,SUBCOMPACT,5,8,M6,X,15.5,9.4,12.7
FORD,MUSTANG CONVERTIBLE,SUBCOMPACT,2.3,4,AS6,X,11.6,8,10
FORD,MUSTANG CONVERTIBLE,SUBCOMPACT,5,8,AS6,X,15.4,10,13
FORD,SHELBY GT350 MUSTANG,SUBCOMPACT,5.2,8,M6,Z,16.9,11,14.2
FORD,T-150 WAGON,VAN - PASSENGER,3.5,6,AS6,X,16.1,12.7,14.6
FORD,T-150 WAGON FFV,VAN - PASSENGER,3.7,6,AS6,X,16.8,13.2,15.2
FORD,T-150 WAGON FFV,VAN - PASSENGER,3.7,6,AS6,E,23.1,18.6,21
FORD,TAURUS,FULL-SIZE,2,4,AS6,X,11.8,8.1,10.1
FORD,TAURUS FFV,FULL-SIZE,3.5,6,AS6,X,13.1,8.7,11.1
FORD,TAURUS FFV,FULL-SIZE,3.5,6,AS6,E,17.6,11.6,14.9
FORD,TAURUS AWD,FULL-SIZE,3.5,6,AS6,X,14.7,9.8,12.5
FORD,TAURUS FFV AWD,FULL-SIZE,3.5,6,AS6,X,13.6,9.8,12.4
FORD,TAURUS FFV AWD,FULL-SIZE,3.5,6,AS6,E,18.7,13.3,16.3
FORD,TRANSIT CONNECT VAN,SPECIAL PURPOSE VEHICLE,1.6,4,AS6,X,10.8,8,9.5
FORD,TRANSIT CONNECT VAN,SPECIAL PURPOSE VEHICLE,2.5,4,AS6,X,11.9,8.6,10.4
FORD,TRANSIT CONNECT VAN FFV,SPECIAL PURPOSE VEHICLE,2.5,4,AS6,X,11.9,8.6,10.4
FORD,TRANSIT CONNECT VAN FFV,SPECIAL PURPOSE VEHICLE,2.5,4,AS6,E,16.1,11.8,14.2
FORD,TRANSIT CONNECT WAGON,SPECIAL PURPOSE VEHICLE,2.5,4,AS6,X,12.4,8.7,10.7
FORD,TRANSIT CONNECT WAGON FFV,SPECIAL PURPOSE VEHICLE,2.5,4,AS6,X,12.4,8.7,10.7
FORD,TRANSIT CONNECT WAGON FFV,SPECIAL PURPOSE VEHICLE,2.5,4,AS6,E,16.8,12,14.6
FORD,TRANSIT CONNECT WAGON LWB,SPECIAL PURPOSE VEHICLE,2.5,4,AS6,X,12.4,8.7,10.7
FORD,TRANSIT CONNECT WAGON LWB FFV,SPECIAL PURPOSE VEHICLE,2.5,4,AS6,X,12.4,8.7,10.7
FORD,TRANSIT CONNECT WAGON LWB FFV,SPECIAL PURPOSE VEHICLE,2.5,4,AS6,E,16.8,12,14.6
GMC,ACADIA,SUV - STANDARD,3.6,6,A6,X,15.8,10.6,13.4
GMC,ACADIA AWD,SUV - STANDARD,3.6,6,A6,X,16.1,10.8,13.7
GMC,CANYON,PICKUP TRUCK - SMALL,2.5,4,A6,X,11.9,8.9,10.5
GMC,CANYON,PICKUP TRUCK - SMALL,2.5,4,M6,X,12.2,9.1,10.8
GMC,CANYON,PICKUP TRUCK - SMALL,2.8,4,A6,D,10.8,7.7,9.4
GMC,CANYON,PICKUP TRUCK - SMALL,3.6,6,A6,X,13,9.2,11.3
GMC,CANYON 4WD,PICKUP TRUCK - SMALL,2.5,4,A6,X,12.7,9.6,11.3
GMC,CANYON 4WD,PICKUP TRUCK - SMALL,2.8,4,A6,D,12,8.2,10.3
GMC,CANYON 4WD,PICKUP TRUCK - SMALL,3.6,6,A6,X,13.6,9.9,11.9
GMC,SAVANA 2500 PASSENGER,VAN - PASSENGER,6,8,A6,X,22,14.9,18.8
GMC,SAVANA 3500 PASSENGER,VAN - PASSENGER,6,8,A6,X,23,16,19.8
GMC,SIERRA,PICKUP TRUCK - STANDARD,5.3,8,A6,X,14.6,10.4,12.7
GMC,SIERRA,PICKUP TRUCK - STANDARD,6.2,8,A8,Z,16.1,11.4,14
GMC,SIERRA FFV,PICKUP TRUCK - STANDARD,4.3,6,A6,X,13.5,10,11.9
GMC,SIERRA FFV,PICKUP TRUCK - STANDARD,4.3,6,A6,E,19.3,14.4,17.1
GMC,SIERRA FFV,PICKUP TRUCK - STANDARD,5.3,8,A6,X,14.6,10.4,12.7
GMC,SIERRA FFV,PICKUP TRUCK - STANDARD,5.3,8,A6,E,19.9,14,17.2
GMC,SIERRA 4WD,PICKUP TRUCK - STANDARD,5.3,8,A6,X,15,10.7,13.1
GMC,SIERRA 4WD,PICKUP TRUCK - STANDARD,6.2,8,A8,Z,16.3,11.6,14.2
GMC,SIERRA 4WD FFV,PICKUP TRUCK - STANDARD,4.3,6,A6,X,14.2,10.7,12.6
GMC,SIERRA 4WD FFV,PICKUP TRUCK - STANDARD,4.3,6,A6,E,20.3,15.3,18.1
GMC,SIERRA 4WD FFV,PICKUP TRUCK - STANDARD,5.3,8,A6,X,15,10.7,13.1
GMC,SIERRA 4WD FFV,PICKUP TRUCK - STANDARD,5.3,8,A6,E,20.5,14.4,17.8
GMC,SIERRA eASSIST 4WD,PICKUP TRUCK - STANDARD,5.3,8,A8,X,14.4,11.2,13
GMC,TERRAIN,SUV - SMALL,2.4,4,A6,X,10.5,7.3,9.1
GMC,TERRAIN,SUV - SMALL,3.6,6,A6,X,14.2,9.5,12.1
GMC,TERRAIN FFV,SUV - SMALL,2.4,4,A6,X,10.5,7.3,9.1
GMC,TERRAIN FFV,SUV - SMALL,2.4,4,A6,E,15.6,10.8,13.4
GMC,TERRAIN AWD,SUV - SMALL,2.4,4,A6,X,11.5,8.2,10
GMC,TERRAIN AWD,SUV - SMALL,3.6,6,A6,X,14.9,10.1,12.8
GMC,YUKON,SUV - STANDARD,5.3,8,A6,X,15.1,10.4,13
GMC,YUKON FFV,SUV - STANDARD,5.3,8,A6,X,15.1,10.4,13
GMC,YUKON FFV,SUV - STANDARD,5.3,8,A6,E,20.5,14,17.6
GMC,YUKON 4WD,SUV - STANDARD,5.3,8,A6,X,15.2,10.8,13.2
GMC,YUKON 4WD,SUV - STANDARD,6.2,8,A8,Z,15.9,11.1,13.8
GMC,YUKON 4WD FFV,SUV - STANDARD,5.3,8,A6,X,15.2,10.8,13.2
GMC,YUKON 4WD FFV,SUV - STANDARD,5.3,8,A6,E,20.9,14.5,18
GMC,YUKON XL,SUV - STANDARD,5.3,8,A6,X,15.1,10.4,13
GMC,YUKON XL FFV,SUV - STANDARD,5.3,8,A6,X,15.1,10.4,13
GMC,YUKON XL FFV,SUV - STANDARD,5.3,8,A6,E,20.5,14,17.6
GMC,YUKON XL 4WD,SUV - STANDARD,5.3,8,A6,X,15.4,10.8,13.3
GMC,YUKON XL 4WD,SUV - STANDARD,6.2,8,A8,Z,16.4,11.7,14.3
GMC,YUKON XL 4WD FFV,SUV - STANDARD,5.3,8,A6,X,15.4,10.8,13.3
GMC,YUKON XL 4WD FFV,SUV - STANDARD,5.3,8,A6,E,22.2,15.3,19.1
HONDA,ACCORD,MID-SIZE,2.4,4,M6,X,10.3,7.2,8.9
HONDA,ACCORD COUPE,MID-SIZE,3.5,6,AS6,X,11.4,7.3,9.5
HONDA,ACCORD COUPE,MID-SIZE,3.5,6,M6,X,12.9,8.3,10.9
HONDA,ACCORD SEDAN,MID-SIZE,2.4,4,AV,X,8.6,6.4,7.6
HONDA,ACCORD SEDAN,MID-SIZE,3.5,6,A6,X,11.3,7,9.4
HONDA,ACCORD SPORT,MID-SIZE,2.4,4,AV7,X,9.1,6.8,8
HONDA,CIVIC COUPE,COMPACT,1.5,4,AV,X,7.5,5.6,6.7
HONDA,CIVIC COUPE,COMPACT,2,4,AV,X,7.8,5.8,6.9
HONDA,CIVIC COUPE,COMPACT,2,4,M6,X,8.9,6.1,7.7
HONDA,CIVIC SEDAN,MID-SIZE,1.5,4,AV,X,7.6,5.5,6.7
HONDA,CIVIC SEDAN,MID-SIZE,2,4,AV,X,7.8,5.8,6.9
HONDA,CIVIC SEDAN,MID-SIZE,2,4,M6,X,8.8,5.9,7.5
HONDA,CR-V,SUV - SMALL,2.4,4,AV,X,8.8,6.9,7.9
HONDA,CR-V AWD,SUV - SMALL,2.4,4,AV,X,9.5,7.5,8.6
HONDA,CR-Z,TWO-SEATER,1.5,4,AV7,X,7,6.4,6.8
HONDA,CR-Z,TWO-SEATER,1.5,4,M6,X,7.9,6.5,7.3
HONDA,FIT,STATION WAGON - SMALL,1.5,4,AV,X,7,5.7,6.4
HONDA,FIT,STATION WAGON - SMALL,1.5,4,AV7,X,7.3,6.1,6.8
HONDA,FIT,STATION WAGON - SMALL,1.5,4,M6,X,8.1,6.4,7.3
HONDA,HR-V,SUV - SMALL,1.8,4,AV,X,8.3,6.7,7.6
HONDA,HR-V,SUV - SMALL,1.8,4,AV7,X,8.3,6.7,7.6
HONDA,HR-V,SUV - SMALL,1.8,4,M6,X,9.3,7,8.3
HONDA,HR-V AWD,SUV - SMALL,1.8,4,AV,X,8.8,7.2,8.1
HONDA,HR-V AWD,SUV - SMALL,1.8,4,AV7,X,8.8,7.2,8.1
HONDA,ODYSSEY,MINIVAN,3.5,6,A6,X,12.3,8.5,10.6
HONDA,PILOT,SUV - SMALL,3.5,6,A6,X,12.4,8.8,10.8
HONDA,PILOT AWD,SUV - SMALL,3.5,6,A6,X,13,9.3,11.3
HONDA,PILOT AWD,SUV - SMALL,3.5,6,AS9,X,12.4,9.3,11
HYUNDAI,ACCENT,COMPACT,1.6,4,AS6,X,8.9,6.3,7.7
HYUNDAI,ACCENT,COMPACT,1.6,4,M6,X,8.7,6.3,7.6
HYUNDAI,ELANTRA,MID-SIZE,1.8,4,AS6,X,8.5,6.3,7.5
HYUNDAI,ELANTRA,MID-SIZE,1.8,4,M6,X,8.8,6.4,7.7
HYUNDAI,ELANTRA,MID-SIZE,2,4,AS6,X,9.7,6.7,8.3
HYUNDAI,ELANTRA,MID-SIZE,2,4,M6,X,9.8,7,8.5
HYUNDAI,ELANTRA GT,MID-SIZE,2,4,AS6,X,9.8,7.2,8.6
HYUNDAI,ELANTRA GT,MID-SIZE,2,4,M6,X,9.8,7.1,8.6
HYUNDAI,EQUUS,FULL-SIZE,5,8,AS8,Z,15.8,10.2,13.3
HYUNDAI,GENESIS AWD,FULL-SIZE,3.8,6,AS8,X,14.4,9.4,12.1
HYUNDAI,GENESIS AWD,FULL-SIZE,5,8,AS8,Z,17.3,10.5,14.2
HYUNDAI,GENESIS COUPE,SUBCOMPACT,3.8,6,AS8,Z,14.4,9.5,12.2
HYUNDAI,GENESIS COUPE,SUBCOMPACT,3.8,6,M6,Z,14.1,9.6,12.1
HYUNDAI,SANTA FE,SUV - SMALL,3.3,6,AS6,X,12.9,9.4,11.3
HYUNDAI,SANTA FE AWD,SUV - SMALL,3.3,6,AS6,X,13,9.7,11.5
HYUNDAI,SANTA FE SPORT,SUV - SMALL,2.4,4,AS6,X,11.7,8.7,10.3
HYUNDAI,SANTA FE SPORT AWD,SUV - SMALL,2,4,AS6,X,12.9,9.7,11.5
HYUNDAI,SANTA FE SPORT AWD,SUV - SMALL,2.4,4,AS6,X,12.5,9.3,11.1
HYUNDAI,SANTA FE ULTIMATE AWD,SUV - SMALL,3.3,6,AS6,X,13.9,10.8,12.5
HYUNDAI,SONATA,FULL-SIZE,2,4,AS6,X,10.4,7.4,9.1
HYUNDAI,SONATA,FULL-SIZE,2.4,4,AS6,X,9.4,6.5,8.1
HYUNDAI,SONATA SPORT/LIMITED,FULL-SIZE,2.4,4,AS6,X,10,7,8.6
HYUNDAI,SONATA HYBRID,MID-SIZE,2,4,AM6,X,5.9,5.3,5.6
HYUNDAI,SONATA HYBRID LIMITED,MID-SIZE,2,4,AM6,X,6,5.5,5.8
HYUNDAI,TUCSON,SUV - SMALL,2,4,AS6,X,10.1,7.6,9
HYUNDAI,TUCSON AWD,SUV - SMALL,1.6,4,AM7,X,9.9,8.4,9.2
HYUNDAI,TUCSON AWD,SUV - SMALL,2,4,AS6,X,11,9,10.1
HYUNDAI,VELOSTER,COMPACT,1.6,4,AM6,X,8.3,6.5,7.5
HYUNDAI,VELOSTER,COMPACT,1.6,4,M6,X,8.8,6.7,7.8
HYUNDAI,VELOSTER TURBO,COMPACT,1.6,4,AM6,X,8.9,7.1,8.1
HYUNDAI,VELOSTER TURBO,COMPACT,1.6,4,M6,X,9.4,7,8.3
INFINITI,Q50,MID-SIZE,2,4,AS7,Z,10.2,7.7,9.1
INFINITI,Q50,MID-SIZE,3,6,AS7,Z,12.1,8.1,10.3
INFINITI,Q50 AWD,MID-SIZE,2,4,AS7,Z,10.6,8.4,9.6
INFINITI,Q50 AWD,MID-SIZE,3,6,AS7,Z,12.3,8.5,10.6
INFINITI,Q50S AWD,MID-SIZE,3,6,AS7,Z,12.9,9,11.1
INFINITI,Q50S RED SPORT,MID-SIZE,3,6,AS7,Z,11.8,8.8,10.5
INFINITI,Q50S RED SPORT AWD,MID-SIZE,3,6,AS7,Z,12.3,9.1,10.8
INFINITI,Q50 HYBRID,COMPACT,3.5,6,AS7,Z,8.4,6.9,7.7
INFINITI,Q50 HYBRID AWD,COMPACT,3.5,6,AS7,Z,8.7,7.6,8.2
INFINITI,Q70 AWD,MID-SIZE,3.7,6,AS7,Z,13.2,9.7,11.6
INFINITI,Q70 AWD,MID-SIZE,5.6,8,AS7,Z,14.9,10.2,12.8
INFINITI,Q70 HYBRID,MID-SIZE,3.5,6,AS7,Z,8,6.9,7.5
INFINITI,QX50 AWD,STATION WAGON - SMALL,3.7,6,AS7,Z,13.7,9.7,11.9
INFINITI,QX60,SUV - SMALL,3.5,6,AV7,Z,11.8,8.5,10.3
INFINITI,QX60 AWD,SUV - SMALL,3.5,6,AV7,Z,12.2,8.9,10.7
INFINITI,QX60 HYBRID AWD,SUV - STANDARD,2.5,4,AV7,X,8.9,8.4,8.7
INFINITI,QX70 AWD,SUV - SMALL,3.7,6,AS7,Z,14.5,10.7,12.8
INFINITI,QX80 4WD,SUV - STANDARD,5.6,8,AS7,Z,17.4,12.2,15.1
JAGUAR,F-TYPE CONVERTIBLE,TWO-SEATER,3,6,AS8,Z,12.1,8.5,10.5
JAGUAR,F-TYPE CONVERTIBLE,TWO-SEATER,3,6,M6,Z,14.9,9.8,12.6
JAGUAR,F-TYPE COUPE,TWO-SEATER,3,6,AS8,Z,12.1,8.5,10.5
JAGUAR,F-TYPE COUPE,TWO-SEATER,3,6,M6,Z,14.9,9.8,12.6
JAGUAR,F-TYPE PROJECT 7 CONVERTIBLE,TWO-SEATER,5,8,AS8,Z,15,10.2,12.8
JAGUAR,F-TYPE R AWD CONVERTIBLE,TWO-SEATER,5,8,AS8,Z,15.7,10.4,13.3
JAGUAR,F-TYPE R AWD COUPE,TWO-SEATER,5,8,AS6,Z,15.7,10.4,13.3
JAGUAR,F-TYPE S CONVERTIBLE,TWO-SEATER,3,6,AS8,Z,12.5,8.7,10.8
JAGUAR,F-TYPE S CONVERTIBLE,TWO-SEATER,3,6,M6,Z,15.3,9.9,12.9
JAGUAR,F-TYPE S CONVERTIBLE AWD,TWO-SEATER,3,6,AS8,Z,13,9.1,11.3
JAGUAR,F-TYPE S COUPE,TWO-SEATER,3,6,AS8,Z,12.5,8.7,10.8
JAGUAR,F-TYPE S COUPE,TWO-SEATER,3,6,M6,Z,15.3,9.9,12.9
JAGUAR,F-TYPE S COUPE AWD,TWO-SEATER,3,6,AS8,Z,13,9.1,11.3
JAGUAR,XF AWD ,MID-SIZE,3,6,AS8,Z,11.9,8.3,10.3
JAGUAR,XJ R-SPORT 3.0 AWD,FULL-SIZE,3,6,AS8,Z,14,8.9,11.7
JAGUAR,XJL 3.0 AWD PORTFOLIO,FULL-SIZE,3,6,AS8,Z,14.1,9.3,11.9
JAGUAR,XJR,FULL-SIZE,5,8,AS8,Z,15.8,10.2,13.3
JAGUAR,XJR LWB,FULL-SIZE,5,8,AS8,Z,15.8,10.2,13.3
JEEP,CHEROKEE,SUV - SMALL,2.4,4,A9,X,10.9,7.7,9.5
JEEP,CHEROKEE FFV,SUV - SMALL,2.4,4,A9,X,10.9,7.7,9.5
JEEP,CHEROKEE FFV,SUV - SMALL,2.4,4,A9,E,15.2,10.2,12.9
JEEP,CHEROKEE,SUV - SMALL,3.2,6,A9,X,11.4,8.1,9.9
JEEP,CHEROKEE 4X4,SUV - SMALL,2.4,4,A9,X,11.3,8.3,10
JEEP,CHEROKEE 4X4 FFV,SUV - SMALL,2.4,4,A9,X,11.3,8.3,10
JEEP,CHEROKEE 4X4 FFV,SUV - SMALL,2.4,4,A9,E,15.9,11,13.7
JEEP,CHEROKEE 4X4,SUV - SMALL,3.2,6,A9,X,11.6,8.5,10.2
JEEP,CHEROKEE 4X4 ACTIVE DRIVE II,SUV - SMALL,2.4,4,A9,X,11.4,8.6,10.1
JEEP,CHEROKEE 4X4 ACTIVE DRIVE II,SUV - SMALL,3.2,6,A9,X,12.5,8.9,10.9
JEEP,CHEROKEE TRAILHAWK 4X4,SUV - SMALL,2.4,4,A9,X,12.1,9.4,10.9
JEEP,CHEROKEE TRAILHAWK 4X4,SUV - SMALL,3.2,6,A9,X,12.2,9,10.8
JEEP,COMPASS,SUV - SMALL,2,4,AV,X,10.8,8.9,10
JEEP,COMPASS,SUV - SMALL,2,4,M5,X,10.3,7.8,9.2
JEEP,COMPASS,SUV - SMALL,2.4,4,A6,X,11.2,8.6,10
JEEP,COMPASS,SUV - SMALL,2.4,4,M5,X,10.2,8.2,9.3
JEEP,COMPASS 4X4,SUV - SMALL,2.4,4,A6,X,11.7,9.1,10.5
JEEP,COMPASS 4X4,SUV - SMALL,2.4,4,M5,X,10.6,8.6,9.7
JEEP,COMPASS 4X4 TRAIL RATED,SUV - SMALL,2.4,4,AV,X,11.7,10.3,11.1
JEEP,GRAND CHEROKEE 4X4,SUV - STANDARD,3.6,6,A8,X,12.8,9.5,11.3
JEEP,GRAND CHEROKEE 4X4 (MDS),SUV - STANDARD,5.7,8,A8,X,16.7,10.7,14
JEEP,GRAND CHEROKEE 4X4 DIESEL,SUV - STANDARD,3,6,A8,D,11.2,8.4,9.9
JEEP,GRAND CHEROKEE SRT 4X4 (MDS),SUV - STANDARD,6.4,8,A8,Z,18.5,12.6,15.8
JEEP,PATRIOT,SUV - SMALL,2,4,AV,X,10.8,8.9,10
JEEP,PATRIOT,SUV - SMALL,2,4,M5,X,10.3,7.8,9.2
JEEP,PATRIOT,SUV - SMALL,2.4,4,A6,X,11.2,8.6,10
JEEP,PATRIOT,SUV - SMALL,2.4,4,M5,X,10.2,8.2,9.3
JEEP,PATRIOT 4X4,SUV - SMALL,2.4,4,A6,X,11.7,9.1,10.5
JEEP,PATRIOT 4X4,SUV - SMALL,2.4,4,M5,X,10.6,8.6,9.7
JEEP,PATRIOT 4X4 TRAIL RATED,SUV - SMALL,2.4,4,AV,X,11.7,10.3,11.1
JEEP,RENEGADE,SUV - SMALL,1.4,4,M6,X,9.9,7.5,8.8
JEEP,RENEGADE FFV,SUV - SMALL,2.4,4,A9,X,10.8,7.7,9.4
JEEP,RENEGADE FFV,SUV - SMALL,2.4,4,A9,E,14.2,9.9,12.2
JEEP,RENEGADE 4X4,SUV - SMALL,1.4,4,M6,X,9.9,7.5,8.8
JEEP,RENEGADE 4X4,SUV - SMALL,2.4,4,A9,X,11.2,8,9.8
JEEP,WRANGLER 4X4,SUV - SMALL,3.6,6,A5,X,14.1,11.1,12.8
JEEP,WRANGLER 4X4,SUV - SMALL,3.6,6,M6,X,14.2,11,12.8
JEEP,WRANGLER UNLIMITED 4X4,SUV - SMALL,3.6,6,A5,X,14.8,11.7,13.4
JEEP,WRANGLER UNLIMITED 4X4,SUV - SMALL,3.6,6,M6,X,15,11.4,13.4
KIA,CADENZA,FULL-SIZE,3.3,6,AS6,X,12.7,8.4,10.7
KIA,FORTE,MID-SIZE,1.8,4,AS6,X,8.9,6.1,7.6
KIA,FORTE,MID-SIZE,1.8,4,M6,X,9.3,6.3,7.9
KIA,FORTE,MID-SIZE,2,4,AS6,X,9.7,6.7,8.3
KIA,FORTE,MID-SIZE,2,4,M6,X,9.8,6.9,8.5
KIA,FORTE 5,FULL-SIZE,1.6,4,AS6,X,11.1,8,9.7
KIA,FORTE 5,FULL-SIZE,1.6,4,M6,X,11.1,8.2,9.8
KIA,FORTE 5,FULL-SIZE,2,4,AS6,X,9.5,7.2,8.5
KIA,FORTE 5,FULL-SIZE,2,4,M6,X,9.7,6.9,8.4
KIA,FORTE KOUP,COMPACT,1.6,4,AS6,X,10.6,7.8,9.4
KIA,FORTE KOUP,COMPACT,1.6,4,M6,X,10.8,8.1,9.6
KIA,FORTE KOUP,COMPACT,2,4,AS6,X,9.7,7.1,8.6
KIA,FORTE KOUP,COMPACT,2,4,M6,X,10,7.4,8.8
KIA,K900,FULL-SIZE,3.8,6,AS8,X,13.9,9.2,11.8
KIA,K900,FULL-SIZE,5,8,AS8,X,15.6,10.6,13.4
KIA,OPTIMA,FULL-SIZE,1.6,4,AM7,X,8.4,6.1,7.4
KIA,OPTIMA,FULL-SIZE,2,4,AS6,X,10.9,7.4,9.3
KIA,OPTIMA,FULL-SIZE,2.4,4,AS6,X,9.4,6.5,8.1
KIA,OPTIMA HYBRID,MID-SIZE,2.4,4,AM6,X,6.6,5.9,6.3
KIA,OPTIMA HYBRID EX,MID-SIZE,2.4,4,AM6,X,6.7,6.1,6.4
KIA,RIO,COMPACT,1.6,4,AS6,X,8.7,6.3,7.7
KIA,RIO,COMPACT,1.6,4,M6,X,8.8,6.4,7.7
KIA,RIO ECO,COMPACT,1.6,4,AS6,X,8.5,6.3,7.6
KIA,RONDO,STATION WAGON - MID-SIZE,2,4,AS6,X,10.1,7.6,9
KIA,RONDO,STATION WAGON - MID-SIZE,2,4,M6,X,10.4,7.8,9.3
KIA,SEDONA,MINIVAN,3.3,6,AS6,X,13.2,9.7,11.6
KIA,SEDONA SX,MINIVAN,3.3,6,AS6,X,12.9,9.5,11.4
KIA,SEDONA SXL,MINIVAN,3.3,6,AS6,X,14.2,10.5,12.5
KIA,SORENTO,SUV - SMALL,2,4,AS6,X,11.7,8.6,10.3
KIA,SORENTO,SUV - SMALL,2.4,4,AS6,X,11.1,8.2,9.8
KIA,SORENTO AWD,SUV - SMALL,2,4,AS6,X,12.3,9.3,10.9
KIA,SORENTO AWD,SUV - SMALL,2.4,4,AS6,X,11.4,9.2,10.4
KIA,SORENTO AWD,SUV - SMALL,3.3,6,AS6,X,13.4,9.4,11.6
KIA,SOUL,STATION WAGON - SMALL,1.6,4,AS6,X,9.8,7.8,8.9
KIA,SOUL,STATION WAGON - SMALL,1.6,4,M6,X,9.9,7.8,9
KIA,SOUL,STATION WAGON - SMALL,2,4,AS6,X,9.8,7.5,8.8
KIA,SOUL ECO DYNAMICS,STATION WAGON - SMALL,2,4,AS6,X,9.7,7.7,8.8
KIA,SPORTAGE,SUV - SMALL,2.4,4,AS6,X,11.4,8.3,10
KIA,SPORTAGE,SUV - SMALL,2.4,4,M6,X,12.9,9.2,11.3
KIA,SPORTAGE AWD,SUV - SMALL,2,4,AS6,X,12.6,9.7,11.3
KIA,SPORTAGE AWD,SUV - SMALL,2.4,4,AS6,X,12,9.3,10.8
LAMBORGHINI,AVENTADOR COUPE,TWO-SEATER,6.5,12,AM7,Z,22.2,12.7,17.9
LAMBORGHINI,AVENTADOR ROADSTER,TWO-SEATER,6.5,12,AM7,Z,23.6,14.1,19.3
LAMBORGHINI,HURACAN,TWO-SEATER,5.2,10,AM7,Z,16.4,11.4,14.2
LAMBORGHINI,HURACAN SPYDER,TWO-SEATER,5.2,10,AM7,Z,16.9,11.8,14.6
LAND ROVER,DISCOVERY SPORT,SUV - SMALL,2,4,AS9,Z,11.9,9,10.6
LAND ROVER,LR4,SUV - STANDARD,3,6,AS8,Z,16.2,12.1,14.3
LAND ROVER,RANGE ROVER,SUV - STANDARD,3,6,AS8,Z,14.2,10.2,12.4
LAND ROVER,RANGE ROVER TD6 DIESEL,SUV - STANDARD,3,6,AS8,D,10.6,8.1,9.4
LAND ROVER,RANGE ROVER SUPERCHARGED,SUV - STANDARD,5,8,AS8,Z,17.2,12.5,15.1
LAND ROVER,RANGE ROVER SUPERCHARGED LWB,SUV - STANDARD,5,8,AS8,Z,17.2,12.5,15.1
LAND ROVER,RANGE ROVER SPORT,SUV - STANDARD,3,6,AS8,Z,14.2,10.2,12.4
LAND ROVER,RANGE ROVER SPORT TD6 DIESEL,SUV - STANDARD,3,6,AS8,D,10.6,8.1,9.4
LAND ROVER,RANGE ROVER SPORT SUPERCHARGED,SUV - STANDARD,5,8,AS8,Z,16.6,12.3,14.7
LAND ROVER,RANGE ROVER EVOQUE,SUV - SMALL,2,4,AS9,Z,11.3,7.9,9.7
LEXUS,CT 200h,COMPACT,1.8,4,AV,X,5.5,5.9,5.7
LEXUS,ES 300h,MID-SIZE,2.5,4,AV6,X,5.8,6.1,5.9
LEXUS,ES 350,MID-SIZE,3.5,6,AS6,X,11.4,7.6,9.7
LEXUS,GS 200t,MID-SIZE,2,4,AS8,Z,10.6,7.2,9
LEXUS,GS 200t F SPORT,MID-SIZE,2,4,AS8,Z,11.3,7.8,9.7
LEXUS,GS 350,MID-SIZE,3.5,6,AS8,Z,11.9,8.1,10.2
LEXUS,GS 350 AWD,MID-SIZE,3.5,6,AS6,Z,12.4,9,10.9
LEXUS,GS 350 F SPORT,MID-SIZE,3.5,6,AS8,Z,12.5,8.6,10.7
LEXUS,GS 450h,MID-SIZE,3.5,6,AV8,Z,8.1,6.9,7.6
LEXUS,GS F,COMPACT,5,8,AS8,Z,14.9,9.7,12.5
LEXUS,GX 460,SUV - STANDARD,4.6,8,AS6,Z,15.7,11.7,13.9
LEXUS,IS 200t,COMPACT,2,4,AS8,Z,10.6,7.2,9
LEXUS,IS 300 AWD,COMPACT,3.5,6,AS6,Z,12.6,9.2,11.1
LEXUS,IS 350,COMPACT,3.5,6,AS8,Z,12.3,8.5,10.6
LEXUS,IS 350 AWD,COMPACT,3.5,6,AS6,Z,12.6,9.2,11.1
LEXUS,LS 460,MID-SIZE,4.6,8,AS8,Z,14.4,9.6,12.3
LEXUS,LS 460 AWD,MID-SIZE,4.6,8,AS8,Z,15.2,10.2,12.9
LEXUS,LS 460 L AWD,MID-SIZE,4.6,8,AS8,Z,15.2,10.2,12.9
LEXUS,LS 600h L,MID-SIZE,5,8,AV8,Z,12.7,10.1,11.5
LEXUS,LX 570,SUV - STANDARD,5.7,8,AS8,Z,18.3,12.9,15.9
LEXUS,NX 200t AWD,SUV - SMALL,2,4,AS6,Z,10.6,8.4,9.6
LEXUS,NX 200t AWD F SPORT,SUV - SMALL,2,4,AS6,Z,10.8,8.8,9.9
LEXUS,NX 300h AWD,SUV - SMALL,2.5,4,AV6,X,7.1,7.7,7.4
LEXUS,RC 200t,SUBCOMPACT,2,4,AS8,Z,10.6,7.4,9
LEXUS,RC 300 AWD,SUBCOMPACT,3.5,6,AS6,Z,12.6,9.2,11.1
LEXUS,RC 350,SUBCOMPACT,3.5,6,AS8,Z,12.3,8.5,10.6
LEXUS,RC 350 AWD,SUBCOMPACT,3.5,6,AS6,Z,12.6,9.2,11.1
LEXUS,RC F,SUBCOMPACT,5,8,AS8,Z,15.2,9.5,12.6
LEXUS,RX 350 AWD,SUV - SMALL,3.5,6,AS8,X,12.2,8.9,10.7
LEXUS,RX 450h AWD,SUV - STANDARD,3.5,6,AV6,Z,7.7,8.2,8
LINCOLN,MKC AWD,SUV - SMALL,2,4,AS6,X,12.4,9,10.9
LINCOLN,MKC AWD,SUV - SMALL,2.3,4,AS6,X,12.8,9.1,11.1
LINCOLN,MKS AWD,FULL-SIZE,3.5,6,AS6,X,14.7,9.8,12.5
LINCOLN,MKS AWD,FULL-SIZE,3.7,6,AS6,X,14.2,9.8,12.2
LINCOLN,MKT AWD,SUV - STANDARD,3.5,6,AS6,X,15.7,11.2,13.7
LINCOLN,MKT LIVERY,SPECIAL PURPOSE VEHICLE,2,4,AS6,X,13.1,9.4,11.4
LINCOLN,MKT LIVERY AWD,SPECIAL PURPOSE VEHICLE,3.7,6,A6,X,14.7,10.2,12.7
LINCOLN,MKX AWD,SUV - SMALL,2.7,6,AS6,X,14.1,9.7,12.1
LINCOLN,MKX AWD,SUV - SMALL,3.7,6,AS6,X,14.4,10.3,12.5
LINCOLN,MKZ,MID-SIZE,2,4,AS6,X,10.5,7,8.9
LINCOLN,MKZ,MID-SIZE,3.7,6,AS6,X,12.8,8.7,10.9
LINCOLN,MKZ AWD,MID-SIZE,2,4,AS6,X,10.8,7.5,9.3
LINCOLN,MKZ AWD,MID-SIZE,3.7,6,AS6,X,13.8,9.7,11.9
LINCOLN,MKZ HYBRID,MID-SIZE,2,4,AV,X,5.7,6,5.8
LINCOLN,NAVIGATOR 4X4,SUV - STANDARD,3.5,6,AS6,X,16.2,11.9,14.3
LINCOLN,NAVIGATOR L 4X4,SUV - STANDARD,3.5,6,AS6,X,16.1,12.4,14.4
MASERATI,GHIBLI,MID-SIZE,3,6,AS8,Z,14.1,9.8,12.2
MASERATI,GHIBLI S,MID-SIZE,3,6,AS8,Z,14.5,10,12.5
MASERATI,GHIBLI SQ4,MID-SIZE,3,6,AS8,Z,15,10,12.6
MASERATI,GRANTURISMO,SUBCOMPACT,4.7,8,AS6,Z,18.2,11.4,15.1
MASERATI,GRANTURISMO CONVERTIBLE,SUBCOMPACT,4.7,8,AS6,Z,18.2,11.6,15.2
MASERATI,QUATTROPORTE GTS,FULL-SIZE,3.8,8,AS8,Z,16.2,11,14
MASERATI,QUATTROPORTE S,FULL-SIZE,3,6,AS8,Z,15.2,10.2,12.9
MASERATI,QUATTROPORTE SQ4,FULL-SIZE,3,6,AS8,Z,15.1,10.2,12.9
MAZDA,CX-3,COMPACT,2,4,AS6,X,8.2,6.7,7.6
MAZDA,CX-3 4WD,COMPACT,2,4,AS6,X,8.8,7.3,8.1
MAZDA,CX-5,SUV - SMALL,2,4,AS6,X,9,7.3,8.2
MAZDA,CX-5,SUV - SMALL,2.5,4,AS6,X,8.9,7.1,8.1
MAZDA,CX-5 (SIL),SUV - SMALL,2,4,M6,X,9,6.8,8
MAZDA,CX-5 4WD,SUV - SMALL,2,4,AS6,X,9.3,7.6,8.5
MAZDA,CX-5 4WD,SUV - SMALL,2.5,4,AS6,X,9.8,7.9,9
MAZDA,MAZDA3 4-DOOR,COMPACT,2,4,AS6,X,7.9,5.7,6.9
MAZDA,MAZDA3 4-DOOR (SIL),COMPACT,2,4,M6,X,8,5.8,7
MAZDA,MAZDA3 4-DOOR,COMPACT,2.5,4,AS6,X,8.4,6.1,7.4
MAZDA,MAZDA3 4-DOOR (i-ELOOP),COMPACT,2.5,4,AS6,X,8.2,5.9,7.2
MAZDA,MAZDA3 4-DOOR (SIL),COMPACT,2.5,4,M6,X,9.3,6.4,8
MAZDA,MAZDA3 5-DOOR,MID-SIZE,2,4,AS6,X,8,5.9,7
MAZDA,MAZDA3 5-DOOR (SIL),MID-SIZE,2,4,M6,X,8.2,5.9,7.1
MAZDA,MAZDA3 5-DOOR,MID-SIZE,2.5,4,AS6,X,8.7,6.5,7.7
MAZDA,MAZDA3 5-DOOR (i-ELOOP),MID-SIZE,2.5,4,AS6,X,8.2,6,7.2
MAZDA,MAZDA3 5-DOOR (SIL),MID-SIZE,2.5,4,M6,X,9.2,6.6,8.1
MAZDA,MAZDA5,MINIVAN,2.5,4,AS5,X,10.8,8.3,9.7
MAZDA,MAZDA5,MINIVAN,2.5,4,M6,X,11.1,8.3,9.8
MAZDA,MAZDA6,MID-SIZE,2.5,4,AS6,X,8.8,6.1,7.6
MAZDA,MAZDA6 (i-ELOOP),MID-SIZE,2.5,4,AS6,X,8.5,5.9,7.3
MAZDA,MAZDA6 (SIL),MID-SIZE,2.5,4,M6,X,9.4,6.4,8.1
MAZDA,MX-5,TWO-SEATER,2,4,AS6,Z,8.9,6.5,7.8
MAZDA,MX-5 (SIL),TWO-SEATER,2,4,M6,Z,8.8,6.9,7.8
MERCEDES-BENZ,AMG C 63,COMPACT,4,8,AS7,Z,13.4,9.6,11.7
MERCEDES-BENZ,AMG C 63 S,COMPACT,4,8,AS7,Z,13.4,9.6,11.7
MERCEDES-BENZ,AMG CLA 45,COMPACT,2,4,AS7,Z,10.2,7.7,9.1
MERCEDES-BENZ,AMG CLS 63 S 4MATIC,COMPACT,5.5,8,AS7,Z,15.1,10.8,13.1
MERCEDES-BENZ,AMG E 63 S 4MATIC,MID-SIZE,5.5,8,AS7,Z,15.3,10.8,13.3
MERCEDES-BENZ,AMG E 63 S 4MATIC WAGON,STATION WAGON - MID-SIZE,5.5,8,AS7,Z,15.2,11,13.3
MERCEDES-BENZ,AMG G 63,SUV - STANDARD,5.5,8,AS7,Z,20,16.6,18.5
MERCEDES-BENZ,AMG G 65,SUV - STANDARD,6,12,AS7,Z,24.3,17.9,21.4
MERCEDES-BENZ,AMG GL 63 S,SUV - STANDARD,5.5,8,AS7,Z,18.2,14,16.3
MERCEDES-BENZ,AMG GLA 45,SUV - SMALL,2,4,AS7,Z,10.3,8.1,9.3
MERCEDES-BENZ,AMG GLE 63 S 4MATIC,SUV - STANDARD,5.5,8,AS7,Z,17.3,13.5,15.6
MERCEDES-BENZ,AMG GLE 63 S COUPE 4MATIC,SUV - STANDARD,5.5,8,AS7,Z,17.2,12.8,15.2
MERCEDES-BENZ,AMG GT S,TWO-SEATER,4,8,AM7,Z,14.5,10.8,12.8
MERCEDES-BENZ,AMG S 63,FULL-SIZE,5.5,8,AS7,Z,15.7,10.1,13.2
MERCEDES-BENZ,AMG S 63 COUPE,COMPACT,5.5,8,AS7,Z,15.3,10.2,13
MERCEDES-BENZ,AMG S 65,FULL-SIZE,6,12,AS7,Z,18.5,11.8,15.5
MERCEDES-BENZ,AMG S 65 COUPE,COMPACT,6,12,AS7,Z,18,11.3,15
MERCEDES-BENZ,AMG SL 63,TWO-SEATER,5.5,8,AS7,Z,14.7,9.5,12.4
MERCEDES-BENZ,AMG SL 65,TWO-SEATER,6,12,AS7,Z,16.7,11.2,14.2
MERCEDES-BENZ,AMG SLK 55,TWO-SEATER,5.5,8,AS7,Z,12.4,8.5,10.6
MERCEDES-BENZ,B 250,MID-SIZE,2,4,AS7,Z,9.2,6.6,8
MERCEDES-BENZ,B 250 4MATIC,MID-SIZE,2,4,AS7,Z,10,7.5,8.9
MERCEDES-BENZ,C 300 4MATIC,COMPACT,2,4,AS7,Z,10.1,7.8,9
MERCEDES-BENZ,C 450 AMG SPORT 4MATIC,COMPACT,3,6,AS7,Z,11.1,9.6,10.4
MERCEDES-BENZ,CLA 250,COMPACT,2,4,AS7,Z,9.4,6.4,8.1
MERCEDES-BENZ,CLA 250 4MATIC FFV,COMPACT,2,4,AS7,Z,9.8,7.1,8.6
MERCEDES-BENZ,CLA 250 4MATIC FFV,COMPACT,2,4,AS7,E,13.1,9.8,11.6
MERCEDES-BENZ,CLS 400 4MATIC,COMPACT,3,6,AS7,Z,12.2,8.8,10.7
MERCEDES-BENZ,CLS 550 4MATIC,COMPACT,4.7,8,AS7,Z,13.7,9.3,11.7
MERCEDES-BENZ,E 250 BLUETEC 4MATIC,MID-SIZE,2.1,4,AS7,D,8.6,6,7.4
MERCEDES-BENZ,E 300 4MATIC,MID-SIZE,3.5,6,AS7,Z,11.9,8.2,10.2
MERCEDES-BENZ,E 400 4MATIC,MID-SIZE,3,6,AS7,Z,12,8.5,10.4
MERCEDES-BENZ,E 400 4MATIC COUPE,SUBCOMPACT,3,6,AS7,Z,11.8,8.4,10.2
MERCEDES-BENZ,E 400 4MATIC WAGON,STATION WAGON - MID-SIZE,3,6,AS7,Z,12.4,8.9,10.8
MERCEDES-BENZ,E 400 CABRIOLET,SUBCOMPACT,3,6,AS7,Z,11.5,8.1,10
MERCEDES-BENZ,E 550 4MATIC,MID-SIZE,4.7,8,AS7,Z,12.9,9.6,11.4
MERCEDES-BENZ,E 550 CABRIOLET,SUBCOMPACT,4.7,8,AS7,Z,13.7,9.2,11.7
MERCEDES-BENZ,E 550 COUPE,SUBCOMPACT,4.7,8,AS7,Z,13.4,8.9,11.4
MERCEDES-BENZ,G 550,SUV - STANDARD,5.5,8,AS7,Z,19,16.5,17.9
MERCEDES-BENZ,GL 350 BLUETEC 4MATIC,SUV - STANDARD,3,6,AS7,D,13.6,10,12
MERCEDES-BENZ,GL 450 4MATIC,SUV - STANDARD,3,6,AS7,Z,15.2,12.6,14
MERCEDES-BENZ,GL 550 4MATIC,SUV - STANDARD,4.7,8,AS7,Z,17.5,13.1,15.5
MERCEDES-BENZ,GLA 250 4MATIC,SUV - SMALL,2,4,AS7,Z,9.8,7.4,8.7
MERCEDES-BENZ,GLE 350d 4MATIC,SUV - STANDARD,3,6,A9,D,10.1,8,9.2
MERCEDES-BENZ,GLE 350d 4MATIC COUPE,SUV - STANDARD,3,6,A9,D,10.4,8.2,9.4
MERCEDES-BENZ,GLE 400 4MATIC,SUV - STANDARD,3,6,AS7,Z,13.3,10.4,12
MERCEDES-BENZ,GLE 450 AMG SPORT 4MATIC COUPE,SUV - STANDARD,3,6,A9,Z,13.6,10.2,12
MERCEDES-BENZ,GLE 550 4MATIC,SUV - STANDARD,4.7,8,AS7,Z,16.2,11.8,14.2
MERCEDES-BENZ,MAYBACH S 600,FULL-SIZE,6,12,AS7,Z,18.2,11.7,15.3
MERCEDES-BENZ,METRIS CARGO,SPECIAL PURPOSE VEHICLE,2,4,AS7,Z,10.8,9.5,10.2
MERCEDES-BENZ,METRIS PASSENGER,SPECIAL PURPOSE VEHICLE,2,4,AS7,Z,11.5,10.2,10.9
MERCEDES-BENZ,S 400 4MATIC SWB,MID-SIZE,3,6,AS7,Z,12.6,8.6,10.8
MERCEDES-BENZ,S 550 4MATIC SWB,MID-SIZE,4.7,8,AS7,Z,14.7,9.1,12.2
MERCEDES-BENZ,S 550 4MATIC LWB,FULL-SIZE,4.7,8,AS7,Z,14.8,9.8,12.5
MERCEDES-BENZ,S 550 4MATIC COUPE,COMPACT,4.7,8,AS7,Z,14.4,9.8,12.3
MERCEDES-BENZ,S 600,FULL-SIZE,6,12,AS7,Z,17.3,11,14.5
MERCEDES-BENZ,SL 550,TWO-SEATER,4.7,8,AS7,Z,14.6,9.6,12.3
MERCEDES-BENZ,SLK 300,TWO-SEATER,2,4,A9,Z,9.6,7.3,8.5
MERCEDES-BENZ,SLK 350,TWO-SEATER,3.5,6,AS7,Z,11.1,8.1,9.8
MINI,COOPER 3 DOOR,SUBCOMPACT,1.5,3,AS6,Z,8.7,6.6,7.7
MINI,COOPER 3 DOOR,SUBCOMPACT,1.5,3,M6,Z,8.4,6,7.3
MINI,COOPER 5 DOOR,SUBCOMPACT,1.5,3,AS6,Z,8.7,6.6,7.7
MINI,COOPER 5 DOOR,SUBCOMPACT,1.5,3,M6,Z,8.2,6,7.2
MINI,COOPER CLUBMAN,MID-SIZE,1.5,3,AS6,Z,9.4,7,8.3
MINI,COOPER CLUBMAN,MID-SIZE,1.5,3,M6,Z,9.5,6.6,8.2
MINI,COOPER CONVERTIBLE,MINICOMPACT,1.5,3,AS6,Z,8.7,6.6,7.7
MINI,COOPER CONVERTIBLE,MINICOMPACT,1.5,3,M6,Z,8.2,6,7.2
MINI,COOPER S 3 DOOR,SUBCOMPACT,2,4,AS6,Z,9.2,7,8.2
MINI,COOPER S 3 DOOR,SUBCOMPACT,2,4,M6,Z,10,7,8.7
MINI,COOPER S 5 DOOR,SUBCOMPACT,2,4,AS6,Z,9.2,7,8.2
MINI,COOPER S 5 DOOR,SUBCOMPACT,2,4,M6,Z,10,7,8.7
MINI,COOPER S CLUBMAN,MID-SIZE,2,4,AS6,Z,9.7,7,8.5
MINI,COOPER S CLUBMAN,MID-SIZE,2,4,M6,Z,10.6,7.4,9.2
MINI,COOPER S CONVERTIBLE,MINICOMPACT,2,4,AS6,Z,9.7,7,8.5
MINI,COOPER S CONVERTIBLE,MINICOMPACT,2,4,M6,Z,10,7,8.7
MINI,COOPER S COUNTRYMAN ALL4,COMPACT,1.6,4,AS6,Z,10.1,7.7,9
MINI,COOPER S COUNTRYMAN ALL4,COMPACT,1.6,4,M6,Z,9.4,7.6,8.6
MINI,COOPER S PACEMAN ALL4,COMPACT,1.6,4,AS6,Z,10.1,7.7,9
MINI,COOPER S PACEMAN ALL4,COMPACT,1.6,4,M6,Z,9.4,7.6,8.6
MINI,JOHN COOPER WORKS,SUBCOMPACT,2,4,AS6,Z,9.4,7.5,8.5
MINI,JOHN COOPER WORKS,SUBCOMPACT,2,4,M6,Z,10.4,7.7,9.2
MINI,JOHN COOPER WORKS COUNTRYMAN ALL4,COMPACT,1.6,4,AS6,Z,10.1,7.7,9
MINI,JOHN COOPER WORKS COUNTRYMAN ALL4,COMPACT,1.6,4,M6,Z,9.4,7.6,8.6
MINI,JOHN COOPER WORKS PACEMAN ALL4,COMPACT,1.6,4,AS6,Z,10.1,7.7,9
MINI,JOHN COOPER WORKS PACEMAN ALL4,COMPACT,1.6,4,M6,Z,9.4,7.6,8.6
MITSUBISHI,LANCER,COMPACT,2,4,AV6,X,8.6,6.8,7.8
MITSUBISHI,LANCER,COMPACT,2,4,M5,X,9.6,7,8.4
MITSUBISHI,LANCER,COMPACT,2.4,4,AV6,X,9.8,7.6,8.8
MITSUBISHI,LANCER,COMPACT,2.4,4,M5,X,10.5,7.7,9.2
MITSUBISHI,LANCER 4WD,COMPACT,2.4,4,AV6,X,10.2,7.8,9.1
MITSUBISHI,LANCER SPORTBACK,STATION WAGON - SMALL,2,4,AV6,X,9.2,7.1,8.3
MITSUBISHI,LANCER SPORTBACK,STATION WAGON - SMALL,2,4,M5,X,9.9,7.2,8.7
MITSUBISHI,MIRAGE,COMPACT,1.2,3,AV,X,6.4,5.3,5.9
MITSUBISHI,MIRAGE,COMPACT,1.2,3,M5,X,7,5.6,6.3
MITSUBISHI,OUTLANDER,SUV - SMALL,2.4,4,AV6,X,9.2,7.5,8.4
MITSUBISHI,OUTLANDER 4WD,SUV - SMALL,2.4,4,AV6,X,9.7,8.1,9
MITSUBISHI,OUTLANDER 4WD,SUV - SMALL,3,6,AS6,Z,11.9,8.5,10.4
MITSUBISHI,RVR,SUV - SMALL,2,4,AV6,X,9.6,7.6,8.7
MITSUBISHI,RVR,SUV - SMALL,2,4,M5,X,10.3,8,9.3
MITSUBISHI,RVR 4WD,SUV - SMALL,2.4,4,AV6,X,10.5,8.6,9.6
NISSAN,370Z,TWO-SEATER,3.7,6,AS7,Z,12.6,9.2,11.1
NISSAN,370Z,TWO-SEATER,3.7,6,M6,Z,13.3,9.3,11.5
NISSAN,370Z ROADSTER,TWO-SEATER,3.7,6,AS7,Z,13.1,9.6,11.5
NISSAN,370Z ROADSTER,TWO-SEATER,3.7,6,M6,Z,13.6,9.7,11.8
NISSAN,ALTIMA,MID-SIZE,2.5,4,AV,X,8.7,6,7.5
NISSAN,ALTIMA 3.5,MID-SIZE,3.5,6,AV7,X,10.3,7.4,9
NISSAN,ALTIMA SR,MID-SIZE,2.5,4,AV7,X,8.9,6.3,7.7
NISSAN,FRONTIER,PICKUP TRUCK - SMALL,2.5,4,A5,X,13.6,10.4,12.1
NISSAN,FRONTIER,PICKUP TRUCK - SMALL,2.5,4,M5,X,12.2,10.2,11.3
NISSAN,FRONTIER,PICKUP TRUCK - SMALL,4,6,A5,X,14.8,10.3,12.7
NISSAN,FRONTIER 4WD,PICKUP TRUCK - SMALL,4,6,A5,X,15.7,11.3,13.7
NISSAN,FRONTIER 4WD,PICKUP TRUCK - SMALL,4,6,M6,X,15,11.2,13.3
NISSAN,GT-R,SUBCOMPACT,3.8,6,AM6,Z,14.3,10.5,12.6
NISSAN,JUKE,STATION WAGON - SMALL,1.6,4,AV7,Z,8.5,7.2,7.9
NISSAN,JUKE,STATION WAGON - SMALL,1.6,4,M6,Z,8.5,6.9,7.8
NISSAN,JUKE AWD,STATION WAGON - SMALL,1.6,4,AV7,Z,8.8,7.5,8.2
NISSAN,JUKE NISMO RS,STATION WAGON - SMALL,1.6,4,M6,Z,8.9,7.5,8.3
NISSAN,JUKE NISMO RS AWD,STATION WAGON - SMALL,1.6,4,AV8,Z,9.4,8.1,8.8
NISSAN,MAXIMA,MID-SIZE,3.5,6,AV7,Z,10.9,7.8,9.5
NISSAN,MICRA,COMPACT,1.6,4,A4,X,8.8,6.6,7.8
NISSAN,MICRA,COMPACT,1.6,4,M5,X,8.6,6.6,7.7
NISSAN,MURANO,STATION WAGON - MID-SIZE,3.5,6,AV7,X,11,8.2,9.8
NISSAN,MURANO AWD,STATION WAGON - MID-SIZE,3.5,6,AV7,X,11.2,8.3,9.9
NISSAN,NV200 CARGO VAN,SPECIAL PURPOSE VEHICLE,2,4,AV,X,9.7,9,9.4
NISSAN,PATHFINDER,SUV - SMALL,3.5,6,AV,X,11.9,8.6,10.4
NISSAN,PATHFINDER 4WD,SUV - SMALL,3.5,6,AV,X,12.1,8.9,10.7
NISSAN,PATHFINDER 4WD PLATINUM,SUV - SMALL,3.5,6,AV,X,12.7,9,11
NISSAN,ROGUE,SUV - SMALL,2.5,4,AV,X,9.1,7.1,8.2
NISSAN,ROGUE AWD,SUV - SMALL,2.5,4,AV,X,9.5,7.4,8.6
NISSAN,SENTRA,MID-SIZE,1.8,4,AV,X,8,6.1,7.2
NISSAN,SENTRA,MID-SIZE,1.8,4,M6,X,8.9,6.6,7.9
NISSAN,VERSA,MID-SIZE,1.6,4,AV,X,7.5,6,6.8
NISSAN,VERSA,MID-SIZE,1.6,4,M5,X,8.6,6.5,7.6
PORSCHE,911 CARRERA,MINICOMPACT,3.4,6,AM7,Z,11.6,8.4,10.1
PORSCHE,911 CARRERA,MINICOMPACT,3.4,6,M7,Z,12.3,8.6,10.6
PORSCHE,911 CARRERA CABRIOLET,MINICOMPACT,3.4,6,AM7,Z,11.5,8.4,10.1
PORSCHE,911 CARRERA CABRIOLET,MINICOMPACT,3.4,6,M7,Z,12.3,8.7,10.7
PORSCHE,911 CARRERA GTS,MINICOMPACT,3.8,6,AM7,Z,12.7,9,11
PORSCHE,911 CARRERA GTS,MINICOMPACT,3.8,6,M7,Z,12.9,9,11.2
PORSCHE,911 CARRERA GTS CABRIOLET,MINICOMPACT,3.8,6,AM7,Z,12.7,9.2,11.1
PORSCHE,911 CARRERA GTS CABRIOLET,MINICOMPACT,3.8,6,M7,Z,13.4,9.3,11.6
PORSCHE,911 CARRERA S,MINICOMPACT,3.8,6,AM7,Z,11.9,8.7,10.5
PORSCHE,911 CARRERA S,MINICOMPACT,3.8,6,M7,Z,12.4,8.7,10.7
PORSCHE,911 CARRERA S CABRIOLET,MINICOMPACT,3.8,6,AM7,Z,12.2,8.7,10.6
PORSCHE,911 CARRERA S CABRIOLET,MINICOMPACT,3.8,6,M7,Z,12.5,8.9,10.9
PORSCHE,911 CARRERA 4,MINICOMPACT,3.4,6,AM7,Z,11.7,8.5,10.2
PORSCHE,911 CARRERA 4,MINICOMPACT,3.4,6,M7,Z,12.3,8.7,10.7
PORSCHE,911 CARRERA 4 CABRIOLET,MINICOMPACT,3.4,6,AM7,Z,11.9,8.8,10.5
PORSCHE,911 CARRERA 4 CABRIOLET,MINICOMPACT,3.4,6,M7,Z,12.5,9,10.9
PORSCHE,911 CARRERA 4 GTS,MINICOMPACT,3.8,6,AM7,Z,12.7,9.2,11.1
PORSCHE,911 CARRERA 4 GTS,MINICOMPACT,3.8,6,M7,Z,13,9.2,11.3
PORSCHE,911 CARRERA 4 GTS CABRIOLET,MINICOMPACT,3.8,6,AM7,Z,13.1,9.4,11.4
PORSCHE,911 CARRERA 4 GTS CABRIOLET,MINICOMPACT,3.8,6,M7,Z,13.4,9.3,11.6
PORSCHE,911 CARRERA 4S,MINICOMPACT,3.8,6,AM7,Z,12.2,8.9,10.7
PORSCHE,911 CARRERA 4S,MINICOMPACT,3.8,6,M7,Z,12.7,8.9,11
PORSCHE,911 CARRERA 4S CABRIOLET,MINICOMPACT,3.8,6,AM7,Z,12.5,9.1,11
PORSCHE,911 CARRERA 4S CABRIOLET,MINICOMPACT,3.8,6,M7,Z,12.9,9.2,11.2
PORSCHE,911 GT3,TWO-SEATER,3.8,6,AM7,Z,16,11.5,14
PORSCHE,911 GT3RS,TWO-SEATER,4,6,AM7,Z,16.3,11.8,14.3
PORSCHE,911 TARGA 4,MINICOMPACT,3.4,6,AM7,Z,12.3,8.9,10.8
PORSCHE,911 TARGA 4,MINICOMPACT,3.4,6,M7,Z,12.9,9,11.1
PORSCHE,911 TARGA 4S,MINICOMPACT,3.8,6,AM7,Z,12.8,9.3,11.2
PORSCHE,911 TARGA 4S,MINICOMPACT,3.8,6,M7,Z,13.1,9.2,11.4
PORSCHE,911 TURBO,MINICOMPACT,3.8,6,AM7,Z,13.7,9.6,11.9
PORSCHE,911 TURBO CABRIOLET,MINICOMPACT,3.8,6,AM7,Z,13.7,9.6,11.9
PORSCHE,911 TURBO S,MINICOMPACT,3.8,6,AM7,Z,13.7,9.6,11.9
PORSCHE,911 TURBO S CABRIOLET,MINICOMPACT,3.8,6,AM7,Z,13.7,9.6,11.9
PORSCHE,BOXSTER,TWO-SEATER,2.7,6,AM7,Z,10.7,7.4,9.2
PORSCHE,BOXSTER,TWO-SEATER,2.7,6,M6,Z,11.5,7.9,9.9
PORSCHE,BOXSTER GTS,TWO-SEATER,3.4,6,AM7,Z,10.9,7.7,9.5
PORSCHE,BOXSTER GTS,TWO-SEATER,3.4,6,M6,Z,12.1,8.9,10.7
PORSCHE,BOXSTER S,TWO-SEATER,3.4,6,AM7,Z,11.3,7.9,9.8
PORSCHE,BOXSTER S,TWO-SEATER,3.4,6,M6,Z,11.9,8.6,10.4
PORSCHE,BOXSTER SPYDER,TWO-SEATER,3.8,6,M6,Z,13.1,9.9,11.6
PORSCHE,CAYENNE,SUV - STANDARD,3.6,6,A8,Z,13.5,9.7,11.8
PORSCHE,CAYENNE DIESEL (modified),SUV - STANDARD,3,6,A8,D,11.2,8.4,9.8
PORSCHE,CAYENNE GTS,SUV - STANDARD,3.6,6,A8,Z,14.8,10.4,12.8
PORSCHE,CAYENNE S,SUV - STANDARD,3.6,6,A8,Z,14.3,9.6,12.2
PORSCHE,CAYENNE TURBO,SUV - STANDARD,4.8,8,A8,Z,16.7,11.2,14.2
PORSCHE,CAYENNE TURBO S,SUV - STANDARD,4.8,8,A8,Z,16.9,11.2,14.3
PORSCHE,CAYMAN,TWO-SEATER,2.7,6,AM7,Z,10.7,7.4,9.2
PORSCHE,CAYMAN,TWO-SEATER,2.7,6,M6,Z,11.5,7.9,9.9
PORSCHE,CAYMAN GT4,TWO-SEATER,3.8,6,M6,Z,13.3,10.1,11.8
PORSCHE,CAYMAN GTS,TWO-SEATER,3.4,6,AM7,Z,10.9,7.7,9.5
PORSCHE,CAYMAN GTS,TWO-SEATER,3.4,6,M6,Z,12.1,8.9,10.7
PORSCHE,CAYMAN S,TWO-SEATER,3.4,6,AM7,Z,11.3,7.9,9.8
PORSCHE,CAYMAN S,TWO-SEATER,3.4,6,M6,Z,11.9,8.6,10.4
PORSCHE,MACAN S,SUV - SMALL,3,6,A7,Z,13.7,10.3,12.2
PORSCHE,MACAN TURBO,SUV - SMALL,3.6,6,A7,Z,14.2,10.1,12.3
PORSCHE,PANAMERA,FULL-SIZE,3.6,6,AM7,Z,12.9,8.4,10.9
PORSCHE,PANAMERA GTS,FULL-SIZE,4.8,8,AM7,Z,15.1,9.7,12.7
PORSCHE,PANAMERA S,FULL-SIZE,3,6,AM7,Z,13.4,8.8,11.4
PORSCHE,PANAMERA 4,FULL-SIZE,3.6,6,AM7,Z,13.1,8.7,11.1
PORSCHE,PANAMERA 4S,FULL-SIZE,3,6,AM7,Z,13.4,8.8,11.4
PORSCHE,PANAMERA 4S EXECUTIVE,FULL-SIZE,3,6,AM7,Z,13.7,8.9,11.5
PORSCHE,PANAMERA TURBO,FULL-SIZE,4.8,8,AM7,Z,15.3,9.7,12.8
PORSCHE,PANAMERA TURBO EXECUTIVE,FULL-SIZE,4.8,8,AM7,Z,15.4,9.8,12.9
PORSCHE,PANAMERA TURBO S,FULL-SIZE,4.8,8,AM7,Z,15.3,9.7,12.8
PORSCHE,PANAMERA TURBO S EXECUTIVE,FULL-SIZE,4.8,8,AM7,Z,15.4,9.8,12.9
RAM,1500 FFV,PICKUP TRUCK - STANDARD,3.6,6,A8,X,13.9,9.5,11.9
RAM,1500 FFV,PICKUP TRUCK - STANDARD,3.6,6,A8,E,19.4,13.6,16.8
RAM,1500 HFE,PICKUP TRUCK - STANDARD,3.6,6,A8,X,12.9,9.3,11.3
RAM,1500 (MDS),PICKUP TRUCK - STANDARD,5.7,8,A6,X,17.1,12,14.8
RAM,1500 (MDS),PICKUP TRUCK - STANDARD,5.7,8,A8,X,15.8,10.9,13.6
RAM,1500 ECODIESEL,PICKUP TRUCK - STANDARD,3,6,A8,D,11.6,8.4,10.2
RAM,1500 ECODIESEL HFE,PICKUP TRUCK - STANDARD,3,6,A8,D,11.3,8,9.8
RAM,1500 4X4 FFV,PICKUP TRUCK - STANDARD,3.6,6,A8,X,14.6,10.1,12.6
RAM,1500 4X4 FFV,PICKUP TRUCK - STANDARD,3.6,6,A8,E,20.5,14.5,17.8
RAM,1500 4X4 (MDS),PICKUP TRUCK - STANDARD,5.7,8,A6,X,17.7,12.7,15.4
RAM,1500 4X4 (MDS),PICKUP TRUCK - STANDARD,5.7,8,A8,X,16.2,11.5,14.1
RAM,1500 4X4 ECODIESEL,PICKUP TRUCK - STANDARD,3,6,A8,D,12.1,8.8,10.6
RAM,PROMASTER CITY,SPECIAL PURPOSE VEHICLE,2.4,4,A9,X,11.2,8.1,9.8
ROLLS-ROYCE,GHOST,FULL-SIZE,6.6,12,AS8,Z,19.2,12.4,16.1
ROLLS-ROYCE,GHOST EWB,FULL-SIZE,6.6,12,AS8,Z,19.2,12.4,16.1
ROLLS-ROYCE,PHANTOM,FULL-SIZE,6.7,12,AS8,Z,20.9,12.7,17.2
ROLLS-ROYCE,PHANTOM EWB,FULL-SIZE,6.7,12,AS8,Z,20.7,12.9,17.2
ROLLS-ROYCE,PHANTOM COUPE,COMPACT,6.7,12,AS8,Z,20.9,12.7,17.2
ROLLS-ROYCE,PHANTOM DROPHEAD COUPE,COMPACT,6.7,12,AS8,Z,20.7,12.9,17.2
ROLLS-ROYCE,WRAITH,MID-SIZE,6.6,12,AS8,Z,18.8,11.8,15.6
SCION,FR-S,MINICOMPACT,2,4,AS6,Z,9.6,7,8.4
SCION,FR-S,MINICOMPACT,2,4,M6,Z,10.9,7.9,9.6
SCION,iM,MID-SIZE,1.8,4,AV7,X,8.3,6.3,7.4
SCION,iM,MID-SIZE,1.8,4,M6,X,8.6,6.6,7.7
SCION,tC,COMPACT,2.5,4,AS6,X,10.2,7.6,9
SCION,tC,COMPACT,2.5,4,M6,X,10.2,7.7,9
SMART,FORTWO CABRIOLET,TWO-SEATER,0.9,3,AM6,Z,7.5,6.1,6.9
SMART,FORTWO COUPE,TWO-SEATER,0.9,3,AM6,Z,7.5,6.1,6.9
SUBARU,BRZ,MINICOMPACT,2,4,AS6,Z,9.6,7,8.4
SUBARU,BRZ,MINICOMPACT,2,4,M6,Z,10.9,7.9,9.6
SUBARU,FORESTER AWD,SUV - SMALL,2,4,AV8,Z,10.2,8.5,9.4
SUBARU,FORESTER AWD,SUV - SMALL,2.5,4,AV6,X,9.6,7.5,8.7
SUBARU,FORESTER AWD,SUV - SMALL,2.5,4,M6,X,10.6,8.4,9.6
SUBARU,IMPREZA AWD,COMPACT,2,4,AV6,X,8.5,6.4,7.6
SUBARU,IMPREZA AWD,COMPACT,2,4,M5,X,9.5,7,8.4
SUBARU,IMPREZA WAGON AWD,STATION WAGON - SMALL,2,4,AV6,X,8.5,6.4,7.6
SUBARU,IMPREZA WAGON AWD,STATION WAGON - SMALL,2,4,M5,X,9.5,7,8.4
SUBARU,LEGACY AWD,MID-SIZE,2.5,4,AV6,X,9,6.5,7.9
SUBARU,LEGACY AWD,MID-SIZE,2.5,4,M6,X,10.7,7.8,9.4
SUBARU,LEGACY AWD,MID-SIZE,3.6,6,AV6,X,11.9,8.2,10.2
SUBARU,OUTBACK AWD,SUV - SMALL,2.5,4,AV6,X,9.3,7.1,8.3
SUBARU,OUTBACK AWD,SUV - SMALL,2.5,4,M6,X,11,8.2,9.7
SUBARU,OUTBACK AWD,SUV - SMALL,3.6,6,AV6,X,12,8.6,10.5
SUBARU,WRX,COMPACT,2,4,AV8,Z,12.5,9.5,11.2
SUBARU,WRX,COMPACT,2,4,M6,Z,11.3,8.4,10
SUBARU,WRX,COMPACT,2.5,4,M6,Z,13.8,10.2,12.2
SUBARU,XV CROSSTREK AWD,SUV - SMALL,2,4,AV6,X,9.1,7,8.1
SUBARU,XV CROSSTREK AWD,SUV - SMALL,2,4,M5,X,10.2,7.7,9.1
SUBARU,XV CROSSTREK HYBRID AWD,SUV - SMALL,2,4,AV6,X,7.9,6.9,7.5
TOYOTA,4RUNNER 4WD,SUV - STANDARD,4,6,AS5,X,14.2,11.1,12.8
TOYOTA,4RUNNER 4WD (Part-Time 4WD),SUV - STANDARD,4,6,AS5,X,14.2,11.1,12.8
TOYOTA,AVALON,MID-SIZE,3.5,6,AS6,X,11.4,7.6,9.7
TOYOTA,CAMRY,MID-SIZE,2.5,4,AS6,X,9.4,6.7,8.2
TOYOTA,CAMRY,MID-SIZE,3.5,6,AS6,X,11,7.7,9.5
TOYOTA,CAMRY HYBRID LE,MID-SIZE,2.5,4,AV,X,5.5,6,5.7
TOYOTA,CAMRY HYBRID XLE/SE,MID-SIZE,2.5,4,AV,X,5.7,6,5.9
TOYOTA,COROLLA,MID-SIZE,1.8,4,A4,X,8.6,6.5,7.6
TOYOTA,COROLLA,MID-SIZE,1.8,4,AV,X,8.2,6.2,7.3
TOYOTA,COROLLA,MID-SIZE,1.8,4,AV7,X,7.9,6.1,7.1
TOYOTA,COROLLA,MID-SIZE,1.8,4,M6,X,8.4,6.4,7.5
TOYOTA,COROLLA LE ECO (1-mode),MID-SIZE,1.8,4,AV,X,7.7,5.6,6.8
TOYOTA,COROLLA LE ECO (2-mode),MID-SIZE,1.8,4,AV,X,7.7,6,6.9
TOYOTA,HIGHLANDER,SUV - SMALL,3.5,6,AS6,X,12.5,9.3,11.1
TOYOTA,HIGHLANDER AWD,SUV - STANDARD,3.5,6,AS6,X,13,9.8,11.6
TOYOTA,HIGHLANDER HYBRID AWD,SUV - STANDARD,3.5,6,AV6,X,8.6,8.4,8.5
TOYOTA,HIGHLANDER HYBRID AWD LE,SUV - STANDARD,3.5,6,AV6,X,8.4,8.3,8.4
TOYOTA,PRIUS,MID-SIZE,1.8,4,AV,X,4.4,4.6,4.5
TOYOTA,PRIUS c,COMPACT,1.5,4,AV,X,4.5,5.1,4.7
TOYOTA,PRIUS v,STATION WAGON - MID-SIZE,1.8,4,AV,X,5.4,5.8,5.6
TOYOTA,RAV4,SUV - SMALL,2.5,4,AS6,X,10.1,7.7,9
TOYOTA,RAV4 AWD,SUV - SMALL,2.5,4,AS6,X,10.5,8.2,9.5
TOYOTA,RAV4 HYBRID AWD,SUV - SMALL,2.5,4,AV6,X,6.9,7.6,7.2
TOYOTA,RAV4 LE/XLE,SUV - SMALL,2.5,4,AS6,X,10,7.6,8.9
TOYOTA,RAV4 LIMITED/SE AWD,SUV - SMALL,2.5,4,AS6,X,10.6,8.1,9.4
TOYOTA,SEQUOIA 4WD,SUV - STANDARD,5.7,8,AS6,X,18.8,14,16.6
TOYOTA,SIENNA,MINIVAN,3.5,6,AS6,X,13,9.5,11.4
TOYOTA,SIENNA AWD,MINIVAN,3.5,6,AS6,X,14.4,10.2,12.5
TOYOTA,TACOMA,PICKUP TRUCK - SMALL,2.7,4,AS6,X,12,10,11.1
TOYOTA,TACOMA,PICKUP TRUCK - SMALL,3.5,6,AS6,X,12.6,10,11.4
TOYOTA,TACOMA 4WD,PICKUP TRUCK - SMALL,2.7,4,AS6,X,12.7,10.5,11.7
TOYOTA,TACOMA 4WD,PICKUP TRUCK - SMALL,2.7,4,M5,X,12.4,11.4,11.9
TOYOTA,TACOMA 4WD,PICKUP TRUCK - SMALL,3.5,6,AS6,X,13.1,10.5,11.9
TOYOTA,TACOMA 4WD,PICKUP TRUCK - SMALL,3.5,6,M6,X,13.6,11.2,12.5
TOYOTA,TACOMA 4WD D-CAB OFF-ROAD,PICKUP TRUCK - SMALL,3.5,6,M6,X,13.8,11.7,12.9
TOYOTA,TUNDRA,PICKUP TRUCK - STANDARD,4.6,8,AS6,X,15.9,12.3,14.3
TOYOTA,TUNDRA,PICKUP TRUCK - STANDARD,5.7,8,AS6,X,17.3,13,15.4
TOYOTA,TUNDRA 4WD,PICKUP TRUCK - STANDARD,4.6,8,AS6,X,16.9,12.9,15.1
TOYOTA,TUNDRA 4WD,PICKUP TRUCK - STANDARD,5.7,8,AS6,X,18.2,14.1,16.3
TOYOTA,VENZA,SUV - SMALL,2.7,4,AS6,X,11.6,9,10.4
TOYOTA,VENZA,SUV - SMALL,3.5,6,AS6,X,12.5,9,10.9
TOYOTA,VENZA 4WD,SUV - SMALL,2.7,4,AS6,X,11.6,9.2,10.5
TOYOTA,VENZA 4WD,SUV - SMALL,3.5,6,AS6,X,12.8,9.3,11.3
TOYOTA,YARIS,COMPACT,1.5,4,AS6,X,7.2,5.6,6.4
TOYOTA,YARIS (SIL),COMPACT,1.5,4,M6,X,7.6,5.7,6.7
TOYOTA,YARIS HATCHBACK,COMPACT,1.5,4,A4,X,7.8,6.6,7.3
TOYOTA,YARIS HATCHBACK,COMPACT,1.5,4,M5,X,7.7,6.3,7.1
VOLKSWAGEN,BEETLE,COMPACT,1.8,4,AS6,X,9.6,7,8.4
VOLKSWAGEN,BEETLE,COMPACT,1.8,4,M5,X,9.5,6.9,8.4
VOLKSWAGEN,BEETLE CONVERTIBLE,SUBCOMPACT,1.8,4,AS6,X,9.6,7,8.4
VOLKSWAGEN,BEETLE DUNE,COMPACT,1.8,4,AS6,X,9.7,7.5,8.7
VOLKSWAGEN,CC,COMPACT,2,4,AM6,Z,10.7,7.7,9.3
VOLKSWAGEN,GOLF,COMPACT,1.8,4,AS6,X,9.3,6.5,8.1
VOLKSWAGEN,GOLF,COMPACT,1.8,4,M5,X,9.3,6.4,8
VOLKSWAGEN,GOLF GTI,COMPACT,2,4,AM6,X,9.5,7.2,8.5
VOLKSWAGEN,GOLF GTI,COMPACT,2,4,M6,X,9.4,6.9,8.3
VOLKSWAGEN,GOLF R,COMPACT,2,4,AM6,Z,10.4,7.9,9.3
VOLKSWAGEN,GOLF R,COMPACT,2,4,M6,Z,10.9,7.7,9.4
VOLKSWAGEN,GOLF SPORTWAGON,STATION WAGON - SMALL,1.8,4,AS6,X,9.4,6.8,8.2
VOLKSWAGEN,GOLF SPORTWAGON,STATION WAGON - SMALL,1.8,4,M5,X,9.5,6.6,8.2
VOLKSWAGEN,JETTA,COMPACT,1.4,4,AS6,X,8.5,6,7.3
VOLKSWAGEN,JETTA,COMPACT,1.4,4,M5,X,8.3,5.9,7.2
VOLKSWAGEN,JETTA,COMPACT,1.8,4,AS6,X,9.2,6.4,8
VOLKSWAGEN,JETTA,COMPACT,1.8,4,M5,X,9.4,6.4,8.1
VOLKSWAGEN,JETTA,COMPACT,2,4,AM6,X,9.8,7,8.6
VOLKSWAGEN,JETTA,COMPACT,2,4,M6,X,10.1,7.2,8.8
VOLKSWAGEN,JETTA HYBRID,COMPACT,1.4,4,AM7,Z,5.7,4.9,5.3
VOLKSWAGEN,PASSAT,MID-SIZE,1.8,4,AS6,X,9.4,6.3,8
VOLKSWAGEN,PASSAT,MID-SIZE,1.8,4,M6,X,9.5,6.4,8.1
VOLKSWAGEN,PASSAT,MID-SIZE,3.6,6,AM6,X,11.9,8.5,10.4
VOLKSWAGEN,TIGUAN,SUV - SMALL,2,4,AS6,Z,11.7,9.5,10.7
VOLKSWAGEN,TIGUAN,SUV - SMALL,2,4,M6,Z,13,9,11.2
VOLKSWAGEN,TIGUAN 4MOTION,SUV - SMALL,2,4,AS6,Z,11.6,9.3,10.6
VOLKSWAGEN,TOUAREG,SUV - STANDARD,3.6,6,AS8,X,14.1,10.4,12.4
VOLKSWAGEN,TOUAREG TDI (modified),SUV - STANDARD,3,6,AS8,D,11.2,8.4,9.8
VOLVO,S60 CC T5 AWD,COMPACT,2.5,5,AS6,X,11.8,8.6,10.3
VOLVO,S60 INSCRIPTION,COMPACT,2,4,AS8,X,9.6,6.7,8.3
VOLVO,S60 INSCRIPTION T5 AWD,COMPACT,2.5,5,AS6,X,11.6,8.2,10.1
VOLVO,S60 T5,COMPACT,2,4,AS8,X,9.6,6.7,8.3
VOLVO,S60 T5 AWD,COMPACT,2.5,5,AS6,X,11.6,8.2,10.1
VOLVO,S60 T6,COMPACT,2,4,AS8,Z,10.6,7.7,9.3
VOLVO,S60 T6 AWD,COMPACT,2,4,AS8,Z,11.3,8.2,9.9
VOLVO,S60 3.0T AWD,COMPACT,3,6,AS6,X,13,9,11.2
VOLVO,S60 POLESTAR,COMPACT,3,6,AS6,X,13,9,11.2
VOLVO,S80 T5,MID-SIZE,2,4,AS8,X,9.6,6.7,8.3
VOLVO,V60 CC T5 AWD,STATION WAGON - SMALL,2.5,5,AS6,X,11.8,8.6,10.3
VOLVO,V60 T5,STATION WAGON - SMALL,2,4,AS8,X,9.6,6.7,8.3
VOLVO,V60 T5 AWD,STATION WAGON - SMALL,2.5,5,AS6,X,11.6,8.2,10.1
VOLVO,V60 T6 AWD,STATION WAGON - SMALL,2,4,AS8,Z,11.3,8.2,9.9
VOLVO,V60 3.0T AWD,STATION WAGON - SMALL,3,6,AS6,X,13,9,11.2
VOLVO,V60 POLESTAR,STATION WAGON - SMALL,3,6,AS6,X,13,9,11.2
VOLVO,XC60 T5,SUV - SMALL,2,4,AS8,X,10.3,7.6,9.1
VOLVO,XC60 T5 AWD,SUV - SMALL,2.5,5,AS6,X,12.5,9.2,11
VOLVO,XC60 T6,SUV - SMALL,2,4,AS8,Z,11,8.1,9.7
VOLVO,XC60 T6 AWD,SUV - SMALL,2,4,AS8,Z,11.8,9.1,10.6
VOLVO,XC60 3.0T AWD,SUV - SMALL,3,6,AS6,X,13.7,10.1,12
VOLVO,XC70 T5,SUV - SMALL,2,4,AS8,X,10.3,7.6,9.1
VOLVO,XC70 T5 AWD,SUV - SMALL,2.5,5,AS6,X,12.5,9.2,11
VOLVO,XC90 T5,SUV - STANDARD,2,4,AS8,Z,10.6,9.1,10
VOLVO,XC90 T5 AWD,SUV - STANDARD,2,4,AS8,Z,10.8,9.5,10.2
VOLVO,XC90 T6 AWD,SUV - STANDARD,2,4,AS8,Z,11.5,9.5,10.6
ACURA,ILX,COMPACT,2.4,4,AM8,Z,9.4,6.8,8.2
ACURA,MDX SH-AWD,SUV - SMALL,3.5,6,AS9,Z,12.6,9,11
ACURA,MDX SH-AWD ELITE,SUV - SMALL,3.5,6,AS9,Z,12.2,9,10.7
ACURA,MDX HYBRID AWD,SUV - SMALL,3,6,AM7,Z,9.1,9,9
ACURA,NSX,TWO-SEATER,3.5,6,AM9,Z,11.1,10.8,11
ACURA,RDX AWD,SUV - SMALL,3.5,6,AS6,Z,12.4,8.7,10.7
ACURA,RLX HYBRID,MID-SIZE,3.5,6,AM7,Z,8.2,7.8,8.1
ACURA,TLX,COMPACT,2.4,4,AM8,Z,9.6,6.6,8.3
ACURA,TLX SH-AWD,COMPACT,3.5,6,AS9,Z,11.2,7.5,9.6
ALFA ROMEO,4C,TWO-SEATER,1.8,4,AM6,Z,9.7,6.9,8.4
ALFA ROMEO,4C SPIDER,TWO-SEATER,1.8,4,AM6,Z,9.7,6.9,8.4
ALFA ROMEO,GIULIA,MID-SIZE,2,4,A8,Z,10,7.2,8.7
ALFA ROMEO,GIULIA AWD,MID-SIZE,2,4,A8,Z,10.5,7.7,9.2
ALFA ROMEO,GIULIA QUADRIFOGLIO,MID-SIZE,2.9,6,A8,Z,13.8,9.6,11.9
ASTON MARTIN,DB11 V12,MINICOMPACT,5.2,12,A8,Z,15.5,11.4,13.7
ASTON MARTIN,RAPIDE S,SUBCOMPACT,6,12,A8,Z,16.7,10.9,14.1
ASTON MARTIN,VANQUISH,MINICOMPACT,6,12,A8,Z,17.5,11.4,14.7
ASTON MARTIN,V12 VANTAGE S,TWO-SEATER,6,12,AM7,Z,19.4,12.8,16.4
ASTON MARTIN,V12 VANTAGE S,TWO-SEATER,6,12,M7,Z,23.2,14.4,19.2
AUDI,A3,SUBCOMPACT,2,4,AM7,X,9.1,6.8,8
AUDI,A3 QUATTRO,SUBCOMPACT,2,4,AM6,X,9.7,7.5,8.7
AUDI,A3 CABRIOLET QUATTRO,SUBCOMPACT,2,4,AM6,X,10.8,8,9.5
AUDI,A4 ULTRA,COMPACT,2,4,AM7,Z,8.6,6.4,7.6
AUDI,A4 QUATTRO,COMPACT,2,4,AM7,Z,9.8,7.7,8.8
AUDI,A4 QUATTRO,COMPACT,2,4,M6,Z,9.9,7,8.6
AUDI,A4 ALLROAD QUATTRO,STATION WAGON - SMALL,2,4,AM7,Z,10.2,8.3,9.3
AUDI,A5 QUATTRO,SUBCOMPACT,2,4,AS8,Z,11,8,9.7
AUDI,A5 QUATTRO,SUBCOMPACT,2,4,M6,Z,10.4,7.3,9
AUDI,A5 CABRIOLET QUATTRO,SUBCOMPACT,2,4,AS8,Z,11.3,8.2,9.9
AUDI,A6 QUATTRO,MID-SIZE,2,4,AS8,Z,10.9,7.5,9.4
AUDI,A6 QUATTRO,MID-SIZE,3,6,AS8,Z,11.5,8.2,10
AUDI,A7 QUATTRO,MID-SIZE,3,6,AS8,Z,11.5,8.2,10
AUDI,A8,MID-SIZE,3,6,AS8,Z,12.6,8,10.5
AUDI,A8,MID-SIZE,4,8,AS8,Z,12.9,8,10.7
AUDI,A8L,FULL-SIZE,4,8,AS8,Z,13.1,8.3,10.9
AUDI,Q3,COMPACT,2,4,AS6,Z,11.9,8.4,10.3
AUDI,Q3 QUATTRO,COMPACT,2,4,AS6,Z,11.9,8.4,10.3
AUDI,Q5,SUV - SMALL,2,4,AS8,Z,12,8.6,10.5
AUDI,Q5,SUV - SMALL,3,6,AS8,Z,13.2,9.2,11.4
AUDI,Q7,SUV - STANDARD,2,4,AS8,Z,11.9,9.6,10.8
AUDI,Q7,SUV - STANDARD,3,6,AS8,Z,12.6,9.4,11.1
AUDI,R8,TWO-SEATER,5.2,10,AM7,Z,16.5,11.2,14.1
AUDI,R8 SPYDER,TWO-SEATER,5.2,10,AM7,Z,16.5,11.2,14.1
AUDI,RS 7,MID-SIZE,4,8,AS8,Z,16.2,9.3,13.1
AUDI,S3,SUBCOMPACT,2,4,AM6,Z,11,8.5,9.9
AUDI,S5,SUBCOMPACT,3,6,AM7,Z,13,8.5,11
AUDI,S5,SUBCOMPACT,3,6,M6,Z,13.8,9,11.7
AUDI,S5 CABRIOLET,SUBCOMPACT,3,6,AM7,Z,13.3,9.1,11.4
AUDI,S6,MID-SIZE,4,8,AM7,Z,13.3,8.8,11.3
AUDI,S7,MID-SIZE,4,8,AM7,Z,13.4,8.8,11.4
AUDI,S8,MID-SIZE,4,8,AS8,Z,16.2,9.9,13.4
AUDI,SQ5,SUV - SMALL,3,6,AS8,Z,14.1,9.9,12.2
AUDI,TT COUPE QUATTRO,SUBCOMPACT,2,4,AM6,X,10.1,7.8,9.1
AUDI,TT ROADSTER QUATTRO,TWO-SEATER,2,4,AM6,X,10.1,7.8,9.1
AUDI,TTS COUPE QUATTRO,SUBCOMPACT,2,4,AM6,Z,10.3,8.6,9.5
BENTLEY,BENTAYGA,SUV - STANDARD,6,12,AS8,Z,18.8,12.2,15.9
BENTLEY,CONTINENTAL GT,COMPACT,4,8,AS8,Z,16.1,9.4,13.1
BENTLEY,CONTINENTAL GT,COMPACT,6,12,AS8,Z,18.9,11.2,15.4
BENTLEY,CONTINENTAL GT CONVERTIBLE,SUBCOMPACT,4,8,AS8,Z,17.7,10.3,14.4
BENTLEY,CONTINENTAL GT CONVERTIBLE,SUBCOMPACT,6,12,AS8,Z,19.6,11.7,16
BENTLEY,FLYING SPUR,MID-SIZE,4,8,AS8,Z,17,9.9,13.8
BENTLEY,FLYING SPUR,MID-SIZE,6,12,AS8,Z,19.6,11.7,16
BENTLEY,MULSANNE,MID-SIZE,6.8,8,AS8,Z,21.3,12.8,17.5
BENTLEY,MULSANNE EWB,MID-SIZE,6.8,8,AS8,Z,22.2,13.6,18.3
BMW,230i CABRIOLET,SUBCOMPACT,2,4,AS8,Z,10,7.2,8.7
BMW,230i COUPE,SUBCOMPACT,2,4,AS8,Z,9.8,6.8,8.4
BMW,230i COUPE,SUBCOMPACT,2,4,M6,Z,11.1,7.3,9.4
BMW,230i xDRIVE CABRIOLET,SUBCOMPACT,2,4,AS8,Z,10.5,7.4,9.1
BMW,230i xDRIVE COUPE,SUBCOMPACT,2,4,AS8,Z,10.2,7.4,9
BMW,320i,COMPACT,2,4,AS8,Z,10,6.5,8.4
BMW,320i,COMPACT,2,4,M6,Z,10.2,6.7,8.6
BMW,320i xDRIVE,COMPACT,2,4,AS8,Z,10.3,6.9,8.8
BMW,328d xDRIVE,COMPACT,2,4,AS8,D,7.9,5.9,7
BMW,328d xDRIVE TOURING,STATION WAGON - SMALL,2,4,AS8,D,7.9,5.9,7
BMW,330i xDRIVE,COMPACT,2,4,AS8,Z,10.5,7.4,9.1
BMW,330i xDRIVE GRAN TURISMO,FULL-SIZE,2,4,AS8,Z,10.5,7.4,9.1
BMW,330i xDRIVE TOURING,STATION WAGON - SMALL,2,4,AS8,Z,10.5,7.4,9.1
BMW,340i,COMPACT,3,6,AS8,Z,11.1,7.8,9.6
BMW,340i,COMPACT,3,6,M6,Z,12.2,8.2,10.4
BMW,340i xDRIVE,COMPACT,3,6,AS8,Z,11.4,7.8,9.8
BMW,340i xDRIVE,COMPACT,3,6,M6,Z,12.2,8.5,10.5
BMW,340i xDRIVE GRAN TURISMO,FULL-SIZE,3,6,AS8,Z,11.9,8.1,10.2
BMW,430i xDRIVE CABRIOLET,SUBCOMPACT,2,4,AS8,Z,10.6,7.3,9.1
BMW,430i xDRIVE COUPE,COMPACT,2,4,AS8,Z,10.5,7.4,9.1
BMW,430i xDRIVE GRAN COUPE,COMPACT,2,4,AS8,Z,10.5,7.4,9.1
BMW,440i COUPE,COMPACT,3,6,AS8,Z,11.1,7.8,9.6
BMW,440i COUPE,COMPACT,3,6,M6,Z,12.2,8.2,10.4
BMW,440i xDRIVE CABRIOLET,SUBCOMPACT,3,6,AS8,Z,11.9,8.1,10.2
BMW,440i xDRIVE COUPE,COMPACT,3,6,AS8,Z,11.4,7.8,9.8
BMW,440i xDRIVE COUPE,COMPACT,3,6,M6,Z,12.2,8.5,10.5
BMW,440i xDRIVE GRAN COUPE,COMPACT,3,6,AS8,Z,11.4,7.8,9.8
BMW,530i xDRIVE,MID-SIZE,2,4,AS8,Z,10.5,7.4,9.1
BMW,540i xDRIVE,MID-SIZE,3,6,AS8,Z,11.4,7.8,9.8
BMW,640i xDRIVE CABRIOLET,SUBCOMPACT,3,6,AS8,Z,12.4,8.4,10.6
BMW,640i xDRIVE GRAN COUPE,COMPACT,3,6,AS8,Z,12.4,8.4,10.6
BMW,650i xDRIVE CABRIOLET,SUBCOMPACT,4.4,8,AS8,Z,14.7,9.7,12.5
BMW,650i xDRIVE COUPE,COMPACT,4.4,8,AS8,Z,13.8,9.1,11.7
BMW,650i xDRIVE GRAN COUPE,COMPACT,4.4,8,AS8,Z,14.7,9.7,12.5
BMW,740Li xDRIVE,FULL-SIZE,3,6,AS8,Z,11.9,8.1,10.2
BMW,750i xDRIVE,FULL-SIZE,4.4,8,AS8,Z,13.8,9.1,11.7
BMW,750Li xDRIVE,FULL-SIZE,4.4,8,AS8,Z,14.7,9.7,12.5
BMW,ALPINA B6 xDRIVE GRAN COUPE,COMPACT,4.4,8,AS8,Z,14.7,9.7,12.5
BMW,ALPINA B7 xDRIVE,FULL-SIZE,4.4,8,AS8,Z,14.7,9.7,12.5
BMW,M2,SUBCOMPACT,3,6,AM7,Z,11.8,8.9,10.5
BMW,M2,SUBCOMPACT,3,6,M6,Z,13.1,9.2,11.4
BMW,M240i CABRIOLET,SUBCOMPACT,3,6,AS8,Z,11.1,7.8,9.6
BMW,M240i CABRIOLET,SUBCOMPACT,3,6,M6,Z,12.2,8.2,10.4
BMW,M240i COUPE,SUBCOMPACT,3,6,AS8,Z,11.1,7.8,9.6
BMW,M240i COUPE,SUBCOMPACT,3,6,M6,Z,12.5,8.4,10.7
BMW,M240i xDRIVE CABRIOLET,SUBCOMPACT,3,6,AS8,Z,11.4,7.8,9.8
BMW,M240i xDRIVE COUPE,SUBCOMPACT,3,6,AS8,Z,11.4,7.8,9.8
BMW,M3,COMPACT,3,6,AM7,Z,14,9.7,12.1
BMW,M3,COMPACT,3,6,M6,Z,13.7,9.1,11.7
BMW,M4 CABRIOLET,SUBCOMPACT,3,6,AM7,Z,14.1,9.6,12.1
BMW,M4 CABRIOLET,SUBCOMPACT,3,6,M6,Z,13.7,9.1,11.7
BMW,M4 COUPE,COMPACT,3,6,AM7,Z,14,9.7,12.1
BMW,M4 COUPE,COMPACT,3,6,M6,Z,13.7,9.1,11.7
BMW,M6,COMPACT,4.4,8,AM7,Z,17.2,11.6,14.7
BMW,M6,COMPACT,4.4,8,M6,Z,16.2,10.9,13.8
BMW,M6 CABRIOLET,SUBCOMPACT,4.4,8,AM7,Z,17.2,11.6,14.7
BMW,M6 CABRIOLET,SUBCOMPACT,4.4,8,M6,Z,16.2,10.9,13.8
BMW,M6 GRAN COUPE,COMPACT,4.4,8,AM7,Z,17.2,11.6,14.7
BMW,M6 GRAN COUPE,COMPACT,4.4,8,M6,Z,16.2,10.9,13.8
BMW,M760i xDRIVE,FULL-SIZE,6.6,12,AS8,Z,17.7,11.9,15.1
BMW,X1 xDRIVE28i,SUV - SMALL,2,4,AS8,Z,10.5,7.4,9.1
BMW,X3 xDRIVE28d,SUV - SMALL,2,4,AS8,D,8.7,7.1,8
BMW,X3 xDRIVE28i,SUV - SMALL,2,4,AS8,Z,11.1,8.5,10
BMW,X3 xDRIVE35i,SUV - SMALL,3,6,AS8,Z,12.7,9.1,11.1
BMW,X4 M40i,SUV - SMALL,3,6,AS8,Z,12.7,9.1,11.1
BMW,X4 xDRIVE28i,SUV - SMALL,2,4,AS8,Z,11.8,8.6,10.3
BMW,X5 M,SUV - STANDARD,4.4,8,AS8,Z,16.6,12.1,14.6
BMW,X5 xDRIVE35d,SUV - STANDARD,3,6,AS8,D,10.3,8,9.3
BMW,X5 xDRIVE35i,SUV - STANDARD,3,6,AS8,Z,13,9.8,11.5
BMW,X5 xDRIVE50i,SUV - STANDARD,4.4,8,AS8,Z,15.6,11.3,13.7
BMW,X6 M,SUV - STANDARD,4.4,8,AS8,Z,16.6,12.1,14.6
BMW,X6 xDRIVE35i,SUV - STANDARD,3,6,AS8,Z,13,9.8,11.5
BMW,X6 xDRIVE50i,SUV - STANDARD,4.4,8,AS8,Z,15.6,11.3,13.7
BUICK,ENCLAVE,SUV - STANDARD,3.6,6,A6,X,15.7,10.6,13.4
BUICK,ENCLAVE AWD,SUV - STANDARD,3.6,6,A6,X,16,10.9,13.7
BUICK,ENCORE (LUV Engine),SUV - SMALL,1.4,4,AS6,X,9.3,7.2,8.3
BUICK,ENCORE (LE2 Engine),SUV - SMALL,1.4,4,AS6,X,8.6,7.1,7.9
BUICK,ENCORE AWD (LUV Engine),SUV - SMALL,1.4,4,AS6,X,9.8,7.7,8.8
BUICK,ENCORE AWD (LE2 Engine),SUV - SMALL,1.4,4,AS6,X,8.9,7.6,8.3
BUICK,ENVISION AWD,SUV - SMALL,2,4,A6,Z,11.8,9.1,10.6
BUICK,ENVISION AWD,SUV - SMALL,2.5,4,A6,X,11.1,8.4,9.9
BUICK,LACROSSE,MID-SIZE,3.6,6,AS8,X,11.2,7.5,9.5
BUICK,LACROSSE AWD,MID-SIZE,3.6,6,AS8,X,11.6,8.1,10
BUICK,REGAL,MID-SIZE,2,4,AS6,Z,11.5,8,9.9
BUICK,REGAL AWD,MID-SIZE,2,4,AS6,Z,12.1,8.9,10.7
BUICK,VERANO,COMPACT,2.4,4,AS6,X,11.3,7.6,9.7
CADILLAC,ATS,COMPACT,2,4,AS8,Z,10.6,7.7,9.3
CADILLAC,ATS,COMPACT,2,4,M6,Z,11.8,8,10.1
CADILLAC,ATS,COMPACT,2.5,4,AS8,X,10.7,7.4,9.2
CADILLAC,ATS,COMPACT,3.6,6,AS8,X,11.6,8,10
CADILLAC,ATS AWD,COMPACT,2,4,AS8,Z,10.8,7.9,9.5
CADILLAC,ATS AWD,COMPACT,3.6,6,AS8,X,12.2,8.6,10.6
CADILLAC,ATS-V,COMPACT,3.6,6,AS8,Z,13.9,9.4,11.9
CADILLAC,ATS-V,COMPACT,3.6,6,M6,Z,14.4,10.4,12.6
CADILLAC,CT6,FULL-SIZE,2,4,AS8,Z,11,7.8,9.5
CADILLAC,CT6 AWD,FULL-SIZE,3,6,AS8,Z,13,9.1,11.2
CADILLAC,CT6 AWD,FULL-SIZE,3.6,6,AS8,X,12.8,8.8,11
CADILLAC,CTS,MID-SIZE,2,4,AS8,Z,11,7.8,9.5
CADILLAC,CTS,MID-SIZE,3.6,6,AS8,X,11.6,8,10
CADILLAC,CTS AWD,MID-SIZE,2,4,AS8,Z,11.2,8.2,9.8
CADILLAC,CTS AWD,MID-SIZE,3.6,6,AS8,X,12.2,8.6,10.6
CADILLAC,CTS Vsport,MID-SIZE,3.6,6,AS8,Z,15,9.9,12.7
CADILLAC,CTS-V,MID-SIZE,6.2,8,AS8,Z,16.5,11.1,14
CADILLAC,ESCALADE 4WD,SUV - STANDARD,6.2,8,A8,Z,16.1,11.7,14.1
CADILLAC,XT5,SUV - SMALL,3.6,6,AS8,X,12.1,8.6,10.5
CADILLAC,XT5 AWD,SUV - SMALL,3.6,6,AS8,X,12.9,8.9,11.1
CADILLAC,XTS,FULL-SIZE,3.6,6,AS6,X,13.2,8.5,11.1
CADILLAC,XTS AWD,FULL-SIZE,3.6,6,AS6,X,13.7,9,11.6
CADILLAC,XTS Vsport AWD,FULL-SIZE,3.6,6,AS6,Z,15,10.3,12.8
CHEVROLET,CAMARO,SUBCOMPACT,2,4,AS8,Z,10.9,7.7,9.5
CHEVROLET,CAMARO,SUBCOMPACT,2,4,M6,Z,11.9,8,10.1
CHEVROLET,CAMARO,SUBCOMPACT,3.6,6,AS8,X,12.3,8.6,10.6
CHEVROLET,CAMARO,SUBCOMPACT,3.6,6,M6,X,14.4,8.4,11.7
CHEVROLET,CAMARO SS,SUBCOMPACT,6.2,8,AS8,Z,14.2,8.7,11.7
CHEVROLET,CAMARO SS,SUBCOMPACT,6.2,8,M6,Z,14.3,9.4,12.1
CHEVROLET,CAMARO ZL1,SUBCOMPACT,6.2,8,AS10,Z,19,11.6,15.6
CHEVROLET,CAMARO ZL1,SUBCOMPACT,6.2,8,M6,Z,17.2,12,14.9
CHEVROLET,CITY EXPRESS,SPECIAL PURPOSE VEHICLE,2,4,AV,X,9.8,9,9.4
CHEVROLET,COLORADO,PICKUP TRUCK - SMALL,2.5,4,A6,X,12,9.2,10.7
CHEVROLET,COLORADO,PICKUP TRUCK - SMALL,2.5,4,M6,X,12.2,9.2,10.9
CHEVROLET,COLORADO,PICKUP TRUCK - SMALL,2.8,4,A6,D,10.8,7.9,9.5
CHEVROLET,COLORADO,PICKUP TRUCK - SMALL,3.6,6,A8,X,13.4,9.6,11.7
CHEVROLET,COLORADO 4WD,PICKUP TRUCK - SMALL,2.5,4,A6,X,12.7,9.6,11.3
CHEVROLET,COLORADO 4WD,PICKUP TRUCK - SMALL,2.8,4,A6,D,12.1,8.4,10.4
CHEVROLET,COLORADO 4WD,PICKUP TRUCK - SMALL,3.6,6,A8,X,14,9.9,12.2
CHEVROLET,COLORADO ZR2 4WD,PICKUP TRUCK - SMALL,2.8,4,A6,D,12.5,10.7,11.7
CHEVROLET,COLORADO ZR2 4WD,PICKUP TRUCK - SMALL,3.6,6,A8,X,15,13,14.1
CHEVROLET,CORVETTE,TWO-SEATER,6.2,8,AS8,Z,15.2,8.9,12.4
CHEVROLET,CORVETTE,TWO-SEATER,6.2,8,M7,Z,14.2,9,11.9
CHEVROLET,CORVETTE Z06,TWO-SEATER,6.2,8,AS8,Z,17.6,10.3,14.3
CHEVROLET,CORVETTE Z06,TWO-SEATER,6.2,8,M7,Z,15.6,10.6,13.4
CHEVROLET,CRUZE,COMPACT,1.4,4,AS6,X,7.9,5.9,7
CHEVROLET,CRUZE,COMPACT,1.4,4,M6,X,8.3,6,7.3
CHEVROLET,CRUZE PREMIER,COMPACT,1.4,4,AS6,X,8.1,6,7.2
CHEVROLET,CRUZE DIESEL,COMPACT,1.6,4,A9,D,7.6,5,6.4
CHEVROLET,CRUZE DIESEL,COMPACT,1.6,4,M6,D,7.7,4.5,6.3
CHEVROLET,CRUZE HATCHBACK,COMPACT,1.4,4,AS6,X,8.1,6.2,7.3
CHEVROLET,CRUZE HATCHBACK,COMPACT,1.4,4,M6,X,8.3,6.4,7.4
CHEVROLET,CRUZE HATCHBACK PREMIER,COMPACT,1.4,4,AS6,X,8.4,6.4,7.5
CHEVROLET,EQUINOX,SUV - SMALL,2.4,4,A6,X,11,7.5,9.4
CHEVROLET,EQUINOX FFV,SUV - SMALL,2.4,4,A6,X,11,7.5,9.4
CHEVROLET,EQUINOX FFV,SUV - SMALL,2.4,4,A6,E,15.6,11,13.6
CHEVROLET,EQUINOX,SUV - SMALL,3.6,6,A6,X,14.1,9.7,12.1
CHEVROLET,EQUINOX AWD,SUV - SMALL,2.4,4,A6,X,11.5,8.3,10.1
CHEVROLET,EQUINOX AWD FFV,SUV - SMALL,2.4,4,A6,X,11.5,8.3,10.1
CHEVROLET,EQUINOX AWD FFV,SUV - SMALL,2.4,4,A6,E,16.3,11.8,14.2
CHEVROLET,EQUINOX AWD,SUV - SMALL,3.6,6,A6,X,15,10.4,13
CHEVROLET,EXPRESS 2500 PASSENGER,VAN - PASSENGER,6,8,A6,X,21.8,14.8,18.6
CHEVROLET,EXPRESS 3500 PASSENGER,VAN - PASSENGER,6,8,A6,X,22.3,14.9,19
CHEVROLET,IMPALA,FULL-SIZE,2.5,4,AS6,X,10.9,7.9,9.5
CHEVROLET,IMPALA FFV,FULL-SIZE,3.6,6,AS6,X,12.5,8.3,10.6
CHEVROLET,IMPALA FFV,FULL-SIZE,3.6,6,AS6,E,17,11.7,14.6
CHEVROLET,MALIBU,MID-SIZE,1.5,4,A6,X,8.8,6.5,7.8
CHEVROLET,MALIBU,MID-SIZE,2,4,A9,Z,10.7,7.1,9.1
CHEVROLET,MALIBU HYBRID,MID-SIZE,1.8,4,AV,X,4.8,5.5,5.1
CHEVROLET,SILVERADO,PICKUP TRUCK - STANDARD,5.3,8,A6,X,14.6,10.3,12.7
CHEVROLET,SILVERADO,PICKUP TRUCK - STANDARD,5.3,8,A8,X,15.2,10.7,13.1
CHEVROLET,SILVERADO,PICKUP TRUCK - STANDARD,6.2,8,A8,Z,15.9,11.2,13.8
CHEVROLET,SILVERADO FFV,PICKUP TRUCK - STANDARD,4.3,6,A6,X,13.4,10,11.9
CHEVROLET,SILVERADO FFV,PICKUP TRUCK - STANDARD,4.3,6,A6,E,19.3,14.3,17.1
CHEVROLET,SILVERADO FFV,PICKUP TRUCK - STANDARD,5.3,8,A6,X,14.6,10.3,12.7
CHEVROLET,SILVERADO FFV,PICKUP TRUCK - STANDARD,5.3,8,A6,E,19.7,13.9,17.1
CHEVROLET,SILVERADO 4WD,PICKUP TRUCK - STANDARD,5.3,8,A6,X,15,10.7,13.1
CHEVROLET,SILVERADO 4WD,PICKUP TRUCK - STANDARD,5.3,8,A8,X,15.9,11.5,13.9
CHEVROLET,SILVERADO 4WD,PICKUP TRUCK - STANDARD,6.2,8,A8,Z,16,11.7,14.1
CHEVROLET,SILVERADO 4WD FFV,PICKUP TRUCK - STANDARD,4.3,6,A6,X,14.1,10.6,12.5
CHEVROLET,SILVERADO 4WD FFV,PICKUP TRUCK - STANDARD,4.3,6,A6,E,20.2,15.2,18
CHEVROLET,SILVERADO 4WD FFV,PICKUP TRUCK - STANDARD,5.3,8,A6,X,15,10.7,13.1
CHEVROLET,SILVERADO 4WD FFV,PICKUP TRUCK - STANDARD,5.3,8,A6,E,20.7,14.4,17.9
CHEVROLET,SILVERADO eASSIST 4WD,PICKUP TRUCK - STANDARD,5.3,8,A8,X,14.4,11.2,13
CHEVROLET,SONIC,COMPACT,1.4,4,AS6,X,8.8,6.6,7.8
CHEVROLET,SONIC,COMPACT,1.4,4,M6,X,8.4,6.3,7.4
CHEVROLET,SONIC,COMPACT,1.8,4,AS6,X,9.7,6.9,8.4
CHEVROLET,SONIC,COMPACT,1.8,4,M5,X,9.2,7.1,8.3
CHEVROLET,SONIC 5,STATION WAGON - SMALL,1.4,4,AS6,X,8.8,6.6,7.8
CHEVROLET,SONIC 5,STATION WAGON - SMALL,1.4,4,M6,X,8.4,6.3,7.4
CHEVROLET,SONIC 5,STATION WAGON - SMALL,1.8,4,AS6,X,9.7,6.9,8.4
CHEVROLET,SONIC 5,STATION WAGON - SMALL,1.8,4,M5,X,9.2,7.1,8.3
CHEVROLET,SPARK,SUBCOMPACT,1.4,4,AV,X,7.8,6.2,7.1
CHEVROLET,SPARK,SUBCOMPACT,1.4,4,M5,X,8,6.2,7.2
CHEVROLET,SUBURBAN,SUV - STANDARD,5.3,8,A6,X,15.1,10.4,13
CHEVROLET,SUBURBAN FFV,SUV - STANDARD,5.3,8,A6,X,15.1,10.4,13
CHEVROLET,SUBURBAN FFV,SUV - STANDARD,5.3,8,A6,E,20,13.5,17.1
CHEVROLET,SUBURBAN 4WD,SUV - STANDARD,5.3,8,A6,X,15.4,10.8,13.3
CHEVROLET,SUBURBAN 4WD FFV,SUV - STANDARD,5.3,8,A6,X,15.4,10.8,13.3
CHEVROLET,SUBURBAN 4WD FFV,SUV - STANDARD,5.3,8,A6,E,22.1,15.4,19.1
CHEVROLET,TAHOE,SUV - STANDARD,5.3,8,A6,X,15.1,10.4,13
CHEVROLET,TAHOE FFV,SUV - STANDARD,5.3,8,A6,X,15.1,10.4,13
CHEVROLET,TAHOE FFV,SUV - STANDARD,5.3,8,A6,E,20,13.5,17.1
CHEVROLET,TAHOE 4WD,SUV - STANDARD,5.3,8,A6,X,15.2,10.8,13.2
CHEVROLET,TAHOE 4WD FFV,SUV - STANDARD,5.3,8,A6,X,15.2,10.8,13.2
CHEVROLET,TAHOE 4WD FFV,SUV - STANDARD,5.3,8,A6,E,20.8,14.5,18
CHEVROLET,TRAVERSE,SUV - STANDARD,3.6,6,A6,X,15.7,10.6,13.4
CHEVROLET,TRAVERSE AWD,SUV - STANDARD,3.6,6,A6,X,16,10.9,13.7
CHEVROLET,TRAX,SUV - SMALL,1.4,4,AS6,X,9.3,7.2,8.3
CHEVROLET,TRAX,SUV - SMALL,1.4,4,M6,X,9.2,7.1,8.2
CHEVROLET,TRAX AWD,SUV - SMALL,1.4,4,AS6,X,9.8,7.7,8.8
CHRYSLER,200 FFV,MID-SIZE,2.4,4,A9,X,10.2,6.6,8.6
CHRYSLER,200 FFV,MID-SIZE,2.4,4,A9,E,13.9,8.9,11.7
CHRYSLER,200 FFV,MID-SIZE,3.6,6,A9,X,12.4,7.6,10.2
CHRYSLER,200 FFV,MID-SIZE,3.6,6,A9,E,16.8,10.4,13.9
CHRYSLER,200 AWD FFV,MID-SIZE,3.6,6,A9,X,12.8,8.3,10.8
CHRYSLER,200 AWD FFV,MID-SIZE,3.6,6,A9,E,17.1,11.1,14.4
CHRYSLER,300,FULL-SIZE,3.6,6,A8,X,12.4,7.8,10.3
CHRYSLER,300 (MDS),FULL-SIZE,5.7,8,A8,X,14.7,9.4,12.3
CHRYSLER,300 AWD,FULL-SIZE,3.6,6,A8,X,12.8,8.7,11
CHRYSLER,300 AWD FFV,FULL-SIZE,3.6,6,A8,X,12.8,8.7,11
CHRYSLER,300 AWD FFV,FULL-SIZE,3.6,6,A8,E,17.6,12,15
CHRYSLER,PACIFICA,MINIVAN,3.6,6,A9,X,12.9,8.4,10.9
CHRYSLER,PACIFICA (Stop-Start),MINIVAN,3.6,6,A9,X,12.4,8.4,10.6
DODGE,CHALLENGER,MID-SIZE,3.6,6,A8,X,12.4,7.8,10.3
DODGE,CHALLENGER,MID-SIZE,5.7,8,M6,Z,15.6,10.1,13.1
DODGE,CHALLENGER,MID-SIZE,6.4,8,M6,Z,16.7,10.4,13.9
DODGE,CHALLENGER (MDS),MID-SIZE,5.7,8,A8,X,14.7,9.4,12.3
DODGE,CHALLENGER (MDS),MID-SIZE,6.4,8,A8,Z,15.6,9.6,12.9
DODGE,CHALLENGER GT,MID-SIZE,3.6,6,A8,X,12.8,8.7,11
DODGE,CHALLENGER SRT,MID-SIZE,6.4,8,M6,Z,16.7,10.4,13.9
DODGE,CHALLENGER SRT (MDS),MID-SIZE,6.4,8,A8,Z,15.6,9.6,12.9
DODGE,CHALLENGER SRT HELLCAT,MID-SIZE,6.2,8,A8,Z,17.6,10.7,14.5
DODGE,CHALLENGER SRT HELLCAT,MID-SIZE,6.2,8,M6,Z,18.1,11.4,15.1
DODGE,CHARGER,FULL-SIZE,3.6,6,A5,X,13.7,9,11.6
DODGE,CHARGER,FULL-SIZE,3.6,6,A8,X,12.4,7.8,10.3
DODGE,CHARGER (MDS),FULL-SIZE,5.7,8,A5,X,15.6,9.7,12.9
DODGE,CHARGER (MDS),FULL-SIZE,5.7,8,A8,X,14.7,9.4,12.3
DODGE,CHARGER (MDS),FULL-SIZE,6.4,8,A8,Z,15.6,9.6,12.9
DODGE,CHARGER AWD,FULL-SIZE,3.6,6,A8,X,12.8,8.7,11
DODGE,CHARGER AWD FFV,FULL-SIZE,3.6,6,A8,X,12.8,8.7,11
DODGE,CHARGER AWD FFV,FULL-SIZE,3.6,6,A8,E,17.6,12,15
DODGE,CHARGER AWD,FULL-SIZE,5.7,8,A5,X,16,10.1,13.3
DODGE,CHARGER SRT (MDS),FULL-SIZE,6.4,8,A8,Z,15.6,9.6,12.9
DODGE,CHARGER SRT HELLCAT,FULL-SIZE,6.2,8,A8,Z,17.6,10.7,14.5
DODGE,DURANGO AWD,SUV - STANDARD,3.6,6,A8,X,12.7,9.6,11.3
DODGE,DURANGO AWD,SUV - STANDARD,5.7,8,A8,X,16.6,10.7,14
DODGE,GRAND CARAVAN FFV,MINIVAN,3.6,6,A6,X,13.7,9.4,11.8
DODGE,GRAND CARAVAN FFV,MINIVAN,3.6,6,A6,E,19.4,13.3,16.7
DODGE,JOURNEY,SUV - SMALL,2.4,4,A4,X,12.7,9.2,11.1
DODGE,JOURNEY FFV,SUV - SMALL,3.6,6,A6,X,14.2,9.5,12.1
DODGE,JOURNEY FFV,SUV - SMALL,3.6,6,A6,E,19.1,13.2,16.4
DODGE,JOURNEY AWD,SUV - SMALL,3.6,6,A6,X,14.5,10,12.4
DODGE,VIPER,TWO-SEATER,8.4,10,M6,Z,19.9,12.6,16.6
FIAT,124 SPIDER,TWO-SEATER,1.4,4,A6,X,9.3,6.5,8
FIAT,124 SPIDER,TWO-SEATER,1.4,4,M6,X,9,6.7,7.9
FIAT,500 CABRIO,MINICOMPACT,1.4,4,A6,X,8.7,7.1,8
FIAT,500 CABRIO,MINICOMPACT,1.4,4,M5,X,8,6.5,7.3
FIAT,500 HATCHBACK,MINICOMPACT,1.4,4,A6,X,8.7,7.1,8
FIAT,500 HATCHBACK,MINICOMPACT,1.4,4,M5,X,7.7,6.1,7
FIAT,500 ABARTH CABRIO,MINICOMPACT,1.4,4,A6,X,9.7,7.4,8.7
FIAT,500 ABARTH CABRIO,MINICOMPACT,1.4,4,M5,X,8.5,7.1,7.9
FIAT,500 ABARTH HATCHBACK,MINICOMPACT,1.4,4,A6,X,9.7,7.4,8.7
FIAT,500 ABARTH HATCHBACK,MINICOMPACT,1.4,4,M5,X,8.5,7.1,7.9
FIAT,500L,STATION WAGON - SMALL,1.4,4,A6,X,10.7,7.9,9.4
FIAT,500X,SUV - SMALL,1.4,4,M6,X,9.5,7.1,8.4
FIAT,500X,SUV - SMALL,2.4,4,A9,X,10.7,7.7,9.3
FIAT,500X AWD,SUV - SMALL,2.4,4,A9,X,11,8,9.7
FORD,C-MAX HYBRID,FULL-SIZE,2,4,AV,X,5.7,6.2,5.9
FORD,EDGE,SUV - SMALL,2,4,AS6,X,11.5,8,9.9
FORD,EDGE (Start/Stop),SUV - SMALL,2,4,AS6,X,11.3,8,9.8
FORD,EDGE,SUV - SMALL,3.5,6,AS6,X,13.5,9.1,11.5
FORD,EDGE AWD,SUV - SMALL,2,4,AS6,X,11.9,8.6,10.4
FORD,EDGE AWD,SUV - SMALL,2.7,6,AS6,X,13.8,9.8,12
FORD,EDGE AWD,SUV - SMALL,3.5,6,AS6,X,13.9,10,12.1
FORD,ESCAPE,SUV - SMALL,1.5,4,AS6,X,10.2,7.8,9.1
FORD,ESCAPE,SUV - SMALL,2,4,AS6,X,10.6,8,9.5
FORD,ESCAPE FFV,SUV - SMALL,2.5,4,AS6,X,11.1,8.1,9.7
FORD,ESCAPE FFV,SUV - SMALL,2.5,4,AS6,E,15.2,10.8,13.3
FORD,ESCAPE AWD,SUV - SMALL,1.5,4,AS6,X,10.7,8.3,9.6
FORD,ESCAPE AWD,SUV - SMALL,2,4,AS6,X,11.5,8.7,10.2
FORD,EXPEDITION 4X4,SUV - STANDARD,3.5,6,AS6,X,15.9,12,14.2
FORD,EXPEDITION EL 4X4,SUV - STANDARD,3.5,6,AS6,X,16.1,12.2,14.3
FORD,EXPLORER,SUV - STANDARD,2.3,4,AS6,X,12.6,8.6,10.8
FORD,EXPLORER FFV,SUV - STANDARD,3.5,6,AS6,X,13.9,9.7,12
FORD,EXPLORER FFV,SUV - STANDARD,3.5,6,AS6,E,18.7,12.9,16.1
FORD,EXPLORER AWD,SUV - STANDARD,2.3,4,AS6,X,13.1,9.2,11.3
FORD,EXPLORER AWD,SUV - STANDARD,3.5,6,AS6,X,14.8,10.7,13
FORD,EXPLORER FFV AWD,SUV - STANDARD,3.5,6,AS6,X,14.4,10.5,12.6
FORD,EXPLORER FFV AWD,SUV - STANDARD,3.5,6,AS6,E,19.6,14.2,17.2
FORD,F-150,PICKUP TRUCK - STANDARD,2.7,6,AS6,X,12.2,9.3,10.9
FORD,F-150 (LT Tire Pkg),PICKUP TRUCK - STANDARD,2.7,6,AS6,X,12.4,9.8,11.2
FORD,F-150 (Payload Pkg),PICKUP TRUCK - STANDARD,2.7,6,AS6,X,13.1,9.8,11.6
FORD,F-150,PICKUP TRUCK - STANDARD,3.5,6,AS10,X,12.7,9.5,11.3
FORD,F-150 (LT Tire Pkg),PICKUP TRUCK - STANDARD,3.5,6,AS10,X,13,10.2,11.7
FORD,F-150 (Payload Pkg),PICKUP TRUCK - STANDARD,3.5,6,AS10,X,13.8,10.7,12.4
FORD,F-150 FFV,PICKUP TRUCK - STANDARD,3.5,6,A6,X,13.2,9.7,11.6
FORD,F-150 FFV,PICKUP TRUCK - STANDARD,3.5,6,A6,E,17.9,13.2,15.8
FORD,F-150 FFV,PICKUP TRUCK - STANDARD,5,8,AS6,X,15.4,10.6,13.2
FORD,F-150 FFV,PICKUP TRUCK - STANDARD,5,8,AS6,E,20.5,14.3,17.7
FORD,F-150 FFV (Payload Pkg),PICKUP TRUCK - STANDARD,5,8,AS6,X,16.8,11.8,14.5
FORD,F-150 FFV (Payload Pkg),PICKUP TRUCK - STANDARD,5,8,AS6,E,20.5,14.3,17.7
FORD,F-150 4X4,PICKUP TRUCK - STANDARD,2.7,6,AS6,X,13.1,10.2,11.8
FORD,F-150 4X4 (LT Tire Pkg),PICKUP TRUCK - STANDARD,2.7,6,AS6,X,13.5,11.2,12.5
FORD,F-150 4X4 (Payload Pkg),PICKUP TRUCK - STANDARD,2.7,6,AS6,X,13.3,10.7,12.3
FORD,F-150 4X4,PICKUP TRUCK - STANDARD,3.5,6,AS10,X,13.6,10.3,12.1
FORD,F-150 4X4 (LT Tire Pkg),PICKUP TRUCK - STANDARD,3.5,6,AS10,X,13.6,10.7,12.3
FORD,F-150 4X4 (Payload Pkg),PICKUP TRUCK - STANDARD,3.5,6,AS10,X,14,11,12.7
FORD,F-150 FFV 4X4,PICKUP TRUCK - STANDARD,3.5,6,A6,X,14,10.6,12.5
FORD,F-150 FFV 4X4,PICKUP TRUCK - STANDARD,3.5,6,A6,E,19,14.3,16.9
FORD,F-150 FFV 4X4,PICKUP TRUCK - STANDARD,5,8,AS6,X,15.9,11.3,13.8
FORD,F-150 FFV 4X4,PICKUP TRUCK - STANDARD,5,8,AS6,E,21.5,15.1,18.6
FORD,F-150 FFV 4X4 (LT Tire Pkg),PICKUP TRUCK - STANDARD,5,8,AS6,X,16,11.8,14.1
FORD,F-150 FFV 4X4 (LT Tire Pkg),PICKUP TRUCK - STANDARD,5,8,AS6,E,21.5,15.1,18.6
FORD,F-150 FFV 4X4 (Payload Pkg),PICKUP TRUCK - STANDARD,5,8,AS6,X,16.8,12.4,14.8
FORD,F-150 FFV 4X4 (Payload Pkg),PICKUP TRUCK - STANDARD,5,8,AS6,E,22.2,16.5,19.6
FORD,F-150 RAPTOR 4X4,PICKUP TRUCK - STANDARD,3.5,6,AS10,X,15.6,13.2,14.5
FORD,FIESTA,SUBCOMPACT,1.6,4,AS6,X,8.6,6.4,7.6
FORD,FIESTA,SUBCOMPACT,1.6,4,M5,X,8.6,6.7,7.8
FORD,FIESTA SFE,SUBCOMPACT,1,3,M5,X,7.6,5.7,6.8
FORD,FIESTA ST,COMPACT,1.6,4,M6,X,9,7.1,8.2
FORD,FLEX,SUV - STANDARD,3.5,6,AS6,X,14.7,10.2,12.7
FORD,FLEX AWD,SUV - STANDARD,3.5,6,AS6,X,14.7,10.7,12.9
FORD,FLEX AWD GTDI,SUV - STANDARD,3.5,6,AS6,X,15.7,11.2,13.7
FORD,FOCUS (Start/Stop),COMPACT,1,3,AS6,X,8.5,6.2,7.5
FORD,FOCUS (Start/Stop),COMPACT,1,3,M6,X,7.9,5.9,7
FORD,FOCUS FFV,COMPACT,2,4,AM6,X,9.1,6.4,7.9
FORD,FOCUS FFV,COMPACT,2,4,AM6,E,12.2,8.8,10.6
FORD,FOCUS FFV,COMPACT,2,4,AS6,X,9.2,6.6,8
FORD,FOCUS FFV,COMPACT,2,4,AS6,E,12.4,9.1,10.9
FORD,FOCUS FFV,COMPACT,2,4,M5,X,9.5,7,8.3
FORD,FOCUS FFV,COMPACT,2,4,M5,E,12.9,9.5,11.4
FORD,FOCUS RS AWD,MID-SIZE,2.3,4,M6,Z,12.2,9.4,10.9
FORD,FOCUS ST,MID-SIZE,2,4,M6,X,10.5,7.8,9.3
FORD,FUSION,MID-SIZE,1.5,4,AS6,X,10,7,8.7
FORD,FUSION,MID-SIZE,2,4,AS6,X,11.2,7.6,9.6
FORD,FUSION,MID-SIZE,2.5,4,A6,X,11.3,7.5,9.6
FORD,FUSION AWD,MID-SIZE,2,4,AS6,X,11.8,8.1,10.1
FORD,FUSION AWD,MID-SIZE,2.7,6,AS6,X,13.5,9,11.5
FORD,FUSION HYBRID,MID-SIZE,2,4,AV,X,5.5,5.7,5.6
FORD,GT,TWO-SEATER,3.5,6,AM7,Z,20.6,13.2,17.3
FORD,MUSTANG,SUBCOMPACT,2.3,4,AS6,X,11,7.9,9.6
FORD,MUSTANG (Performance Pkg),SUBCOMPACT,2.3,4,AS6,X,11.8,8.3,10.2
FORD,MUSTANG,SUBCOMPACT,2.3,4,M6,X,11.2,7.8,9.8
FORD,MUSTANG (Performance Pkg),SUBCOMPACT,2.3,4,M6,X,11.2,8.4,9.8
FORD,MUSTANG,SUBCOMPACT,3.7,6,AS6,X,12.8,8.9,11.1
FORD,MUSTANG,SUBCOMPACT,3.7,6,M6,X,13.8,8.8,11.5
FORD,MUSTANG,SUBCOMPACT,5,8,AS6,X,15.6,9.6,12.9
FORD,MUSTANG,SUBCOMPACT,5,8,M6,X,15.8,9.8,13.1
FORD,MUSTANG (Performance Pkg),SUBCOMPACT,5,8,M6,X,16.7,10.2,13.8
FORD,MUSTANG CONVERTIBLE,SUBCOMPACT,2.3,4,AS6,X,11.8,8.3,10.2
FORD,MUSTANG CONVERTIBLE,SUBCOMPACT,2.3,4,M6,X,11.2,8.7,10.1
FORD,MUSTANG CONVERTIBLE,SUBCOMPACT,5,8,AS6,X,15.5,10.3,13.2
FORD,MUSTANG CONVERTIBLE,SUBCOMPACT,5,8,M6,X,16.7,10.2,13.8
FORD,SHELBY GT350 MUSTANG,SUBCOMPACT,5.2,8,M6,Z,17.2,11.3,14.6
FORD,T-150 WAGON,VAN - PASSENGER,3.5,6,AS6,X,16.2,12.8,14.6
FORD,T-150 WAGON FFV,VAN - PASSENGER,3.7,6,AS6,X,16.7,13,15.1
FORD,T-150 WAGON FFV,VAN - PASSENGER,3.7,6,AS6,E,23,18.5,20.9
FORD,TAURUS,FULL-SIZE,2,4,AS6,X,11.8,8.1,10.1
FORD,TAURUS FFV,FULL-SIZE,3.5,6,AS6,X,13.1,8.7,11.1
FORD,TAURUS FFV,FULL-SIZE,3.5,6,AS6,E,17.6,11.7,15
FORD,TAURUS AWD,FULL-SIZE,3.5,6,AS6,X,14.7,9.8,12.5
FORD,TAURUS FFV AWD,FULL-SIZE,3.5,6,AS6,X,13.6,9.9,12.4
FORD,TAURUS FFV AWD,FULL-SIZE,3.5,6,AS6,E,18.7,13.4,16.3
FORD,TRANSIT CONNECT VAN FFV,SPECIAL PURPOSE VEHICLE,2.5,4,AS6,X,11.9,8.7,10.4
FORD,TRANSIT CONNECT VAN FFV,SPECIAL PURPOSE VEHICLE,2.5,4,AS6,E,16.1,11.9,14.2
FORD,TRANSIT CONNECT WAGON LWB FFV,SPECIAL PURPOSE VEHICLE,2.5,4,AS6,X,12.4,8.8,10.8
FORD,TRANSIT CONNECT WAGON LWB FFV,SPECIAL PURPOSE VEHICLE,2.5,4,AS6,E,16.8,12.1,14.7
GENESIS,G80 AWD,FULL-SIZE,3.8,6,AS8,X,14.3,9.5,12.1
GENESIS,G80 AWD,FULL-SIZE,5,8,AS8,Z,17.2,10.5,14.2
GENESIS,G90 AWD,FULL-SIZE,3.3,6,AS8,Z,13.7,9.7,11.9
GENESIS,G90 AWD,FULL-SIZE,5,8,AS8,Z,15.2,10.2,13
GMC,ACADIA,SUV - STANDARD,2.5,4,A6,X,11,9.2,10.2
GMC,ACADIA,SUV - STANDARD,3.6,6,A6,X,13,9.3,11.3
GMC,ACADIA AWD,SUV - STANDARD,2.5,4,A6,X,11.2,9.4,10.4
GMC,ACADIA AWD,SUV - STANDARD,3.6,6,A6,X,13.3,9.5,11.6
GMC,CANYON,PICKUP TRUCK - SMALL,2.5,4,A6,X,12,9.2,10.7
GMC,CANYON,PICKUP TRUCK - SMALL,2.5,4,M6,X,12.2,9.2,10.9
GMC,CANYON,PICKUP TRUCK - SMALL,2.8,4,A6,D,10.8,7.9,9.5
GMC,CANYON,PICKUP TRUCK - SMALL,3.6,6,A8,X,13.4,9.6,11.7
GMC,CANYON 4WD,PICKUP TRUCK - SMALL,2.5,4,A6,X,12.7,9.6,11.3
GMC,CANYON 4WD,PICKUP TRUCK - SMALL,2.8,4,A6,D,12.1,8.4,10.4
GMC,CANYON 4WD,PICKUP TRUCK - SMALL,3.6,6,A8,X,14,9.9,12.2
GMC,SAVANA 2500 PASSENGER,VAN - PASSENGER,6,8,A6,X,21.8,14.8,18.6
GMC,SAVANA 3500 PASSENGER,VAN - PASSENGER,6,8,A6,X,22.3,14.9,19
GMC,SIERRA,PICKUP TRUCK - STANDARD,5.3,8,A6,X,14.6,10.3,12.7
GMC,SIERRA,PICKUP TRUCK - STANDARD,5.3,8,A8,X,15.2,10.7,13.1
GMC,SIERRA,PICKUP TRUCK - STANDARD,6.2,8,A8,Z,15.9,11.2,13.8
GMC,SIERRA FFV,PICKUP TRUCK - STANDARD,4.3,6,A6,X,13.4,10,11.9
GMC,SIERRA FFV,PICKUP TRUCK - STANDARD,4.3,6,A6,E,19.3,14.3,17.1
GMC,SIERRA FFV,PICKUP TRUCK - STANDARD,5.3,8,A6,X,14.6,10.3,12.7
GMC,SIERRA FFV,PICKUP TRUCK - STANDARD,5.3,8,A6,E,19.7,13.9,17.1
GMC,SIERRA 4WD,PICKUP TRUCK - STANDARD,5.3,8,A6,X,15,10.7,13.1
GMC,SIERRA 4WD,PICKUP TRUCK - STANDARD,5.3,8,A8,X,15.9,11.5,13.9
GMC,SIERRA 4WD,PICKUP TRUCK - STANDARD,6.2,8,A8,Z,16,11.7,14.1
GMC,SIERRA 4WD FFV,PICKUP TRUCK - STANDARD,4.3,6,A6,X,14.1,10.6,12.5
GMC,SIERRA 4WD FFV,PICKUP TRUCK - STANDARD,4.3,6,A6,E,20.3,15.2,18
GMC,SIERRA 4WD FFV,PICKUP TRUCK - STANDARD,5.3,8,A6,X,15,10.7,13.1
GMC,SIERRA 4WD FFV,PICKUP TRUCK - STANDARD,5.3,8,A6,E,20.7,14.4,17.9
GMC,SIERRA eASSIST 4WD,PICKUP TRUCK - STANDARD,5.3,8,A8,X,14.4,11.2,13
GMC,TERRAIN,SUV - SMALL,2.4,4,A6,X,11,7.5,9.4
GMC,TERRAIN FFV,SUV - SMALL,2.4,4,A6,X,11,7.5,9.4
GMC,TERRAIN FFV,SUV - SMALL,2.4,4,A6,E,15.6,11,13.6
GMC,TERRAIN,SUV - SMALL,3.6,6,A6,X,14.1,9.7,12.1
GMC,TERRAIN AWD,SUV - SMALL,2.4,4,A6,X,11.5,8.3,10.1
GMC,TERRAIN AWD,SUV - SMALL,3.6,6,A6,X,15,10.4,13
GMC,YUKON,SUV - STANDARD,5.3,8,A6,X,15.1,10.4,13
GMC,YUKON FFV,SUV - STANDARD,5.3,8,A6,X,15.1,10.4,13
GMC,YUKON FFV,SUV - STANDARD,5.3,8,A6,E,20,13.5,17.1
GMC,YUKON 4WD,SUV - STANDARD,5.3,8,A6,X,15.2,10.8,13.2
GMC,YUKON 4WD FFV,SUV - STANDARD,5.3,8,A6,X,15.2,10.8,13.2
GMC,YUKON 4WD FFV,SUV - STANDARD,5.3,8,A6,E,20.8,14.5,18
GMC,YUKON DENALI 4WD,SUV - STANDARD,6.2,8,A8,Z,16,11.7,14.1
GMC,YUKON XL,SUV - STANDARD,5.3,8,A6,X,15.1,10.4,13
GMC,YUKON XL FFV,SUV - STANDARD,5.3,8,A6,X,15.1,10.4,13
GMC,YUKON XL FFV,SUV - STANDARD,5.3,8,A6,E,20,13.5,17.1
GMC,YUKON XL 4WD,SUV - STANDARD,5.3,8,A6,X,15.4,10.8,13.3
GMC,YUKON XL 4WD FFV,SUV - STANDARD,5.3,8,A6,X,15.4,10.8,13.3
GMC,YUKON XL 4WD FFV,SUV - STANDARD,5.3,8,A6,E,22.1,15.4,19.1
GMC,YUKON XL DENALI 4WD,SUV - STANDARD,6.2,8,A8,Z,16.3,11.7,14.2
HONDA,ACCORD,MID-SIZE,2.4,4,AV7,X,9.2,6.9,8.2
HONDA,ACCORD,MID-SIZE,2.4,4,M6,X,10.4,7.4,9
HONDA,ACCORD COUPE,MID-SIZE,3.5,6,AS6,X,11.4,7.4,9.6
HONDA,ACCORD COUPE,MID-SIZE,3.5,6,M6,X,12.9,8.4,10.9
HONDA,ACCORD SEDAN,MID-SIZE,2.4,4,AV,X,8.7,6.6,7.8
HONDA,ACCORD SEDAN,MID-SIZE,3.5,6,A6,X,11.4,7.2,9.5
HONDA,ACCORD HYBRID,MID-SIZE,2,4,AV,X,4.9,5.1,5
HONDA,CIVIC COUPE,COMPACT,1.5,4,AV7,X,7.5,5.9,6.8
HONDA,CIVIC COUPE,COMPACT,1.5,4,M6,X,7.7,5.7,6.8
HONDA,CIVIC COUPE,COMPACT,2,4,AV,X,7.8,6,7
HONDA,CIVIC COUPE,COMPACT,2,4,M6,X,8.5,6.1,7.4
HONDA,CIVIC SEDAN,MID-SIZE,1.5,4,AV,X,7.4,5.6,6.6
HONDA,CIVIC SEDAN,MID-SIZE,2,4,AV,X,7.8,6,7
HONDA,CIVIC SEDAN,MID-SIZE,2,4,M6,X,8.5,6,7.4
HONDA,CIVIC HATCHBACK,FULL-SIZE,1.5,4,AV,X,7.7,6,6.9
HONDA,CIVIC HATCHBACK,FULL-SIZE,1.5,4,AV7,X,7.9,6.6,7.3
HONDA,CIVIC HATCHBACK,FULL-SIZE,1.5,4,AV7,Z,7.9,6.6,7.3
HONDA,CIVIC HATCHBACK,FULL-SIZE,1.5,4,M6,X,8,6.2,7.2
HONDA,CIVIC HATCHBACK,FULL-SIZE,1.5,4,M6,Z,8,6.2,7.2
HONDA,CR-V,SUV - SMALL,1.5,4,AV,X,8.4,7,7.8
HONDA,CR-V AWD,SUV - SMALL,1.5,4,AV,X,8.7,7.2,8
HONDA,FIT,STATION WAGON - SMALL,1.5,4,AV,X,7,5.9,6.5
HONDA,FIT,STATION WAGON - SMALL,1.5,4,AV7,X,7.6,6.4,7
HONDA,FIT,STATION WAGON - SMALL,1.5,4,M6,X,8.1,6.6,7.4
HONDA,HR-V,STATION WAGON - SMALL,1.8,4,AV,X,8.3,6.9,7.7
HONDA,HR-V,STATION WAGON - SMALL,1.8,4,AV7,X,8.3,6.9,7.7
HONDA,HR-V,STATION WAGON - SMALL,1.8,4,M6,X,9.4,7.1,8.4
HONDA,HR-V AWD,STATION WAGON - SMALL,1.8,4,AV,X,8.9,7.5,8.2
HONDA,HR-V AWD,STATION WAGON - SMALL,1.8,4,AV7,X,8.9,7.5,8.2
HONDA,ODYSSEY,MINIVAN,3.5,6,A6,X,12.3,8.6,10.7
HONDA,PILOT,SUV - SMALL,3.5,6,A6,X,12.4,8.8,10.8
HONDA,PILOT AWD,SUV - SMALL,3.5,6,A6,X,13,9.3,11.3
HONDA,PILOT AWD,SUV - SMALL,3.5,6,AS9,X,12.4,9.3,11
HONDA,RIDGELINE AWD,PICKUP TRUCK - STANDARD,3.5,6,A6,X,12.8,9.5,11.3
HYUNDAI,ACCENT,COMPACT,1.6,4,AS6,X,8.9,6.6,7.9
HYUNDAI,ACCENT,COMPACT,1.6,4,M6,X,8.8,6.5,7.8
HYUNDAI,ELANTRA,MID-SIZE,2,4,AS6,X,8.3,6.4,7.4
HYUNDAI,ELANTRA,MID-SIZE,2,4,M6,X,9.1,6.6,8
HYUNDAI,ELANTRA GT,MID-SIZE,2,4,AS6,X,9.8,7.3,8.7
HYUNDAI,ELANTRA GT,MID-SIZE,2,4,M6,X,9.8,7.2,8.7
HYUNDAI,IONIQ,FULL-SIZE,1.6,4,AM6,X,4.3,4.4,4.4
HYUNDAI,IONIQ BLUE,FULL-SIZE,1.6,4,AM6,X,4.2,4,4.1
HYUNDAI,SANTA FE,SUV - SMALL,3.3,6,AS6,X,12.9,9.4,11.3
HYUNDAI,SANTA FE AWD,SUV - SMALL,3.3,6,AS6,X,13,9.7,11.5
HYUNDAI,SANTA FE SPORT,SUV - SMALL,2.4,4,AS6,X,11.1,8.6,10
HYUNDAI,SANTA FE SPORT AWD,SUV - SMALL,2,4,AS6,X,12.5,9.6,11.2
HYUNDAI,SANTA FE SPORT AWD,SUV - SMALL,2.4,4,AS6,X,12,9.1,10.7
HYUNDAI,SANTA FE ULTIMATE AWD,SUV - SMALL,3.3,6,AS6,X,13.9,10.8,12.5
HYUNDAI,SONATA,FULL-SIZE,2,4,AS6,X,10.5,7.6,9.2
HYUNDAI,SONATA,FULL-SIZE,2.4,4,AS6,X,9.4,6.7,8.2
HYUNDAI,SONATA SPORT/LIMITED,FULL-SIZE,2.4,4,AS6,X,10,7.2,8.7
HYUNDAI,SONATA HYBRID,MID-SIZE,2,4,AS6,X,6.3,5.7,6
HYUNDAI,SONATA HYBRID SE,MID-SIZE,2,4,AS6,X,6,5.3,5.7
HYUNDAI,TUCSON,SUV - SMALL,1.6,4,AM7,X,9.9,8.5,9.3
HYUNDAI,TUCSON,SUV - SMALL,2,4,AS6,X,10.1,7.8,9
HYUNDAI,TUCSON AWD,SUV - SMALL,2,4,AS6,X,11,9.1,10.2
HYUNDAI,VELOSTER,COMPACT,1.6,4,AM6,X,8.3,6.7,7.6
HYUNDAI,VELOSTER,COMPACT,1.6,4,M6,X,8.9,6.9,8
HYUNDAI,VELOSTER TURBO,COMPACT,1.6,4,AS6,X,8.9,7.3,8.2
HYUNDAI,VELOSTER TURBO,COMPACT,1.6,4,M6,X,9.4,7.2,8.4
INFINITI,Q50 AWD,MID-SIZE,2,4,AS7,Z,10.7,8.4,9.6
INFINITI,Q50 AWD,MID-SIZE,3,6,AS7,Z,12.6,8.8,10.9
INFINITI,Q50S RED SPORT AWD,MID-SIZE,3,6,AS7,Z,12.3,9.2,10.9
INFINITI,Q50 HYBRID AWD,COMPACT,3.5,6,AS7,Z,9.1,7.7,8.5
INFINITI,Q60 AWD,SUBCOMPACT,2,4,AS7,Z,11.2,8.5,10
INFINITI,Q60 AWD,SUBCOMPACT,3,6,AS7,Z,12.4,8.8,10.8
INFINITI,Q60S RED SPORT AWD,SUBCOMPACT,3,6,AS7,Z,12.5,9.2,11
INFINITI,Q70 AWD,MID-SIZE,3.7,6,AS7,Z,13.2,9.8,11.7
INFINITI,Q70 AWD,MID-SIZE,5.6,8,AS7,Z,14.9,10.2,12.8
INFINITI,Q70 HYBRID,MID-SIZE,3.5,6,AS7,Z,8.4,7.1,7.8
INFINITI,QX30,COMPACT,2,4,AM7,Z,9.7,7.1,8.5
INFINITI,QX30 AWD,COMPACT,2,4,AM7,Z,10.6,8,9.4
INFINITI,QX50 AWD,STATION WAGON - SMALL,3.7,6,AS7,Z,13.7,9.8,11.9
INFINITI,QX60,SUV - SMALL,3.5,6,AV7,Z,11.9,8.8,10.5
INFINITI,QX60 AWD,SUV - SMALL,3.5,6,AV7,Z,12.5,9.1,10.9
INFINITI,QX60 HYBRID AWD,SUV - STANDARD,2.5,4,AV7,X,9.5,8.6,9.1
INFINITI,QX70 AWD,SUV - SMALL,3.7,6,AS7,Z,14.5,10.8,12.8
INFINITI,QX80 4WD,SUV - STANDARD,5.6,8,AS7,Z,17.4,12.2,15.1
JAGUAR,F-PACE 35t,SUV - SMALL,3,6,AS8,Z,13.3,10,11.8
JAGUAR,F-TYPE CONVERTIBLE,TWO-SEATER,3,6,AS8,Z,11.9,8.5,10.4
JAGUAR,F-TYPE CONVERTIBLE,TWO-SEATER,3,6,M6,Z,14.9,9.8,12.6
JAGUAR,F-TYPE COUPE,TWO-SEATER,3,6,AS8,Z,11.9,8.5,10.4
JAGUAR,F-TYPE COUPE,TWO-SEATER,3,6,M6,Z,14.9,9.8,12.6
JAGUAR,F-TYPE R CONVERTIBLE AWD,TWO-SEATER,5,8,AS8,Z,15.6,10.4,13.3
JAGUAR,F-TYPE R COUPE AWD,TWO-SEATER,5,8,AS6,Z,15.6,10.4,13.3
JAGUAR,F-TYPE S CONVERTIBLE,TWO-SEATER,3,6,AS8,Z,12.4,8.8,10.8
JAGUAR,F-TYPE S CONVERTIBLE,TWO-SEATER,3,6,M6,Z,15.3,10,12.9
JAGUAR,F-TYPE S CONVERTIBLE AWD,TWO-SEATER,3,6,AS8,Z,13,9.2,11.3
JAGUAR,F-TYPE S COUPE,TWO-SEATER,3,6,AS8,Z,12.4,8.8,10.8
JAGUAR,F-TYPE S COUPE,TWO-SEATER,3,6,M6,Z,15.3,10,12.9
JAGUAR,F-TYPE S COUPE AWD,TWO-SEATER,3,6,AS8,Z,13,9.2,11.3
JAGUAR,XE 20d AWD,COMPACT,2,4,AS8,D,7.8,5.8,6.9
JAGUAR,XE 35t AWD,COMPACT,3,6,AS8,Z,11.8,8.2,10.2
JAGUAR,XF 20d AWD,MID-SIZE,2,4,AS8,D,7.8,5.8,6.9
JAGUAR,XF 35t AWD,MID-SIZE,3,6,AS8,Z,12,8.4,10.4
JAGUAR,XJ R-SPORT 3.0 AWD,FULL-SIZE,3,6,AS8,Z,14,9,11.8
JAGUAR,XJL PORTFOLIO 3.0 AWD,FULL-SIZE,3,6,AS8,Z,14,9.4,11.9
JAGUAR,XJR,FULL-SIZE,5,8,AS8,Z,15.8,10.3,13.3
JAGUAR,XJR  LWB,FULL-SIZE,5,8,AS8,Z,15.8,10.3,13.3
JEEP,CHEROKEE,SUV - SMALL,2.4,4,A9,X,11,7.8,9.6
JEEP,CHEROKEE,SUV - SMALL,3.2,6,A9,X,11.4,8.3,10
JEEP,CHEROKEE 4X4 ACTIVE DRIVE I,SUV - SMALL,2.4,4,A9,X,11.3,8.4,10
JEEP,CHEROKEE 4X4 ACTIVE DRIVE I,SUV - SMALL,3.2,6,A9,X,11.6,8.6,10.3
JEEP,CHEROKEE 4X4 ACTIVE DRIVE II,SUV - SMALL,2.4,4,A9,X,11.4,8.7,10.2
JEEP,CHEROKEE 4X4 ACTIVE DRIVE II,SUV - SMALL,3.2,6,A9,X,12.8,9,11.1
JEEP,CHEROKEE 4X4 ACTIVE DRIVE LOCK,SUV - SMALL,2.4,4,A9,X,12.1,9.4,10.9
JEEP,CHEROKEE 4X4 ACTIVE DRIVE LOCK,SUV - SMALL,3.2,6,A9,X,12.9,9.9,11.6
JEEP,COMPASS,SUV - SMALL,2,4,AV,X,10.8,9,10
JEEP,COMPASS,SUV - SMALL,2,4,M5,X,10.3,7.9,9.3
JEEP,COMPASS,SUV - SMALL,2.4,4,A6,X,11.3,8.7,10.1
JEEP,COMPASS,SUV - SMALL,2.4,4,M5,X,10.2,8.3,9.3
JEEP,COMPASS 4X4,SUV - SMALL,2.4,4,A6,X,11.7,9.2,10.6
JEEP,COMPASS 4X4,SUV - SMALL,2.4,4,AV,X,11.7,10.3,11.1
JEEP,COMPASS 4X4,SUV - SMALL,2.4,4,M5,X,10.6,8.7,9.8
JEEP,GRAND CHEROKEE 4X4,SUV - STANDARD,3.6,6,A8,X,12.7,9.6,11.3
JEEP,GRAND CHEROKEE 4X4,SUV - STANDARD,5.7,8,A8,X,16.6,10.7,14
JEEP,GRAND CHEROKEE SRT8,SUV - STANDARD,6.4,8,A8,Z,18.3,12.6,15.7
JEEP,NEW COMPASS,SUV - SMALL,2.4,4,A6,X,10.6,7.6,9.3
JEEP,NEW COMPASS,SUV - SMALL,2.4,4,M6,X,10.4,7.3,9
JEEP,NEW COMPASS 4X4,SUV - SMALL,2.4,4,A9,X,10.8,7.8,9.5
JEEP,NEW COMPASS 4X4,SUV - SMALL,2.4,4,M6,X,10.8,7.6,9.4
JEEP,PATRIOT,SUV - SMALL,2,4,AV,X,10.8,9,10
JEEP,PATRIOT,SUV - SMALL,2,4,M5,X,10.3,7.9,9.3
JEEP,PATRIOT,SUV - SMALL,2.4,4,A6,X,11.3,8.7,10.1
JEEP,PATRIOT,SUV - SMALL,2.4,4,M5,X,10.2,8.3,9.3
JEEP,PATRIOT 4X4,SUV - SMALL,2.4,4,A6,X,11.7,9.2,10.6
JEEP,PATRIOT 4X4,SUV - SMALL,2.4,4,AV,X,11.7,10.3,11.1
JEEP,PATRIOT 4X4,SUV - SMALL,2.4,4,M5,X,10.6,8.7,9.8
JEEP,RENEGADE,SUV - SMALL,1.4,4,M6,X,9.9,7.7,8.9
JEEP,RENEGADE FFV,SUV - SMALL,2.4,4,A9,X,10.8,7.8,9.5
JEEP,RENEGADE FFV,SUV - SMALL,2.4,4,A9,E,14.4,10.2,12.5
JEEP,RENEGADE 4X4,SUV - SMALL,1.4,4,M6,X,9.9,7.7,8.9
JEEP,RENEGADE 4X4,SUV - SMALL,2.4,4,A9,X,11.2,8.2,9.8
JEEP,WRANGLER 4X4,SUV - SMALL,3.6,6,A5,X,14.1,11.1,12.8
JEEP,WRANGLER 4X4,SUV - SMALL,3.6,6,M6,X,14.2,11,12.8
JEEP,WRANGLER UNLIMITED 4X4,SUV - SMALL,3.6,6,A5,X,14.7,11.7,13.4
JEEP,WRANGLER UNLIMITED 4X4,SUV - SMALL,3.6,6,M6,X,15,11.4,13.3
KIA,CADENZA,FULL-SIZE,3.3,6,AS8,X,11.5,8.5,10.2
KIA,FORTE (MPI),MID-SIZE,2,4,AS6,X,7.9,6.3,7.2
KIA,FORTE (GDI),MID-SIZE,2,4,AS6,X,9.4,7,8.3
KIA,FORTE,MID-SIZE,2,4,M6,X,9.4,6.8,8.3
KIA,FORTE 5,FULL-SIZE,1.6,4,AM7,X,9.4,7.9,8.7
KIA,FORTE 5,FULL-SIZE,2,4,AS6,X,9.7,7,8.3
KIA,FORTE 5,FULL-SIZE,2,4,M6,X,9.8,7.3,8.7
KIA,FORTE KOUP,COMPACT,1.6,4,AM7,X,9.6,7.4,8.6
KIA,FORTE KOUP,COMPACT,1.6,4,M6,X,10.1,8,9.2
KIA,FORTE KOUP,COMPACT,2,4,AS6,X,9.6,7.3,8.6
KIA,FORTE KOUP,COMPACT,2,4,M6,X,9.9,7.6,8.8
KIA,K900,FULL-SIZE,3.8,6,AS8,X,13.8,9.3,11.8
KIA,K900,FULL-SIZE,5,8,AS8,Z,15.6,10.6,13.3
KIA,NIRO,STATION WAGON - SMALL,1.6,4,AM6,X,4.6,5.1,4.8
KIA,NIRO FE,STATION WAGON - SMALL,1.6,4,AM6,X,4.5,4.8,4.7
KIA,NIRO TOURING,STATION WAGON - SMALL,1.6,4,AM6,X,5.1,5.8,5.4
KIA,OPTIMA,FULL-SIZE,2.4,4,AS6,X,9.6,6.8,8.4
KIA,OPTIMA FE,FULL-SIZE,2.4,4,AS6,X,9.3,6.6,8
KIA,OPTIMA TURBO,FULL-SIZE,2,4,AS6,X,10.9,7.6,9.4
KIA,OPTIMA HYBRID,MID-SIZE,2,4,AS6,X,6,5.1,5.6
KIA,RIO,COMPACT,1.6,4,AS6,X,8.8,6.5,7.8
KIA,RIO,COMPACT,1.6,4,M6,X,8.8,6.6,7.8
KIA,RONDO,STATION WAGON - MID-SIZE,2,4,AS6,X,9.9,7.6,8.9
KIA,SEDONA,MINIVAN,3.3,6,AS6,X,13.2,9.7,11.6
KIA,SEDONA SX,MINIVAN,3.3,6,AS6,X,12.9,9.5,11.4
KIA,SEDONA SXL,MINIVAN,3.3,6,AS6,X,14.1,10.5,12.5
KIA,SORENTO,SUV - SMALL,2.4,4,AS6,X,11.2,8.3,9.9
KIA,SORENTO AWD,SUV - SMALL,2,4,AS6,X,12.3,9.4,11
KIA,SORENTO AWD,SUV - SMALL,2.4,4,AS6,X,11.5,9.3,10.5
KIA,SORENTO AWD,SUV - SMALL,3.3,6,AS6,X,14,10.1,12.2
KIA,SORENTO AWD FE,SUV - SMALL,3.3,6,AS6,X,13.2,9.3,11.4
KIA,SOUL,STATION WAGON - SMALL,1.6,4,AS6,X,9.4,7.8,8.7
KIA,SOUL,STATION WAGON - SMALL,1.6,4,M6,X,9.7,7.8,8.8
KIA,SOUL,STATION WAGON - SMALL,2,4,AS6,X,9.5,7.8,8.7
KIA,SOUL TURBO,STATION WAGON - SMALL,1.6,4,AM7,X,9.1,7.7,8.5
KIA,SPORTAGE,SUV - SMALL,2.4,4,AS6,X,10.4,8,9.3
KIA,SPORTAGE AWD,SUV - SMALL,2,4,AS6,X,11.9,10.2,11.1
KIA,SPORTAGE AWD,SUV - SMALL,2.4,4,AS6,X,11.3,9.5,10.5
LAMBORGHINI,AVENTADOR COUPE,TWO-SEATER,6.5,12,AM7,Z,22.2,12.7,17.9
LAMBORGHINI,AVENTADOR COUPE LP 740,TWO-SEATER,6.5,12,AM7,Z,23.9,14.5,19.7
LAMBORGHINI,AVENTADOR ROADSTER,TWO-SEATER,6.5,12,AM7,Z,23,13.5,18.7
LAMBORGHINI,AVENTADOR ROADSTER LP 740,TWO-SEATER,6.5,12,AM7,Z,23.9,14.5,19.7
LAMBORGHINI,HURACAN,TWO-SEATER,5.2,10,AM7,Z,16.4,11.4,14.2
LAMBORGHINI,HURACAN SPYDER,TWO-SEATER,5.2,10,AM7,Z,16.9,11.8,14.6
LAND ROVER,DISCOVERY SPORT,SUV - SMALL,2,4,AS9,Z,12,9.2,10.7
LAND ROVER,RANGE ROVER EVOQUE,SUV - SMALL,2,4,AS9,Z,11.3,8,9.8
LAND ROVER,RANGE ROVER EVOQUE CONVERTIBLE,SUV - SMALL,2,4,AS9,Z,12,8.5,10.4
LEXUS,CT 200h,COMPACT,1.8,4,AV,X,5.5,5.9,5.7
LEXUS,ES 300h,MID-SIZE,2.5,4,AV6,X,5.8,6.1,5.9
LEXUS,ES 350,MID-SIZE,3.5,6,AS6,X,11.4,7.7,9.7
LEXUS,GS 350 AWD,MID-SIZE,3.5,6,AS6,Z,12.4,9.2,11
LEXUS,GS 450h,MID-SIZE,3.5,6,AV8,Z,8,6.9,7.5
LEXUS,GS F,COMPACT,5,8,AS8,Z,14.9,9.7,12.5
LEXUS,GX 460,SUV - STANDARD,4.6,8,AS6,Z,16,12.9,14.6
LEXUS,IS 200t,COMPACT,2,4,AS8,Z,10.6,7.3,9.1
LEXUS,IS 300 AWD,COMPACT,3.5,6,AS6,Z,12.6,9.2,11
LEXUS,IS 350 AWD,COMPACT,3.5,6,AS6,Z,12.6,9.2,11
LEXUS,LS 460 AWD,MID-SIZE,4.6,8,AS8,Z,15.1,10.3,12.9
LEXUS,LS 460 L AWD,MID-SIZE,4.6,8,AS8,Z,15.1,10.3,12.9
LEXUS,LX 570,SUV - STANDARD,5.7,8,AS8,Z,18.2,13,15.8
LEXUS,NX 200t AWD,SUV - SMALL,2,4,AS6,Z,10.7,8.5,9.7
LEXUS,NX 200t AWD F SPORT,SUV - SMALL,2,4,AS6,Z,10.8,8.9,9.9
LEXUS,NX 300h AWD,SUV - SMALL,2.5,4,AV6,X,7.2,7.9,7.5
LEXUS,RC 300 AWD,SUBCOMPACT,3.5,6,AS6,Z,12.6,9.2,11
LEXUS,RC 350 AWD,SUBCOMPACT,3.5,6,AS6,Z,12.6,9.2,11
LEXUS,RC F,SUBCOMPACT,5,8,AS8,Z,15.2,9.5,12.6
LEXUS,RX 350 AWD,SUV - SMALL,3.5,6,AS8,X,12.2,9,10.8
LEXUS,RX 450h AWD,SUV - STANDARD,3.5,6,AV6,Z,7.5,8.4,7.9
LINCOLN,CONTINENTAL AWD,FULL-SIZE,2.7,6,AS6,X,14,9.5,12
LINCOLN,CONTINENTAL AWD,FULL-SIZE,3,6,AS6,X,14.4,9.7,12.3
LINCOLN,CONTINENTAL AWD,FULL-SIZE,3.7,6,AS6,X,14.3,9.7,12.2
LINCOLN,MKC AWD,SUV - SMALL,2,4,AS6,X,12.3,9.3,10.9
LINCOLN,MKC AWD (Start/Stop),SUV - SMALL,2,4,AS6,X,12.1,9.3,10.8
LINCOLN,MKC AWD,SUV - SMALL,2.3,4,AS6,X,13.1,9.4,11.4
LINCOLN,MKT AWD,SUV - STANDARD,3.5,6,AS6,X,15.7,11.2,13.7
LINCOLN,MKT LIVERY AWD,SPECIAL PURPOSE VEHICLE,3.7,6,A6,X,14.7,10.2,12.7
LINCOLN,MKX AWD,SUV - SMALL,2.7,6,AS6,X,14.1,9.8,12.1
LINCOLN,MKX AWD,SUV - SMALL,3.7,6,AS6,X,14.4,10.3,12.5
LINCOLN,MKZ,MID-SIZE,2,4,AS6,X,11.2,7.6,9.8
LINCOLN,MKZ,MID-SIZE,3,6,AS6,X,13.4,8.7,11.2
LINCOLN,MKZ AWD,MID-SIZE,2,4,AS6,X,11.8,8.4,10.2
LINCOLN,MKZ AWD,MID-SIZE,3,6,AS6,X,14,9.2,11.8
LINCOLN,MKZ HYBRID,MID-SIZE,2,4,AV,X,5.7,6.2,5.9
LINCOLN,NAVIGATOR 4X4,SUV - STANDARD,3.5,6,AS6,X,15.9,12,14.2
LINCOLN,NAVIGATOR L 4X4,SUV - STANDARD,3.5,6,AS6,X,16.1,12.4,14.5
MASERATI,GHIBLI,MID-SIZE,3,6,AS8,Z,14.1,9.8,12.4
MASERATI,GHIBLI S,MID-SIZE,3,6,AS8,Z,14.7,10,12.4
MASERATI,GHIBLI SQ4,MID-SIZE,3,6,AS8,Z,14.7,9.9,12.6
MASERATI,GRANTURISMO,SUBCOMPACT,4.7,8,AS6,Z,18.2,11.4,15.1
MASERATI,GRANTURISMO CONVERTIBLE,SUBCOMPACT,4.7,8,AS6,Z,18.2,11.6,15.2
MASERATI,LEVANTE,SUV - STANDARD,3,6,AS8,Z,16.8,11.9,14.7
MASERATI,LEVANTE S,SUV - STANDARD,3,6,AS8,Z,16.8,12.4,14.7
MASERATI,QUATTROPORTE GTS,FULL-SIZE,3.8,8,AS8,Z,16.1,10.8,13.8
MASERATI,QUATTROPORTE S,FULL-SIZE,3,6,AS8,Z,14.9,10.3,13.1
MASERATI,QUATTROPORTE SQ4,FULL-SIZE,3,6,AS8,Z,15,10.3,13.1
MAZDA,CX-3,COMPACT,2,4,AS6,X,8.2,6.9,7.6
MAZDA,CX-3 4WD,COMPACT,2,4,AS6,X,8.8,7.5,8.2
MAZDA,CX-5,SUV - SMALL,2,4,M6,X,9.4,7.4,8.5
MAZDA,CX-5,SUV - SMALL,2.5,4,AS6,X,9.8,7.7,8.6
MAZDA,CX-5 4WD,SUV - SMALL,2.5,4,AS6,X,10.2,8.3,9.2
MAZDA,CX-9,SUV - SMALL,2.5,4,AS6,X,10.6,8.4,9.6
MAZDA,CX-9 4WD,SUV - SMALL,2.5,4,AS6,X,11.5,8.9,10.4
MAZDA,MAZDA3 4-DOOR,COMPACT,2,4,AS6,X,8.4,6.4,7.5
MAZDA,MAZDA3 4-DOOR,COMPACT,2,4,M6,X,8.5,6.2,7.5
MAZDA,MAZDA3 4-DOOR (SIL),COMPACT,2,4,M6,X,8.5,6.2,7.5
MAZDA,MAZDA3 4-DOOR,COMPACT,2.5,4,AS6,X,8.8,6.6,7.8
MAZDA,MAZDA3 4-DOOR (i-ELOOP),COMPACT,2.5,4,AS6,X,8.5,6.4,7.6
MAZDA,MAZDA3 4-DOOR (SIL),COMPACT,2.5,4,M6,X,9.3,6.9,8.2
MAZDA,MAZDA3 5-DOOR,MID-SIZE,2,4,AS6,X,8.4,6.4,7.5
MAZDA,MAZDA3 5-DOOR (SIL),MID-SIZE,2,4,M6,X,8.6,6.4,7.6
MAZDA,MAZDA3 5-DOOR,MID-SIZE,2.5,4,AS6,X,9,6.7,7.8
MAZDA,MAZDA3 5-DOOR (i-ELOOP),MID-SIZE,2.5,4,AS6,X,8.7,6.6,7.8
MAZDA,MAZDA3 5-DOOR (SIL),MID-SIZE,2.5,4,M6,X,9.6,7,8.4
MAZDA,MAZDA5,MINIVAN,2.5,4,AS5,X,10.8,8.2,9.6
MAZDA,MAZDA5,MINIVAN,2.5,4,M6,X,11.1,8.3,9.8
MAZDA,MAZDA6,MID-SIZE,2.5,4,AS6,X,9.1,6.7,8
MAZDA,MAZDA6 (i-ELOOP),MID-SIZE,2.5,4,AS6,X,8.9,6.7,7.9
MAZDA,MAZDA6 (SIL),MID-SIZE,2.5,4,M6,X,9.8,6.9,8.4
MAZDA,MX-5,TWO-SEATER,2,4,AS6,Z,9,6.7,8
MAZDA,MX-5 (SIL),TWO-SEATER,2,4,M6,Z,8.9,7.1,8.1
MERCEDES-BENZ,AMG C 63,COMPACT,4,8,AS7,Z,13.4,9.6,11.7
MERCEDES-BENZ,AMG C 63 CABRIOLET,SUBCOMPACT,4,8,AS7,Z,14,10.1,12.2
MERCEDES-BENZ,AMG C 63 COUPE,SUBCOMPACT,4,8,AS7,Z,13.8,10.1,12.1
MERCEDES-BENZ,AMG C 63 S,COMPACT,4,8,AS7,Z,13.4,9.6,11.7
MERCEDES-BENZ,AMG C 63 S CABRIOLET,SUBCOMPACT,4,8,AS7,Z,14,10.1,12.2
MERCEDES-BENZ,AMG C 63 S COUPE,SUBCOMPACT,4,8,AS7,Z,13.8,10.1,12.1
MERCEDES-BENZ,AMG CLA 45,COMPACT,2,4,AS7,Z,10.7,7.6,9.3
MERCEDES-BENZ,AMG CLS 63 S 4MATIC,COMPACT,5.5,8,AS7,Z,15.1,10.8,13.1
MERCEDES-BENZ,AMG G 63,SUV - STANDARD,5.5,8,AS7,Z,20,16.6,18.5
MERCEDES-BENZ,AMG G 65,SUV - STANDARD,6,12,AS7,Z,22.2,18,20.3
MERCEDES-BENZ,AMG GLA 45 4MATIC,SUV - SMALL,2,4,AS7,Z,11.3,8.5,10
MERCEDES-BENZ,AMG GLC 43 4MATIC COUPE,SUV - SMALL,3,6,A9,Z,17.4,11.1,14.6
MERCEDES-BENZ,AMG GLE 43 4MATIC,SUV - STANDARD,3,6,A9,Z,13.6,10.1,12
MERCEDES-BENZ,AMG GLE 43 4MATIC COUPE,SUV - STANDARD,3,6,A9,Z,13.6,10.2,12
MERCEDES-BENZ,AMG GLE 63 S 4MATIC,SUV - STANDARD,5.5,8,AS7,Z,17.3,13.5,15.6
MERCEDES-BENZ,AMG GLE 63 S 4MATIC COUPE,SUV - STANDARD,5.5,8,AS7,Z,17.2,12.8,15.2
MERCEDES-BENZ,AMG GLS 63,SUV - STANDARD,5.5,8,AS7,Z,18.2,14,16.3
MERCEDES-BENZ,AMG GT COUPE,TWO-SEATER,4,8,AS7,Z,14.5,10.8,12.8
MERCEDES-BENZ,AMG GT S COUPE,TWO-SEATER,4,8,AS7,Z,14.5,10.8,12.8
MERCEDES-BENZ,AMG S 63 4MATIC,FULL-SIZE,5.5,8,AS7,Z,15.7,10.1,13.2
MERCEDES-BENZ,AMG S 63 CABRIOLET,COMPACT,5.5,8,AS7,Z,16.4,10.6,13.8
MERCEDES-BENZ,AMG S 63 COUPE,COMPACT,5.5,8,AS7,Z,15.3,10.2,13
MERCEDES-BENZ,AMG S 65,FULL-SIZE,6,12,AS7,Z,17.6,10.9,14.6
MERCEDES-BENZ,AMG S 65 CABRIOLET,COMPACT,6,12,AS7,Z,17.1,11,14.3
MERCEDES-BENZ,AMG S 65 COUPE,COMPACT,6,12,AS7,Z,18.7,11.6,15.5
MERCEDES-BENZ,AMG SL 63,TWO-SEATER,5.5,8,AS7,Z,14.7,9.5,12.4
MERCEDES-BENZ,AMG SL 65,TWO-SEATER,6,12,AS7,Z,17.6,10.8,14.5
MERCEDES-BENZ,AMG SLC 43,TWO-SEATER,3,6,A9,Z,11.6,8.2,10.1
MERCEDES-BENZ,B 250,MID-SIZE,2,4,AS7,Z,9.7,6.6,8.3
MERCEDES-BENZ,C 300 4MATIC,COMPACT,2,4,AS7,Z,10.1,7.8,9
MERCEDES-BENZ,C 300 4MATIC CABRIOLET,SUBCOMPACT,2,4,A9,Z,10.8,8,9.5
MERCEDES-BENZ,C 300 4MATIC COUPE,SUBCOMPACT,2,4,AS7,Z,10.4,8,9.3
MERCEDES-BENZ,CLA 250,COMPACT,2,4,AS7,Z,9.6,6.4,8.1
MERCEDES-BENZ,CLS 550 4MATIC,COMPACT,4.7,8,A9,Z,13.6,9.4,11.7
MERCEDES-BENZ,E 300 4MATIC,MID-SIZE,2,4,A9,Z,10.8,8.1,9.5
MERCEDES-BENZ,E 400 4MATIC,MID-SIZE,3,6,A9,Z,11.8,8.6,10.4
MERCEDES-BENZ,E 400 4MATIC WAGON,STATION WAGON - MID-SIZE,3,6,A9,Z,12.4,9.3,11
MERCEDES-BENZ,E 400 CABRIOLET,SUBCOMPACT,3,6,AS7,Z,11.5,8.1,10
MERCEDES-BENZ,E 400 COUPE,SUBCOMPACT,3,6,AS7,Z,11.8,8.4,10.2
MERCEDES-BENZ,E 550 CABRIOLET,SUBCOMPACT,4.7,8,AS7,Z,13.7,9.2,11.7
MERCEDES-BENZ,E 550 COUPE,SUBCOMPACT,4.7,8,AS7,Z,13.4,8.9,11.4
MERCEDES-BENZ,G 550,SUV - STANDARD,4,8,AS7,Z,19,16.6,17.9
MERCEDES-BENZ,GLA 250 4MATIC,SUV - SMALL,2,4,AS7,Z,10.3,7.6,9.1
MERCEDES-BENZ,GLA 250 4MATIC,SUV - SMALL,2,4,AS7,E,13.6,10,12
MERCEDES-BENZ,GLC 300 4MATIC,SUV - SMALL,2,4,A9,Z,11.1,8.5,10
MERCEDES-BENZ,GLE 400 4MATIC,SUV - STANDARD,3,6,A9,Z,13.1,10.1,11.7
MERCEDES-BENZ,GLE 550 4MATIC,SUV - STANDARD,4.7,8,A9,Z,15.3,11.3,13.5
MERCEDES-BENZ,GLS 450 4MATIC,SUV - STANDARD,3,6,A9,Z,14.4,11.4,13
MERCEDES-BENZ,GLS 550 4MATIC,SUV - STANDARD,4.7,8,A9,Z,16.7,12.9,15
MERCEDES-BENZ,MAYBACH S 600,FULL-SIZE,6,12,AS7,Z,18.2,11,15
MERCEDES-BENZ,METRIS CARGO,SPECIAL PURPOSE VEHICLE,2,4,AS7,Z,11.1,9.1,10.2
MERCEDES-BENZ,METRIS PASSENGER,SPECIAL PURPOSE VEHICLE,2,4,AS7,Z,11.5,9.3,10.5
MERCEDES-BENZ,S 400 4MATIC SWB,MID-SIZE,3,6,AS7,Z,12.6,8.6,10.8
MERCEDES-BENZ,S 550 4MATIC SWB,MID-SIZE,4.7,8,A9,Z,14.3,9.2,12
MERCEDES-BENZ,S 550 4MATIC LWB,FULL-SIZE,4.7,8,A9,Z,14.3,9.2,12
MERCEDES-BENZ,S 550 4MATIC CABRIOLET,COMPACT,4.7,8,A9,Z,13.9,9.3,11.8
MERCEDES-BENZ,S 550 4MATIC COUPE,COMPACT,4.7,8,A9,Z,14.1,9.3,11.9
MERCEDES-BENZ,S 600,FULL-SIZE,6,12,AS7,Z,17.5,10.8,14.5
MERCEDES-BENZ,SL 450,TWO-SEATER,3,6,A9,Z,11.5,8.4,10.1
MERCEDES-BENZ,SL 550,TWO-SEATER,4.7,8,A9,Z,13.6,9.5,11.7
MERCEDES-BENZ,SLC 300,TWO-SEATER,2,4,A9,Z,9.5,7.2,8.5
MINI,COOPER 3 DOOR,SUBCOMPACT,1.5,3,AS6,Z,8.8,6.8,7.9
MINI,COOPER 3 DOOR,SUBCOMPACT,1.5,3,M6,Z,8.5,6.2,7.5
MINI,COOPER 5 DOOR,SUBCOMPACT,1.5,3,AS6,Z,8.8,6.8,7.9
MINI,COOPER 5 DOOR,SUBCOMPACT,1.5,3,M6,Z,8.5,6.3,7.5
MINI,COOPER CLUBMAN,MID-SIZE,1.5,3,AS6,Z,9.5,7.2,8.4
MINI,COOPER CLUBMAN,MID-SIZE,1.5,3,M6,Z,9.6,7,8.4
MINI,COOPER CLUBMAN ALL4,MID-SIZE,1.5,3,AS8,Z,10.2,7.8,9.1
MINI,COOPER CLUBMAN ALL4,MID-SIZE,1.5,3,M6,Z,10.6,7.4,9.1
MINI,COOPER CONVERTIBLE,MINICOMPACT,1.5,3,AS6,Z,8.8,6.8,7.9
MINI,COOPER CONVERTIBLE,MINICOMPACT,1.5,3,M6,Z,8.5,6.3,7.5
MINI,COOPER COUNTRYMAN,MID-SIZE,1.5,3,AS6,Z,9.5,7.2,8.4
MINI,COOPER COUNTRYMAN,MID-SIZE,1.5,3,M6,Z,9.6,7,8.4
MINI,COOPER COUNTRYMAN ALL4,MID-SIZE,1.5,3,AS8,Z,10.3,7.9,9.2
MINI,COOPER COUNTRYMAN ALL4,MID-SIZE,1.5,3,M6,Z,10.6,7.4,9.1
MINI,COOPER S 3 DOOR,SUBCOMPACT,2,4,AS6,Z,9.3,7.2,8.3
MINI,COOPER S 3 DOOR,SUBCOMPACT,2,4,M6,Z,10.2,7.3,8.9
MINI,COOPER S 5 DOOR,SUBCOMPACT,2,4,AS6,Z,9.3,7.2,8.3
MINI,COOPER S 5 DOOR,SUBCOMPACT,2,4,M6,Z,10.2,7.3,8.9
MINI,COOPER S CLUBMAN,MID-SIZE,2,4,AS8,Z,10,7.2,8.7
MINI,COOPER S CLUBMAN,MID-SIZE,2,4,M6,Z,10.8,7.7,9.4
MINI,COOPER S CLUBMAN ALL4,MID-SIZE,2,4,AS8,Z,10.2,7.4,9
MINI,COOPER S CLUBMAN ALL4,MID-SIZE,2,4,M6,Z,11.4,7.8,9.7
MINI,COOPER S CONVERTIBLE,MINICOMPACT,2,4,AS6,Z,9.4,7.2,8.4
MINI,COOPER S CONVERTIBLE,MINICOMPACT,2,4,M6,Z,10.2,7.3,8.9
MINI,COOPER S COUNTRYMAN  ALL4,MID-SIZE,2,4,AS8,Z,10.5,7.4,9.1
MINI,COOPER S COUNTRYMAN  ALL4,MID-SIZE,2,4,M6,Z,11.3,7.7,9.7
MINI,JOHN COOPER WORKS 3 DOOR,SUBCOMPACT,2,4,AS6,Z,9.3,7.2,8.3
MINI,JOHN COOPER WORKS 3 DOOR,SUBCOMPACT,2,4,M6,Z,10.2,7.3,8.9
MINI,JOHN COOPER WORKS CLUBMAN ALL4,MID-SIZE,2,4,AS8,Z,10.2,7.4,9
MINI,JOHN COOPER WORKS CLUBMAN ALL4,MID-SIZE,2,4,M6,Z,11.4,7.8,9.7
MINI,JOHN COOPER WORKS CONVERTIBLE,MINICOMPACT,2,4,AS6,Z,9.4,7.2,8.4
MINI,JOHN COOPER WORKS CONVERTIBLE,MINICOMPACT,2,4,M6,Z,10.8,7.7,9.4
MITSUBISHI,LANCER,COMPACT,2,4,AV6,X,8.7,6.9,7.9
MITSUBISHI,LANCER,COMPACT,2,4,M5,X,9.7,7.1,8.5
MITSUBISHI,LANCER,COMPACT,2.4,4,AV6,X,9.9,7.7,8.9
MITSUBISHI,LANCER,COMPACT,2.4,4,M5,X,10.5,7.8,9.3
MITSUBISHI,LANCER 4WD,COMPACT,2.4,4,AV6,X,10.2,7.9,9.2
MITSUBISHI,LANCER SPORTBACK,STATION WAGON - SMALL,2,4,AV6,X,9.3,7.2,8.4
MITSUBISHI,LANCER SPORTBACK,STATION WAGON - SMALL,2,4,M5,X,9.9,7.3,8.7
MITSUBISHI,MIRAGE,COMPACT,1.2,3,AV,X,6.4,5.5,6
MITSUBISHI,MIRAGE,COMPACT,1.2,3,M5,X,7.1,5.8,6.5
MITSUBISHI,MIRAGE G4,COMPACT,1.2,3,AV,X,6.9,5.7,6.4
MITSUBISHI,MIRAGE G4,COMPACT,1.2,3,M5,X,7.2,5.9,6.6
MITSUBISHI,OUTLANDER,SUV - SMALL,2.4,4,AV6,X,9.2,7.5,8.4
MITSUBISHI,OUTLANDER 4WD,SUV - SMALL,2.4,4,AV6,X,9.8,8.1,9
MITSUBISHI,OUTLANDER 4WD,SUV - SMALL,3,6,AS6,Z,11.9,8.5,10.4
MITSUBISHI,RVR,SUV - SMALL,2,4,AV6,X,9.7,7.8,8.8
MITSUBISHI,RVR,SUV - SMALL,2,4,M5,X,10.3,8.2,9.3
MITSUBISHI,RVR 4WD,SUV - SMALL,2,4,AV6,X,10.1,8.2,9.2
NISSAN,370Z,TWO-SEATER,3.7,6,AS7,Z,12.6,9.3,11.1
NISSAN,370Z,TWO-SEATER,3.7,6,M6,Z,13.3,9.3,11.5
NISSAN,370Z ROADSTER,TWO-SEATER,3.7,6,AS7,Z,13,9.7,11.5
NISSAN,370Z ROADSTER,TWO-SEATER,3.7,6,M6,Z,13.6,9.7,11.8
NISSAN,ALTIMA,MID-SIZE,2.5,4,AV,X,8.8,6,7.5
NISSAN,ALTIMA,MID-SIZE,3.5,6,AV7,X,10.6,7.3,9.1
NISSAN,ALTIMA SR,MID-SIZE,2.5,4,AV7,X,8.8,6.5,7.8
NISSAN,ARMADA 4WD,SUV - STANDARD,5.6,8,AS7,X,17.5,12.9,15.4
NISSAN,FRONTIER,PICKUP TRUCK - SMALL,2.5,4,A5,X,13.5,10.5,12.2
NISSAN,FRONTIER,PICKUP TRUCK - SMALL,2.5,4,M5,X,12.2,10.4,11.4
NISSAN,FRONTIER,PICKUP TRUCK - SMALL,4,6,A5,X,14.8,10.6,12.9
NISSAN,FRONTIER 4WD,PICKUP TRUCK - SMALL,4,6,A5,X,15.8,11.5,13.8
NISSAN,FRONTIER 4WD,PICKUP TRUCK - SMALL,4,6,M6,X,15.1,11.5,13.5
NISSAN,GT-R,SUBCOMPACT,3.8,6,AM6,Z,14.5,10.7,12.8
NISSAN,JUKE,STATION WAGON - SMALL,1.6,4,AV7,Z,8.5,7.5,8
NISSAN,JUKE,STATION WAGON - SMALL,1.6,4,M6,Z,8.6,7.2,8
NISSAN,JUKE AWD,STATION WAGON - SMALL,1.6,4,AV7,Z,9,7.8,8.4
NISSAN,JUKE NISMO RS,STATION WAGON - SMALL,1.6,4,M6,Z,9,7.6,8.4
NISSAN,JUKE NISMO RS AWD,STATION WAGON - SMALL,1.6,4,AV8,Z,9.5,8.3,8.9
NISSAN,MAXIMA,MID-SIZE,3.5,6,AV7,Z,11.1,7.8,9.6
NISSAN,MICRA,COMPACT,1.6,4,A4,X,8.9,6.8,7.9
NISSAN,MICRA,COMPACT,1.6,4,M5,X,8.7,6.8,7.9
NISSAN,MURANO,STATION WAGON - MID-SIZE,3.5,6,AV7,X,11,8.3,9.8
NISSAN,MURANO AWD,STATION WAGON - MID-SIZE,3.5,6,AV7,X,11.2,8.4,9.9
NISSAN,NV200 CARGO VAN,SPECIAL PURPOSE VEHICLE,2,4,AV,X,9.8,9,9.4
NISSAN,PATHFINDER,SUV - SMALL,3.5,6,AV,X,11.6,8.5,10.2
NISSAN,PATHFINDER 4WD,SUV - SMALL,3.5,6,AV,X,12.1,8.9,10.7
NISSAN,PATHFINDER 4WD PLATINUM,SUV - SMALL,3.5,6,AV,X,12.4,9.2,11
NISSAN,QASHQAI,STATION WAGON - SMALL,2,4,AV,X,8.8,7.3,8.1
NISSAN,QASHQAI,STATION WAGON - SMALL,2,4,M6,X,10,8.1,9.2
NISSAN,QASHQAI AWD,STATION WAGON - SMALL,2,4,AV,X,9.1,7.5,8.4
NISSAN,ROGUE,SUV - SMALL,2.5,4,AV,X,9.2,7,8.2
NISSAN,ROGUE AWD,SUV - SMALL,2.5,4,AV,X,9.6,7.4,8.6
NISSAN,SENTRA (Turbo),MID-SIZE,1.6,4,AV7,Z,8.9,7.3,8.2
NISSAN,SENTRA (Turbo),MID-SIZE,1.6,4,M6,Z,9.1,7.3,8.3
NISSAN,SENTRA,MID-SIZE,1.8,4,AV,X,8.1,6.3,7.3
NISSAN,SENTRA,MID-SIZE,1.8,4,M6,X,9,6.8,8
NISSAN,SENTRA NISMO,MID-SIZE,1.6,4,AV7,Z,9.4,7.8,8.7
NISSAN,SENTRA NISMO,MID-SIZE,1.6,4,M6,Z,9.5,7.6,8.7
NISSAN,TITAN,PICKUP TRUCK - STANDARD,5.6,8,AS7,X,15,11.2,13.3
NISSAN,TITAN 4WD,PICKUP TRUCK - STANDARD,5.6,8,AS7,X,15.2,11.1,13.4
NISSAN,TITAN 4WD PRO-4X,PICKUP TRUCK - STANDARD,5.6,8,AS7,X,16,12,14.2
NISSAN,VERSA,MID-SIZE,1.6,4,AV,X,7.6,6.2,7
NISSAN,VERSA,MID-SIZE,1.6,4,M5,X,8.6,6.6,7.7
PORSCHE,911 CARRERA,MINICOMPACT,3,6,AM7,Z,10.6,8,9.4
PORSCHE,911 CARRERA,MINICOMPACT,3,6,M7,Z,11.8,8.1,10.1
PORSCHE,911 CARRERA CABRIOLET,MINICOMPACT,3,6,AM7,Z,10.8,8.3,9.7
PORSCHE,911 CARRERA CABRIOLET,MINICOMPACT,3,6,M7,Z,12,8.2,10.3
PORSCHE,911 CARRERA S,MINICOMPACT,3,6,AM7,Z,10.8,8.3,9.7
PORSCHE,911 CARRERA S,MINICOMPACT,3,6,M7,Z,12.1,8.3,10.4
PORSCHE,911 CARRERA S CABRIOLET,MINICOMPACT,3,6,AM7,Z,10.8,8.4,9.7
PORSCHE,911 CARRERA S CABRIOLET,MINICOMPACT,3,6,M7,Z,12.1,8.3,10.4
PORSCHE,911 CARRERA 4,MINICOMPACT,3,6,AM7,Z,10.7,8.3,9.6
PORSCHE,911 CARRERA 4,MINICOMPACT,3,6,M7,Z,12.1,8.3,10.4
PORSCHE,911 CARRERA 4 CABRIOLET,MINICOMPACT,3,6,AM7,Z,11,8.4,9.8
PORSCHE,911 CARRERA 4 CABRIOLET,MINICOMPACT,3,6,M7,Z,12.2,8.5,10.5
PORSCHE,911 CARRERA 4S,MINICOMPACT,3,6,AM7,Z,11,8.5,9.9
PORSCHE,911 CARRERA 4S,MINICOMPACT,3,6,M7,Z,12.1,8.4,10.4
PORSCHE,911 CARRERA 4S CABRIOLET,MINICOMPACT,3,6,AM7,Z,10.9,8.5,9.9
PORSCHE,911 CARRERA 4S CABRIOLET,MINICOMPACT,3,6,M7,Z,12.2,8.5,10.5
PORSCHE,911 TARGA 4,MINICOMPACT,3,6,AM7,Z,10.9,8.4,9.8
PORSCHE,911 TARGA 4,MINICOMPACT,3,6,M7,Z,12.2,8.5,10.5
PORSCHE,911 TARGA 4S,MINICOMPACT,3,6,AM7,Z,11.1,8.6,10
PORSCHE,911 TARGA 4S,MINICOMPACT,3,6,M7,Z,12.2,8.5,10.5
PORSCHE,911 TURBO,MINICOMPACT,3.8,6,AM7,Z,12.6,9.9,11.4
PORSCHE,911 TURBO CABRIOLET,MINICOMPACT,3.8,6,AM7,Z,12.6,9.9,11.4
PORSCHE,911 TURBO S,MINICOMPACT,3.8,6,AM7,Z,12.6,9.9,11.4
PORSCHE,911 TURBO S CABRIOLET,MINICOMPACT,3.8,6,AM7,Z,12.6,9.9,11.4
PORSCHE,BOXSTER,TWO-SEATER,2,4,AM7,Z,10.5,8,9.4
PORSCHE,BOXSTER,TWO-SEATER,2,4,M6,Z,11,8.3,9.8
PORSCHE,BOXSTER S,TWO-SEATER,2.5,4,AM7,Z,11,8.4,9.9
PORSCHE,BOXSTER S,TWO-SEATER,2.5,4,M6,Z,12.1,9,10.7
PORSCHE,CAYENNE,SUV - STANDARD,3.6,6,A8,Z,12.9,9.7,11.5
PORSCHE,CAYENNE PLATINUM,SUV - STANDARD,3.6,6,A8,Z,13.6,10.2,12.1
PORSCHE,CAYENNE S,SUV - STANDARD,3.6,6,A8,Z,13.9,9.6,12
PORSCHE,CAYENNE GTS,SUV - STANDARD,3.6,6,A8,Z,14.5,10.4,12.6
PORSCHE,CAYENNE TURBO,SUV - STANDARD,4.8,8,A8,Z,16.7,11.2,14.2
PORSCHE,CAYENNE TURBO S,SUV - STANDARD,4.8,8,A8,Z,16.7,11.2,14.2
PORSCHE,CAYMAN,TWO-SEATER,2,4,AM7,Z,10.5,8,9.4
PORSCHE,CAYMAN,TWO-SEATER,2,4,M6,Z,11,8.3,9.8
PORSCHE,CAYMAN S,TWO-SEATER,2.5,4,AM7,Z,11,8.4,9.9
PORSCHE,CAYMAN S,TWO-SEATER,2.5,4,M6,Z,12.1,9,10.7
PORSCHE,MACAN,SUV - SMALL,2,4,A7,Z,11.6,9.3,10.6
PORSCHE,MACAN S,SUV - SMALL,3,6,A7,Z,13.7,10.3,12.2
PORSCHE,MACAN GTS,SUV - SMALL,3,6,A7,Z,13.8,10.3,12.3
PORSCHE,MACAN TURBO,SUV - SMALL,3.6,6,A7,Z,14.2,10.1,12.3
RAM,1500 FFV,PICKUP TRUCK - STANDARD,3.6,6,A8,X,13.9,9.6,11.9
RAM,1500 FFV,PICKUP TRUCK - STANDARD,3.6,6,A8,E,19.7,13.8,17
RAM,1500,PICKUP TRUCK - STANDARD,5.7,8,A6,X,17,12,14.8
RAM,1500,PICKUP TRUCK - STANDARD,5.7,8,A8,X,15.7,11,13.6
RAM,1500 ECODIESEL,PICKUP TRUCK - STANDARD,3,6,A8,D,11.8,8.6,10.4
RAM,1500 4X4 FFV,PICKUP TRUCK - STANDARD,3.6,6,A8,X,14.5,10.2,12.6
RAM,1500 4X4 FFV,PICKUP TRUCK - STANDARD,3.6,6,A8,E,20.7,14.7,18
RAM,1500 4X4,PICKUP TRUCK - STANDARD,5.7,8,A6,X,17.5,12.7,15.4
RAM,1500 4X4,PICKUP TRUCK - STANDARD,5.7,8,A8,X,16.1,11.5,14
RAM,1500 4X4 ECODIESEL,PICKUP TRUCK - STANDARD,3,6,A8,D,12.3,8.8,10.8
RAM,PROMASTER CITY,SPECIAL PURPOSE VEHICLE,2.4,4,A9,X,11.2,8.3,9.9
ROLLS-ROYCE,DAWN,COMPACT,6.6,12,AS8,Z,20,12.6,16.7
ROLLS-ROYCE,GHOST,FULL-SIZE,6.6,12,AS8,Z,20,12.6,16.7
ROLLS-ROYCE,GHOST EWB,FULL-SIZE,6.6,12,AS8,Z,20,12.6,16.7
ROLLS-ROYCE,PHANTOM,FULL-SIZE,6.7,12,AS8,Z,20.7,12.7,17.1
ROLLS-ROYCE,PHANTOM EWB,FULL-SIZE,6.7,12,AS8,Z,20.7,12.7,17.1
ROLLS-ROYCE,PHANTOM COUPE,COMPACT,6.7,12,AS8,Z,20.7,12.7,17.1
ROLLS-ROYCE,PHANTOM DROPHEAD COUPE,COMPACT,6.7,12,AS8,Z,20.6,12.8,17.1
ROLLS-ROYCE,WRAITH,MID-SIZE,6.6,12,AS8,Z,19,12.5,16.1
SMART,FORTWO CABRIOLET,TWO-SEATER,0.9,3,AM6,Z,7,6.3,6.7
SUBARU,BRZ,MINICOMPACT,2,4,AS6,Z,9.7,7.2,8.6
SUBARU,BRZ,MINICOMPACT,2,4,M6,Z,11.1,8,9.7
SUBARU,CROSSTREK AWD,SUV - SMALL,2,4,AV6,X,9.1,7.2,8.2
SUBARU,CROSSTREK AWD,SUV - SMALL,2,4,M5,X,10.3,7.8,9.2
SUBARU,FORESTER AWD,SUV - SMALL,2,4,AV8,Z,10.2,8.6,9.5
SUBARU,FORESTER AWD,SUV - SMALL,2.5,4,AV6,X,9.2,7.4,8.4
SUBARU,FORESTER AWD,SUV - SMALL,2.5,4,M6,X,10.9,8.3,9.7
SUBARU,IMPREZA 4-DOOR AWD,MID-SIZE,2,4,AV7,X,8.3,6.4,7.5
SUBARU,IMPREZA 4-DOOR AWD,MID-SIZE,2,4,M5,X,10,7.5,8.9
SUBARU,IMPREZA 5-DOOR AWD,STATION WAGON - SMALL,2,4,AV7,X,8.4,6.5,7.5
SUBARU,IMPREZA 5-DOOR AWD,STATION WAGON - SMALL,2,4,M5,X,10.1,7.7,9
SUBARU,LEGACY AWD,MID-SIZE,2.5,4,AV6,X,9.3,7,8.3
SUBARU,LEGACY AWD,MID-SIZE,2.5,4,M6,X,10.7,7.9,9.5
SUBARU,LEGACY AWD,MID-SIZE,3.6,6,AV6,X,11.9,8.3,10.3
SUBARU,OUTBACK AWD,SUV - SMALL,2.5,4,AV6,X,9.4,7.3,8.4
SUBARU,OUTBACK AWD,SUV - SMALL,2.5,4,M6,X,11,8.3,9.8
SUBARU,OUTBACK AWD,SUV - SMALL,3.6,6,AV6,X,12,8.7,10.5
SUBARU,WRX AWD,COMPACT,2,4,AV8,Z,12.5,9.6,11.2
SUBARU,WRX AWD,COMPACT,2,4,M6,Z,11.3,8.5,10
SUBARU,WRX AWD,COMPACT,2.5,4,M6,Z,13.8,10.2,12.2
TOYOTA,4RUNNER 4WD,SUV - STANDARD,4,6,AS5,X,14.3,12,13.3
TOYOTA,4RUNNER 4WD (Part-Time 4WD),SUV - STANDARD,4,6,AS5,X,14.3,12,13.3
TOYOTA,86,MINICOMPACT,2,4,AS6,Z,9.9,7.3,8.7
TOYOTA,86,MINICOMPACT,2,4,M6,Z,11.3,8.3,9.9
TOYOTA,AVALON,MID-SIZE,3.5,6,AS6,X,11.4,7.7,9.7
TOYOTA,CAMRY,MID-SIZE,2.5,4,AS6,X,9.8,7.1,8.6
TOYOTA,CAMRY,MID-SIZE,3.5,6,AS6,X,11,7.8,9.6
TOYOTA,CAMRY HYBRID LE,MID-SIZE,2.5,4,AV,X,5.6,6.2,5.9
TOYOTA,CAMRY HYBRID XLE/SE,MID-SIZE,2.5,4,AV,X,5.8,6.3,6
TOYOTA,COROLLA,MID-SIZE,1.8,4,AV,X,8.3,6.5,7.5
TOYOTA,COROLLA,MID-SIZE,1.8,4,AV7,X,8.3,6.7,7.5
TOYOTA,COROLLA,MID-SIZE,1.8,4,M6,X,8.4,6.5,7.5
TOYOTA,COROLLA LE ECO (1-mode),MID-SIZE,1.8,4,AV,X,7.8,5.9,6.9
TOYOTA,COROLLA LE ECO (2-mode),MID-SIZE,1.8,4,AV,X,8,6.3,7.2
TOYOTA,COROLLA iM,MID-SIZE,1.8,4,AV7,X,8.3,6.5,7.5
TOYOTA,COROLLA iM,MID-SIZE,1.8,4,M6,X,8.8,6.8,7.9
TOYOTA,HIGHLANDER,SUV - SMALL,3.5,6,AS8,X,11.8,8.7,10.3
TOYOTA,HIGHLANDER AWD,SUV - STANDARD,3.5,6,AS8,X,12.1,9,10.6
TOYOTA,HIGHLANDER AWD (Start/Stop System),SUV - STANDARD,3.5,6,AS8,X,12,8.9,10.6
TOYOTA,HIGHLANDER AWD LE,SUV - STANDARD,3.5,6,AS8,X,11.7,8.8,10.4
TOYOTA,HIGHLANDER HYBRID AWD,SUV - STANDARD,3.5,6,AV6,X,8.1,8.5,8.3
TOYOTA,PRIUS,MID-SIZE,1.8,4,AV,X,4.4,4.6,4.5
TOYOTA,PRIUS c,COMPACT,1.5,4,AV,X,4.9,5.5,5.1
TOYOTA,PRIUS v,STATION WAGON - MID-SIZE,1.8,4,AV,X,5.5,6,5.8
TOYOTA,RAV4,SUV - SMALL,2.5,4,AS6,X,10.3,8,9.2
TOYOTA,RAV4 LE/XLE,SUV - SMALL,2.5,4,AS6,X,10,7.8,9
TOYOTA,RAV4 AWD,SUV - SMALL,2.5,4,AS6,X,10.5,8.3,9.5
TOYOTA,RAV4 LIMITED/SE AWD,SUV - SMALL,2.5,4,AS6,X,10.7,8.4,9.7
TOYOTA,RAV4 HYBRID AWD,SUV - SMALL,2.5,4,AV6,X,6.9,7.8,7.3
TOYOTA,SEQUOIA 4WD,SUV - STANDARD,5.7,8,AS6,X,18.7,13.8,16.5
TOYOTA,SIENNA,MINIVAN,3.5,6,AS8,X,12.5,8.9,10.9
TOYOTA,SIENNA AWD,MINIVAN,3.5,6,AS8,X,13.4,9.6,11.7
TOYOTA,TACOMA,PICKUP TRUCK - SMALL,2.7,4,AS6,X,12.1,10.1,11.2
TOYOTA,TACOMA,PICKUP TRUCK - SMALL,3.5,6,AS6,X,12.6,10,11.4
TOYOTA,TACOMA 4WD,PICKUP TRUCK - SMALL,2.7,4,AS6,X,12.7,10.6,11.7
TOYOTA,TACOMA 4WD,PICKUP TRUCK - SMALL,2.7,4,M5,X,12.4,11.4,11.9
TOYOTA,TACOMA 4WD,PICKUP TRUCK - SMALL,3.5,6,AS6,X,13.2,10.7,12
TOYOTA,TACOMA 4WD,PICKUP TRUCK - SMALL,3.5,6,M6,X,13.8,11.6,12.8
TOYOTA,TACOMA 4WD D-CAB OFF-ROAD,PICKUP TRUCK - SMALL,3.5,6,M6,X,13.8,11.7,12.9
TOYOTA,TUNDRA,PICKUP TRUCK - STANDARD,4.6,8,AS6,X,15.8,12.3,14.2
TOYOTA,TUNDRA,PICKUP TRUCK - STANDARD,5.7,8,AS6,X,17.2,12.9,15.3
TOYOTA,TUNDRA 4WD,PICKUP TRUCK - STANDARD,4.6,8,AS6,X,16.8,12.6,14.9
TOYOTA,TUNDRA 4WD,PICKUP TRUCK - STANDARD,5.7,8,AS6,X,18.1,13.9,16.2
TOYOTA,YARIS,COMPACT,1.5,4,AS6,X,7.3,5.8,6.6
TOYOTA,YARIS (SIL),COMPACT,1.5,4,M6,X,7.8,6,6.8
TOYOTA,YARIS HATCHBACK,COMPACT,1.5,4,A4,X,7.9,6.8,7.4
TOYOTA,YARIS HATCHBACK,COMPACT,1.5,4,M5,X,7.8,6.5,7.2
VOLKSWAGEN,BEETLE,COMPACT,1.8,4,AS6,X,9.7,7.2,8.5
VOLKSWAGEN,BEETLE,COMPACT,1.8,4,M5,X,9.5,7.1,8.4
VOLKSWAGEN,BEETLE DUNE,COMPACT,1.8,4,AS6,X,9.6,7.5,8.6
VOLKSWAGEN,BEETLE CONVERTIBLE,SUBCOMPACT,1.8,4,AS6,X,9.7,7.2,8.5
VOLKSWAGEN,CC 4MOTION,COMPACT,3.6,6,AS6,X,13.9,9.3,11.8
VOLKSWAGEN,GOLF,COMPACT,1.8,4,AS6,X,9.4,6.7,8.2
VOLKSWAGEN,GOLF,COMPACT,1.8,4,M5,X,9.3,6.6,8.1
VOLKSWAGEN,GOLF GTI,COMPACT,2,4,AM6,X,9.6,7.2,8.5
VOLKSWAGEN,GOLF GTI,COMPACT,2,4,M6,X,9.7,7,8.5
VOLKSWAGEN,GOLF R,COMPACT,2,4,AM6,Z,10.4,7.9,9.3
VOLKSWAGEN,GOLF R,COMPACT,2,4,M6,Z,10.9,7.7,9.4
VOLKSWAGEN,GOLF ALLTRACK,STATION WAGON - SMALL,1.8,4,AM6,X,10.6,8,9.4
VOLKSWAGEN,GOLF SPORTWAGEN,STATION WAGON - SMALL,1.8,4,AS6,X,9.3,6.9,8.2
VOLKSWAGEN,GOLF SPORTWAGEN,STATION WAGON - SMALL,1.8,4,M5,X,9.6,6.8,8.3
VOLKSWAGEN,GOLF SPORTWAGEN 4MOTION,STATION WAGON - SMALL,1.8,4,AM6,X,10.6,8,9.4
VOLKSWAGEN,JETTA,COMPACT,1.4,4,AS6,X,8.5,6.2,7.4
VOLKSWAGEN,JETTA,COMPACT,1.4,4,M5,X,8.3,5.9,7.2
VOLKSWAGEN,JETTA,COMPACT,1.8,4,AM6,X,9.4,6.8,8.2
VOLKSWAGEN,JETTA,COMPACT,2,4,AS6,X,9.8,7.4,8.7
VOLKSWAGEN,JETTA,COMPACT,2,4,M6,X,10.2,7.2,8.9
VOLKSWAGEN,PASSAT,MID-SIZE,1.8,4,AS6,X,10.1,7,8.7
VOLKSWAGEN,PASSAT,MID-SIZE,3.6,6,AM6,X,11.9,8.5,10.4
VOLKSWAGEN,TIGUAN,SUV - SMALL,2,4,AS6,Z,11.7,9.6,10.7
VOLKSWAGEN,TIGUAN 4MOTION,SUV - SMALL,2,4,AS6,Z,12,10,11.1
VOLKSWAGEN,TOUAREG,SUV - STANDARD,3.6,6,AS8,X,13.8,10.4,12.2
VOLVO,S60 T5,COMPACT,2,4,AS8,X,9.6,7,8.4
VOLVO,S60 T5 AWD,COMPACT,2,4,AS8,X,10.7,7.8,9.4
VOLVO,S60 INSCRIPTION T5,COMPACT,2,4,AS8,X,9.6,7,8.4
VOLVO,S60 INSCRIPTION T5 AWD,COMPACT,2,4,AS8,X,10.7,7.8,9.4
VOLVO,S60 T6 AWD,COMPACT,2,4,AS8,Z,10.9,7.7,9.5
VOLVO,S60 POLESTAR,COMPACT,2,4,AS8,Z,11.8,8.5,10.3
VOLVO,S60 CC T5 AWD,COMPACT,2,4,AS8,X,10.8,7.8,9.4
VOLVO,S90 T5,MID-SIZE,2,4,AS8,Z,10.1,7,8.7
VOLVO,S90 T6 AWD,MID-SIZE,2,4,AS8,Z,10.8,7.6,9.4
VOLVO,V60 T5,STATION WAGON - SMALL,2,4,AS8,X,9.6,7,8.4
VOLVO,V60 T5 AWD,STATION WAGON - SMALL,2,4,AS8,X,10.7,7.8,9.4
VOLVO,V60 T6 AWD,STATION WAGON - SMALL,2,4,AS8,Z,10.9,7.7,9.5
VOLVO,V60 POLESTAR,STATION WAGON - SMALL,2,4,AS8,Z,11.8,8.5,10.3
VOLVO,V60 CC T5 AWD,STATION WAGON - SMALL,2,4,AS8,X,10.8,7.8,9.4
VOLVO,V90 T5,STATION WAGON - MID-SIZE,2,4,AS8,Z,10.1,7,8.7
VOLVO,V90 T6 AWD,STATION WAGON - MID-SIZE,2,4,AS8,Z,10.8,7.6,9.4
VOLVO,V90 CC T6 AWD,STATION WAGON - MID-SIZE,2,4,AS8,Z,10.7,7.9,9.4
VOLVO,XC60 T5,SUV - SMALL,2,4,AS8,X,10.4,7.8,9.2
VOLVO,XC60 T5 AWD,SUV - SMALL,2,4,AS8,X,11.3,8.4,10
VOLVO,XC60 T6 AWD,SUV - SMALL,2,4,AS8,Z,11.7,8.7,10.4
VOLVO,XC90 T5,SUV - STANDARD,2,4,AS8,Z,10.6,9.1,10
VOLVO,XC90 T5 AWD,SUV - STANDARD,2,4,AS8,Z,10.8,9.5,10.2
VOLVO,XC90 T6 AWD,SUV - STANDARD,2,4,AS8,Z,11.5,9.6,10.6
ACURA,ILX,COMPACT,2.4,4,AM8,Z,9.4,6.8,8.2
ACURA,MDX SH-AWD,SUV - SMALL,3.5,6,AS9,Z,12.6,9,11
ACURA,MDX SH-AWD ELITE,SUV - SMALL,3.5,6,AS9,Z,12.2,9,10.7
ACURA,MDX HYBRID AWD,SUV - SMALL,3,6,AM7,Z,9.1,9,9
ACURA,NSX,TWO-SEATER,3.5,6,AM9,Z,11.1,10.8,11
ACURA,RDX AWD,SUV - SMALL,3.5,6,AS6,Z,12.4,8.7,10.7
ACURA,RLX HYBRID,MID-SIZE,3.5,6,AM7,Z,8.4,8.2,8.4
ACURA,TLX,COMPACT,2.4,4,AM8,Z,10,7.1,8.7
ACURA,TLX A-SPEC,COMPACT,2.4,4,AM8,Z,10.2,7.4,8.9
ACURA,TLX SH-AWD,COMPACT,3.5,6,AS9,Z,11.4,7.7,9.8
ACURA,TLX SH-AWD A-SPEC,COMPACT,3.5,6,AS9,Z,12,8.2,10.3
ALFA ROMEO,4C COUPE,TWO-SEATER,1.8,4,AM6,Z,9.7,6.9,8.4
ALFA ROMEO,4C SPIDER,TWO-SEATER,1.8,4,AM6,Z,9.7,6.9,8.4
ALFA ROMEO,GIULIA,MID-SIZE,2,4,A8,Z,10,7.2,8.7
ALFA ROMEO,GIULIA AWD,MID-SIZE,2,4,A8,Z,10.5,7.7,9.2
ALFA ROMEO,GIULIA QUADRIFOGLIO,MID-SIZE,2.9,6,A8,Z,13.8,9.6,11.9
ALFA ROMEO,STELVIO AWD,SUV - SMALL,2,4,A8,Z,10.8,8.3,9.6
ALFA ROMEO,STELVIO QUADRIFOGLIO,SUV - SMALL,2.9,6,A8,Z,14.1,10.4,12.4
ASTON MARTIN,DB11 V8,MINICOMPACT,4,8,A8,Z,13,9.8,11.5
ASTON MARTIN,DB11 V12,MINICOMPACT,5.2,12,A8,Z,15.5,11.4,13.7
ASTON MARTIN,RAPIDE S,SUBCOMPACT,6,12,A8,Z,16.7,10.9,14.1
ASTON MARTIN,VANQUISH,MINICOMPACT,6,12,A8,Z,17.5,11.4,14.7
AUDI,A3,SUBCOMPACT,2,4,AM7,X,9.1,6.8,8
AUDI,A3 QUATTRO,SUBCOMPACT,2,4,AM6,X,9.7,7.5,8.7
AUDI,A3 CABRIOLET QUATTRO,SUBCOMPACT,2,4,AM6,X,10.8,8,9.5
AUDI,A4,COMPACT,2,4,AM7,Z,8.6,6.4,7.6
AUDI,A4 QUATTRO,COMPACT,2,4,AM7,Z,10,7,8.7
AUDI,A4 QUATTRO,COMPACT,2,4,M6,Z,9.9,7.1,8.7
AUDI,A4 ALLROAD QUATTRO,STATION WAGON - SMALL,2,4,AM7,Z,10.5,7.9,9.3
AUDI,A5 QUATTRO,SUBCOMPACT,2,4,AM7,Z,10,7,8.7
AUDI,A5 QUATTRO,SUBCOMPACT,2,4,M6,Z,9.9,7.1,8.7
AUDI,A5 CABRIOLET QUATTRO,SUBCOMPACT,2,4,AM7,Z,10,7,8.7
AUDI,A5 SPORTBACK QUATTRO,MID-SIZE,2,4,AM7,Z,10,7,8.7
AUDI,A6 QUATTRO,MID-SIZE,2,4,AS8,Z,10.6,7.5,9.2
AUDI,A6 QUATTRO,MID-SIZE,3,6,AS8,Z,11.5,8.2,10
AUDI,A7 QUATTRO,MID-SIZE,3,6,AS8,Z,11.5,8.2,10
AUDI,A8,FULL-SIZE,3,6,AS8,Z,12.6,8,10.5
AUDI,A8,FULL-SIZE,4,8,AS8,Z,15.1,9.1,12.4
AUDI,A8L,FULL-SIZE,4,8,AS8,Z,15.1,9.1,12.4
AUDI,Q3,COMPACT,2,4,AS6,Z,11.6,8.3,10.1
AUDI,Q3 QUATTRO,COMPACT,2,4,AS6,Z,11.9,8.4,10.3
AUDI,Q5,SUV - SMALL,2,4,AS7,Z,10.4,8.6,9.6
AUDI,Q7,SUV - STANDARD,2,4,AS8,Z,12.2,9.5,11
AUDI,Q7,SUV - STANDARD,3,6,AS8,Z,12.6,9.4,11.1
AUDI,R8,TWO-SEATER,5.2,10,AM7,Z,16,9.5,13.1
AUDI,R8 QUATTRO,TWO-SEATER,5.2,10,AM7,Z,17.1,11.3,14.5
AUDI,R8 SPYDER,TWO-SEATER,5.2,10,AM7,Z,17.1,11.3,14.5
AUDI,RS 3,SUBCOMPACT,2.5,5,AM7,Z,12.4,8.3,10.5
AUDI,RS 5,SUBCOMPACT,2.9,6,AM8,Z,12.9,8.9,11.1
AUDI,RS 7,MID-SIZE,4,8,AS8,Z,17,9.6,13.7
AUDI,S3,SUBCOMPACT,2,4,AM7,Z,10.6,8.3,9.6
AUDI,S4,COMPACT,3,6,AM8,Z,11.5,8,9.9
AUDI,S5,SUBCOMPACT,3,6,AM8,Z,11.5,8,9.9
AUDI,S5 CABRIOLET,SUBCOMPACT,3,6,AM8,Z,11.9,8.1,10.2
AUDI,S5 SPORTBACK,MID-SIZE,3,6,AM8,Z,11.5,8,9.9
AUDI,S6,MID-SIZE,4,8,AM7,Z,15,10,12.8
AUDI,S7,MID-SIZE,4,8,AM7,Z,15,10,12.8
AUDI,S8,MID-SIZE,4,8,AS8,Z,16.2,9.9,13.4
AUDI,SQ5,SUV - SMALL,3,6,AM8,Z,12.7,10,11.5
AUDI,TT COUPE QUATTRO,SUBCOMPACT,2,4,AM6,X,10.1,7.8,9.1
AUDI,TT ROADSTER QUATTRO,TWO-SEATER,2,4,AM6,X,10.1,7.8,9.1
AUDI,TT RS,SUBCOMPACT,2.5,5,AM7,Z,12.3,8.2,10.5
AUDI,TTS COUPE,SUBCOMPACT,2,4,AM6,Z,10.3,8.6,9.5
BENTLEY,BENTAYGA,SUV - STANDARD,6,12,AS8,Z,18.8,12.2,15.9
BENTLEY,CONTINENTAL GT CONVERTIBLE,COMPACT,6,12,AS8,Z,20.4,12,16.6
BENTLEY,CONTINENTAL SUPERSPORTS,COMPACT,6,12,AS8,Z,20.4,12,16.6
BENTLEY,FLYING SPUR,MID-SIZE,4,8,AS8,Z,18.8,10.7,15.1
BENTLEY,FLYING SPUR,MID-SIZE,6,12,AS8,Z,20.4,12,16.6
BENTLEY,MULSANNE,MID-SIZE,6.8,8,AS8,Z,20.9,13,17.3
BMW,230i COUPE,SUBCOMPACT,2,4,AS8,Z,9.8,6.8,8.4
BMW,230i COUPE,SUBCOMPACT,2,4,M6,Z,11.1,7.3,9.4
BMW,230i xDRIVE CABRIOLET,SUBCOMPACT,2,4,AS8,Z,10.2,7.2,8.9
BMW,230i xDRIVE COUPE,SUBCOMPACT,2,4,AS8,Z,9.9,7.1,8.6
BMW,328d xDRIVE,COMPACT,2,4,AS8,D,7.8,5.9,7
BMW,328d xDRIVE TOURING,STATION WAGON - SMALL,2,4,AS8,D,7.8,5.9,7
BMW,330i xDRIVE,COMPACT,2,4,AS8,Z,10.2,7.2,8.9
BMW,330i xDRIVE GRAN TURISMO,FULL-SIZE,2,4,AS8,Z,10.2,7.2,8.9
BMW,330i xDRIVE TOURING,STATION WAGON - SMALL,2,4,AS8,Z,10.2,7.2,8.9
BMW,340i,COMPACT,3,6,AS8,Z,9.2,6.2,7.8
BMW,340i,COMPACT,3,6,M6,Z,12.1,8.1,10.3
BMW,340i xDRIVE,COMPACT,3,6,AS8,Z,11.1,7.5,9.5
BMW,340i xDRIVE,COMPACT,3,6,M6,Z,12.2,8.4,10.5
BMW,340i xDRIVE GRAN TURISMO,FULL-SIZE,3,6,AS8,Z,11.8,7.9,10
BMW,430i xDRIVE CABRIOLET,SUBCOMPACT,2,4,AS8,Z,10.7,7.3,9.1
BMW,430i xDRIVE COUPE,COMPACT,2,4,AS8,Z,10.2,7.2,8.9
BMW,430i xDRIVE GRAN COUPE,COMPACT,2,4,AS8,Z,10.2,7.2,8.9
BMW,440i COUPE,COMPACT,3,6,AS8,Z,9.2,6.2,7.8
BMW,440i COUPE,COMPACT,3,6,M6,Z,12.1,8.1,10.3
BMW,440i xDRIVE CABRIOLET,SUBCOMPACT,3,6,AS8,Z,11.8,7.9,10
BMW,440i xDRIVE COUPE,COMPACT,3,6,AS8,Z,11.1,7.5,9.5
BMW,440i xDRIVE COUPE,COMPACT,3,6,M6,Z,12.2,8.4,10.5
BMW,440i xDRIVE GRAN COUPE,COMPACT,3,6,AS8,Z,11.1,7.5,9.5
BMW,530i xDRIVE,MID-SIZE,2,4,AS8,Z,10.2,7.2,8.9
BMW,540i xDRIVE,MID-SIZE,3,6,AS8,Z,11.6,8.1,10
BMW,640i xDRIVE CABRIOLET,SUBCOMPACT,3,6,AS8,Z,12.3,8.4,10.5
BMW,640i xDRIVE GRAN COUPE,COMPACT,3,6,AS8,Z,12.3,8.4,10.5
BMW,640i xDRIVE GRAN TURISMO,FULL-SIZE,3,6,AS8,Z,11.9,8.4,10.3
BMW,650i xDRIVE CABRIOLET,SUBCOMPACT,4.4,8,AS8,Z,14.7,9.6,12.4
BMW,650i xDRIVE COUPE,SUBCOMPACT,4.4,8,AS8,Z,14,10,12.2
BMW,650i xDRIVE GRAN COUPE,COMPACT,4.4,8,AS8,Z,14.7,9.6,12.4
BMW,750i xDRIVE,FULL-SIZE,4.4,8,AS8,Z,14.7,9.6,12.4
BMW,750i xDRIVE SWB,FULL-SIZE,4.4,8,AS8,Z,14.3,9.4,12.1
BMW,ALPINA B6 xDRIVE GRAN COUPE,COMPACT,4.4,8,AS8,Z,14.7,9.6,12.4
BMW,M2,SUBCOMPACT,3,6,AM7,Z,11.8,8.9,10.5
BMW,M2,SUBCOMPACT,3,6,M6,Z,13.1,9.2,11.4
BMW,M240i CABRIOLET,SUBCOMPACT,3,6,AS8,Z,10.9,7.7,9.5
BMW,M240i CABRIOLET,SUBCOMPACT,3,6,M6,Z,12.7,8.7,10.9
BMW,M240i COUPE,SUBCOMPACT,3,6,AS8,Z,10.9,7.7,9.5
BMW,M240i COUPE,SUBCOMPACT,3,6,M6,Z,12.5,8.4,10.7
BMW,M240i xDRIVE CABRIOLET,SUBCOMPACT,3,6,AS8,Z,11.2,7.8,9.7
BMW,M240i xDRIVE COUPE,SUBCOMPACT,3,6,AS8,Z,11.2,7.8,9.7
BMW,M3,COMPACT,3,6,AM7,Z,13.5,9.9,11.9
BMW,M3,COMPACT,3,6,M6,Z,13.5,9.3,11.6
BMW,M4 CABRIOLET,SUBCOMPACT,3,6,AM7,Z,14.5,10.5,12.7
BMW,M4 CABRIOLET,SUBCOMPACT,3,6,M6,Z,13.8,9.4,11.9
BMW,M4 COUPE,COMPACT,3,6,AM7,Z,13.5,9.9,11.9
BMW,M4 COUPE,COMPACT,3,6,M6,Z,13.5,9.3,11.6
BMW,M550i xDRIVE,MID-SIZE,4.4,8,AS8,Z,14.3,9.4,12.1
BMW,M6 CABRIOLET,SUBCOMPACT,4.4,8,AM7,Z,17.3,11.6,14.7
BMW,M6 CABRIOLET,SUBCOMPACT,4.4,8,M6,Z,16.2,10.9,13.8
BMW,M6 COUPE,SUBCOMPACT,4.4,8,AM7,Z,17.3,11.6,14.7
BMW,M6 COUPE,SUBCOMPACT,4.4,8,M6,Z,16.2,10.9,13.8
BMW,M6 GRAN COUPE,COMPACT,4.4,8,AM7,Z,17.3,11.6,14.7
BMW,M6 GRAN COUPE,COMPACT,4.4,8,M6,Z,16.2,10.9,13.8
BMW,M760i xDRIVE,FULL-SIZE,6.6,12,AS8,Z,17.7,11.9,15.1
BMW,X1 xDRIVE28i,SUV - SMALL,2,4,AS8,Z,10.7,7.5,9.3
BMW,X2 xDRIVE28i,SUV - SMALL,2,4,AS8,Z,11,7.7,9.5
BMW,X3 xDRIVE30i,SUV - SMALL,2,4,AS8,Z,10.8,8,9.5
BMW,X3 M40i,SUV - SMALL,3,6,AS8,Z,11.7,8.6,10.3
BMW,X4 xDRIVE28i,SUV - SMALL,2,4,AS8,Z,11.8,8.6,10.3
BMW,X4 M40i,SUV - SMALL,3,6,AS8,Z,12.9,9.5,11.4
BMW,X5 xDRIVE35d,SUV - STANDARD,3,6,AS8,D,10.3,8,9.3
BMW,X5 xDRIVE35i,SUV - STANDARD,3,6,AS8,Z,13,9.8,11.5
BMW,X5 xDRIVE50i,SUV - STANDARD,4.4,8,AS8,Z,15.4,11.2,13.5
BMW,X5 M,SUV - STANDARD,4.4,8,AS8,Z,16.6,12.1,14.6
BMW,X6 xDRIVE35i,SUV - STANDARD,3,6,AS8,Z,13,9.8,11.5
BMW,X6 xDRIVE50i,SUV - STANDARD,4.4,8,AS8,Z,15.4,11.2,13.5
BMW,X6 M,SUV - STANDARD,4.4,8,AS8,Z,16.6,12.1,14.6
BUGATTI,CHIRON,TWO-SEATER,8,16,AM7,Z,26.8,16.6,22.2
BUICK,ENCLAVE,SUV - STANDARD,3.6,6,AS9,X,12.9,9,11.2
BUICK,ENCLAVE AWD,SUV - STANDARD,3.6,6,AS9,X,13.8,9.4,11.8
BUICK,ENCORE,SUV - SMALL,1.4,4,AS6,X,9.3,7.2,8.3
BUICK,ENCORE (SIDI with Stop/Start),SUV - SMALL,1.4,4,AS6,X,8.6,7.1,7.9
BUICK,ENCORE AWD,SUV - SMALL,1.4,4,AS6,X,9.9,7.8,8.9
BUICK,ENCORE AWD (SIDI with Stop/Start),SUV - SMALL,1.4,4,AS6,X,9,7.6,8.3
BUICK,ENVISION AWD,SUV - SMALL,2,4,A6,Z,11.8,9.1,10.6
BUICK,ENVISION AWD,SUV - SMALL,2.5,4,A6,X,11.1,8.6,10
BUICK,LACROSSE,MID-SIZE,3.6,6,AS9,X,11.3,7.9,9.7
BUICK,LACROSSE eASSIST,MID-SIZE,2.5,4,A6,X,9.3,6.7,8.1
BUICK,LACROSSE AWD,MID-SIZE,3.6,6,AS9,X,11.8,8,10.1
BUICK,REGAL,FULL-SIZE,2,4,AS9,Z,10.7,7.4,9.2
BUICK,REGAL AWD,FULL-SIZE,2,4,AS8,Z,11,8,9.6
BUICK,REGAL AWD,FULL-SIZE,3.6,6,AS9,X,12.4,8.7,10.7
CADILLAC,ATS,COMPACT,2,4,AS8,Z,10.5,7.7,9.2
CADILLAC,ATS,COMPACT,2,4,M6,Z,12,8.2,10.3
CADILLAC,ATS,COMPACT,3.6,6,AS8,X,11.6,8,10
CADILLAC,ATS AWD,COMPACT,2,4,AS8,Z,10.8,7.9,9.5
CADILLAC,ATS AWD,COMPACT,3.6,6,AS8,X,12.1,8.6,10.5
CADILLAC,ATS-V,COMPACT,3.6,6,AS8,Z,13.9,9.4,11.9
CADILLAC,ATS-V,COMPACT,3.6,6,M6,Z,14.4,10.4,12.6
CADILLAC,CT6,FULL-SIZE,2,4,AS8,Z,11,7.8,9.5
CADILLAC,CT6 AWD,FULL-SIZE,3,6,AS8,Z,13,9.1,11.2
CADILLAC,CT6 AWD,FULL-SIZE,3.6,6,AS8,X,13,8.9,11.1
CADILLAC,CTS,MID-SIZE,2,4,AS8,Z,11,7.8,9.5
CADILLAC,CTS,MID-SIZE,3.6,6,AS8,X,11.6,8,10
CADILLAC,CTS AWD,MID-SIZE,2,4,AS8,Z,11.2,8.2,9.8
CADILLAC,CTS AWD,MID-SIZE,3.6,6,AS8,X,12.1,8.6,10.5
CADILLAC,CTS Vsport,MID-SIZE,3.6,6,AS8,Z,15,9.9,12.7
CADILLAC,CTS-V,MID-SIZE,6.2,8,AS8,Z,16.5,11.1,14
CADILLAC,ESCALADE 4WD,SUV - STANDARD,6.2,8,A10,Z,16.6,10.9,14
CADILLAC,XT5,SUV - SMALL,3.6,6,AS8,X,12.1,8.9,10.6
CADILLAC,XT5 AWD,SUV - SMALL,3.6,6,AS8,X,12.8,9.3,11.2
CADILLAC,XTS,FULL-SIZE,3.6,6,AS6,X,13.2,8.5,11.1
CADILLAC,XTS AWD,FULL-SIZE,3.6,6,AS6,X,13.7,9,11.6
CADILLAC,XTS Vsport AWD,FULL-SIZE,3.6,6,AS6,Z,15,10.2,12.8
CHEVROLET,CAMARO,SUBCOMPACT,2,4,AS8,Z,10.8,7.6,9.4
CHEVROLET,CAMARO,SUBCOMPACT,2,4,M6,Z,11.9,7.9,10.1
CHEVROLET,CAMARO,SUBCOMPACT,3.6,6,AS8,X,12.3,8.2,10.4
CHEVROLET,CAMARO,SUBCOMPACT,3.6,6,M6,X,14.4,8.4,11.7
CHEVROLET,CAMARO SS,SUBCOMPACT,6.2,8,AS8,Z,14.2,8.7,11.7
CHEVROLET,CAMARO SS,SUBCOMPACT,6.2,8,M6,Z,14.3,9.4,12.1
CHEVROLET,CAMARO ZL1,SUBCOMPACT,6.2,8,AS10,Z,18.8,11.3,15.4
CHEVROLET,CAMARO ZL1,SUBCOMPACT,6.2,8,M6,Z,17.1,12,14.8
CHEVROLET,CITY EXPRESS,SPECIAL PURPOSE VEHICLE,2,4,AV,X,9.8,8.8,9.3
CHEVROLET,COLORADO,PICKUP TRUCK - SMALL,2.5,4,A6,X,12.1,9.2,10.8
CHEVROLET,COLORADO,PICKUP TRUCK - SMALL,2.5,4,M6,X,11.9,9.2,10.7
CHEVROLET,COLORADO,PICKUP TRUCK - SMALL,2.8,4,A6,D,10.8,8,9.6
CHEVROLET,COLORADO,PICKUP TRUCK - SMALL,3.6,6,A8,X,13.4,9.6,11.7
CHEVROLET,COLORADO 4WD,PICKUP TRUCK - SMALL,2.5,4,A6,X,12.6,9.8,11.3
CHEVROLET,COLORADO 4WD,PICKUP TRUCK - SMALL,2.8,4,A6,D,12.1,8.3,10.4
CHEVROLET,COLORADO 4WD,PICKUP TRUCK - SMALL,3.6,6,A8,X,14.1,10,12.2
CHEVROLET,COLORADO ZR2 4WD,PICKUP TRUCK - SMALL,2.8,4,A6,D,12.5,10.7,11.7
CHEVROLET,COLORADO ZR2 4WD,PICKUP TRUCK - SMALL,3.6,6,A8,X,15,13,14.1
CHEVROLET,CORVETTE,TWO-SEATER,6.2,8,AS8,Z,15.5,9.2,12.7
CHEVROLET,CORVETTE,TWO-SEATER,6.2,8,M7,Z,14.2,9,11.9
CHEVROLET,CORVETTE Z06,TWO-SEATER,6.2,8,AS8,Z,17.6,10.3,14.3
CHEVROLET,CORVETTE Z06,TWO-SEATER,6.2,8,M7,Z,15.6,10.6,13.4
CHEVROLET,CRUZE,COMPACT,1.4,4,AS6,X,8,5.9,7.1
CHEVROLET,CRUZE,COMPACT,1.4,4,M6,X,8.6,5.8,7.4
CHEVROLET,CRUZE PREMIER,COMPACT,1.4,4,AS6,X,8.1,6,7.2
CHEVROLET,CRUZE DIESEL,COMPACT,1.6,4,A9,D,7.7,5,6.5
CHEVROLET,CRUZE DIESEL,COMPACT,1.6,4,M6,D,7.8,4.6,6.3
CHEVROLET,CRUZE HATCHBACK,MID-SIZE,1.4,4,AS6,X,8.1,6.2,7.3
CHEVROLET,CRUZE HATCHBACK,MID-SIZE,1.4,4,M6,X,8.6,6.2,7.5
CHEVROLET,CRUZE HATCHBACK PREMIER,MID-SIZE,1.4,4,AS6,X,8.4,6.4,7.5
CHEVROLET,CRUZE HATCHBACK DIESEL,MID-SIZE,1.6,4,A9,D,7.8,5.2,6.6
CHEVROLET,CRUZE HATCHBACK DIESEL,MID-SIZE,1.6,4,M6,D,8.1,4.9,6.7
CHEVROLET,EQUINOX,SUV - SMALL,1.5,4,A6,X,9.2,7.3,8.3
CHEVROLET,EQUINOX,SUV - SMALL,1.6,4,A6,D,8.5,6,7.4
CHEVROLET,EQUINOX AWD,SUV - SMALL,1.5,4,A6,X,9.8,7.9,8.9
CHEVROLET,EQUINOX AWD,SUV - SMALL,1.6,4,A6,D,8.5,6.1,7.4
CHEVROLET,EQUINOX AWD,SUV - SMALL,2,4,A9,Z,10.9,8.3,9.7
CHEVROLET,IMPALA,FULL-SIZE,2.5,4,AS6,X,10.9,7.9,9.5
CHEVROLET,IMPALA FFV,FULL-SIZE,3.6,6,AS6,X,12.7,8.5,10.8
CHEVROLET,IMPALA FFV,FULL-SIZE,3.6,6,AS6,E,17.2,11.6,14.6
CHEVROLET,MALIBU,MID-SIZE,1.5,4,A6,X,8.8,6.5,7.8
CHEVROLET,MALIBU,MID-SIZE,2,4,A9,Z,10.5,7.4,9.1
CHEVROLET,MALIBU HYBRID,MID-SIZE,1.8,4,AV,X,4.8,5.5,5.1
CHEVROLET,SILVERADO FFV,PICKUP TRUCK - STANDARD,4.3,6,A6,X,13.4,10,11.8
CHEVROLET,SILVERADO FFV,PICKUP TRUCK - STANDARD,4.3,6,A6,E,19.3,14.4,17.1
CHEVROLET,SILVERADO,PICKUP TRUCK - STANDARD,5.3,8,A6,X,14.6,10.3,12.7
CHEVROLET,SILVERADO FFV,PICKUP TRUCK - STANDARD,5.3,8,A6,X,14.6,10.3,12.7
CHEVROLET,SILVERADO FFV,PICKUP TRUCK - STANDARD,5.3,8,A6,E,19.7,13.9,17.1
CHEVROLET,SILVERADO,PICKUP TRUCK - STANDARD,5.3,8,A8,X,14.9,10.9,13.1
CHEVROLET,SILVERADO,PICKUP TRUCK - STANDARD,6.2,8,A8,Z,15.9,11.2,13.8
CHEVROLET,SILVERADO eASSIST,PICKUP TRUCK - STANDARD,5.3,8,A8,X,13.4,10,11.8
CHEVROLET,SILVERADO 4WD FFV,PICKUP TRUCK - STANDARD,4.3,6,A6,X,14.1,10.6,12.5
CHEVROLET,SILVERADO 4WD FFV,PICKUP TRUCK - STANDARD,4.3,6,A6,E,20.2,15.2,18
CHEVROLET,SILVERADO 4WD,PICKUP TRUCK - STANDARD,5.3,8,A6,X,15,10.7,13.1
CHEVROLET,SILVERADO 4WD FFV,PICKUP TRUCK - STANDARD,5.3,8,A6,X,15,10.7,13.1
CHEVROLET,SILVERADO 4WD FFV,PICKUP TRUCK - STANDARD,5.3,8,A6,E,21,15,18.3
CHEVROLET,SILVERADO 4WD,PICKUP TRUCK - STANDARD,5.3,8,A8,X,15.6,11.6,13.8
CHEVROLET,SILVERADO 4WD,PICKUP TRUCK - STANDARD,6.2,8,A8,Z,16,11.7,14.1
CHEVROLET,SILVERADO eASSIST 4WD,PICKUP TRUCK - STANDARD,5.3,8,A8,X,14.4,11.2,13
CHEVROLET,SONIC,COMPACT,1.4,4,AS6,X,8.8,6.6,7.8
CHEVROLET,SONIC,COMPACT,1.4,4,M6,X,8.4,6.3,7.4
CHEVROLET,SONIC,COMPACT,1.8,4,AS6,X,9.3,7,8.3
CHEVROLET,SONIC,COMPACT,1.8,4,M5,X,9.2,6.8,8.1
CHEVROLET,SONIC 5,STATION WAGON - SMALL,1.4,4,AS6,X,8.8,6.6,7.8
CHEVROLET,SONIC 5,STATION WAGON - SMALL,1.4,4,M6,X,8.4,6.3,7.4
CHEVROLET,SONIC 5,STATION WAGON - SMALL,1.8,4,AS6,X,9.3,7,8.3
CHEVROLET,SONIC 5,STATION WAGON - SMALL,1.8,4,M5,X,9.2,6.8,8.1
CHEVROLET,SPARK,SUBCOMPACT,1.4,4,AV,X,7.8,6.2,7.1
CHEVROLET,SPARK,SUBCOMPACT,1.4,4,M5,X,8,6,7.1
CHEVROLET,SUBURBAN,SUV - STANDARD,5.3,8,A6,X,15.1,10.4,13
CHEVROLET,SUBURBAN FFV,SUV - STANDARD,5.3,8,A6,X,15.1,10.4,13
CHEVROLET,SUBURBAN FFV,SUV - STANDARD,5.3,8,A6,E,19.8,13.9,17.2
CHEVROLET,SUBURBAN 4WD,SUV - STANDARD,5.3,8,A6,X,15.3,10.9,13.3
CHEVROLET,SUBURBAN 4WD FFV,SUV - STANDARD,5.3,8,A6,X,15.3,10.9,13.3
CHEVROLET,SUBURBAN 4WD FFV,SUV - STANDARD,5.3,8,A6,E,22.3,15.7,19.3
CHEVROLET,TAHOE,SUV - STANDARD,5.3,8,A6,X,15.1,10.4,13
CHEVROLET,TAHOE FFV,SUV - STANDARD,5.3,8,A6,X,15.1,10.4,13
CHEVROLET,TAHOE FFV,SUV - STANDARD,5.3,8,A6,E,19.8,13.9,17.2
CHEVROLET,TAHOE 4WD,SUV - STANDARD,5.3,8,A6,X,15.2,10.8,13.2
CHEVROLET,TAHOE 4WD FFV,SUV - STANDARD,5.3,8,A6,X,15.2,10.8,13.2
CHEVROLET,TAHOE 4WD FFV,SUV - STANDARD,5.3,8,A6,E,20.8,14.5,18
CHEVROLET,TAHOE 4WD,SUV - STANDARD,6.2,8,A10,Z,16.4,10.7,13.8
CHEVROLET,TRAVERSE,SUV - STANDARD,2,4,A9,Z,11.7,9,10.5
CHEVROLET,TRAVERSE,SUV - STANDARD,3.6,6,AS9,X,12.9,8.7,11
CHEVROLET,TRAVERSE AWD,SUV - STANDARD,3.6,6,AS9,X,13.7,9.4,11.8
CHEVROLET,TRAX,SUV - SMALL,1.4,4,AS6,X,9.3,7.2,8.3
CHEVROLET,TRAX,SUV - SMALL,1.4,4,M6,X,9.2,7.1,8.2
CHEVROLET,TRAX 4WD,SUV - SMALL,1.4,4,AS6,X,9.9,7.8,8.9
CHRYSLER,300,FULL-SIZE,3.6,6,A8,X,12.4,7.8,10.3
CHRYSLER,300 FFV,FULL-SIZE,3.6,6,A8,X,12.4,7.8,10.3
CHRYSLER,300 FFV,FULL-SIZE,3.6,6,A8,E,17.1,10.6,14.2
CHRYSLER,300,FULL-SIZE,5.7,8,A8,X,14.7,9.4,12.3
CHRYSLER,300 AWD,FULL-SIZE,3.6,6,A8,X,12.8,8.7,11
CHRYSLER,300 AWD FFV,FULL-SIZE,3.6,6,A8,X,12.8,8.7,11
CHRYSLER,300 AWD FFV,FULL-SIZE,3.6,6,A8,E,17.6,12,15
CHRYSLER,PACIFICA,MINIVAN,3.6,6,A9,X,12.9,8.4,10.9
CHRYSLER,PACIFICA (Stop-Start),MINIVAN,3.6,6,A9,X,12.4,8.4,10.6
DODGE,CHALLENGER,MID-SIZE,3.6,6,A8,X,12.4,7.8,10.3
DODGE,CHALLENGER,MID-SIZE,5.7,8,M6,Z,15.6,10.1,13.1
DODGE,CHALLENGER,MID-SIZE,6.4,8,M6,Z,16.7,10.4,13.9
DODGE,CHALLENGER (MDS),MID-SIZE,5.7,8,A8,X,14.7,9.4,12.3
DODGE,CHALLENGER (MDS),MID-SIZE,6.4,8,A8,Z,15.6,9.6,12.9
DODGE,CHALLENGER GT AWD,MID-SIZE,3.6,6,A8,X,12.8,8.7,11
DODGE,CHALLENGER GT AWD FFV,MID-SIZE,3.6,6,A8,X,12.8,8.7,11
DODGE,CHALLENGER GT AWD FFV,MID-SIZE,3.6,6,A8,E,17.6,12,15
DODGE,CHALLENGER SRT,MID-SIZE,6.4,8,M6,Z,16.7,10.4,13.9
DODGE,CHALLENGER SRT (MDS),MID-SIZE,6.4,8,A8,Z,15.6,9.6,12.9
DODGE,CHALLENGER SRT DEMON,MID-SIZE,6.2,8,A8,Z,17.6,10.7,14.5
DODGE,CHALLENGER SRT HELLCAT,MID-SIZE,6.2,8,A8,Z,17.6,10.7,14.5
DODGE,CHALLENGER SRT HELLCAT,MID-SIZE,6.2,8,M6,Z,18.1,11.4,15.1
DODGE,CHARGER,FULL-SIZE,3.6,6,A5,X,13.7,9,11.6
DODGE,CHARGER FFV,FULL-SIZE,3.6,6,A5,X,13.7,9,11.6
DODGE,CHARGER FFV,FULL-SIZE,3.6,6,A5,E,18.9,12.7,16.1
DODGE,CHARGER,FULL-SIZE,3.6,6,A8,X,12.4,7.8,10.3
DODGE,CHARGER FFV,FULL-SIZE,3.6,6,A8,X,12.4,7.8,10.3
DODGE,CHARGER FFV,FULL-SIZE,3.6,6,A8,E,17.1,10.6,14.2
DODGE,CHARGER (MDS),FULL-SIZE,5.7,8,A5,X,15.6,9.7,12.9
DODGE,CHARGER (MDS),FULL-SIZE,5.7,8,A8,X,14.7,9.4,12.3
DODGE,CHARGER (MDS),FULL-SIZE,6.4,8,A8,Z,15.6,9.6,12.9
DODGE,CHARGER AWD,FULL-SIZE,3.6,6,A8,X,12.8,8.7,11
DODGE,CHARGER AWD FFV,FULL-SIZE,3.6,6,A8,X,12.8,8.7,11
DODGE,CHARGER AWD FFV,FULL-SIZE,3.6,6,A8,E,17.6,12,15
DODGE,CHARGER AWD (MDS),FULL-SIZE,5.7,8,A5,X,16,10.1,13.3
DODGE,CHARGER SRT (MDS),FULL-SIZE,6.4,8,A8,Z,15.6,9.6,12.9
DODGE,CHARGER SRT HELLCAT,FULL-SIZE,6.2,8,A8,Z,17.6,10.7,14.5
DODGE,DURANGO AWD,SUV - STANDARD,3.6,6,A8,X,12.7,9.6,11.3
DODGE,DURANGO AWD,SUV - STANDARD,5.7,8,A8,X,16.7,10.9,14.1
DODGE,DURANGO AWD SRT,SUV - STANDARD,6.4,8,A8,Z,18.3,12.2,15.6
DODGE,GRAND CARAVAN FFV,MINIVAN,3.6,6,A6,X,13.7,9.4,11.8
DODGE,GRAND CARAVAN FFV,MINIVAN,3.6,6,A6,E,19.4,13.3,16.7
DODGE,JOURNEY,SUV - SMALL,2.4,4,A4,X,12.7,9.2,11.1
DODGE,JOURNEY FFV,SUV - SMALL,3.6,6,A6,X,14.2,9.5,12.1
DODGE,JOURNEY FFV,SUV - SMALL,3.6,6,A6,E,19.1,13.2,16.4
DODGE,JOURNEY AWD,SUV - SMALL,3.6,6,A6,X,14.5,10,12.4
FIAT,124 SPIDER,TWO-SEATER,1.4,4,A6,X,9.3,6.5,8
FIAT,124 SPIDER,TWO-SEATER,1.4,4,M6,X,9,6.7,7.9
FIAT,500,MINICOMPACT,1.4,4,A6,X,9.7,7.4,8.7
FIAT,500,MINICOMPACT,1.4,4,M5,X,8.4,7,7.8
FIAT,500 ABARTH,MINICOMPACT,1.4,4,A6,X,9.7,7.4,8.7
FIAT,500 ABARTH,MINICOMPACT,1.4,4,M5,X,8.4,7,7.8
FIAT,500L,STATION WAGON - SMALL,1.4,4,A6,X,10.7,7.9,9.4
FIAT,500X,SUV - SMALL,1.4,4,M6,X,9.5,7.1,8.4
FIAT,500X,SUV - SMALL,2.4,4,A9,X,10.7,7.8,9.4
FIAT,500X AWD,SUV - SMALL,2.4,4,A9,X,11,8,9.7
FORD,C-MAX HYBRID,FULL-SIZE,2,4,AV,X,5.7,6.2,5.9
FORD,ECOSPORT,SUV - SMALL,1,3,AS6,X,8.6,8.1,8.4
FORD,ECOSPORT AWD,SUV - SMALL,2,4,AS6,X,10.2,8,9.3
FORD,EDGE,SUV - SMALL,2,4,AS6,X,11.5,8,9.9
FORD,EDGE (Start/Stop),SUV - SMALL,2,4,AS6,X,11.3,8,9.9
FORD,EDGE,SUV - SMALL,3.5,6,AS6,X,13.5,9.1,11.5
FORD,EDGE AWD,SUV - SMALL,2,4,AS6,X,11.9,8.7,10.5
FORD,EDGE AWD,SUV - SMALL,2.7,6,AS6,X,13.8,9.8,12
FORD,EDGE AWD,SUV - SMALL,3.5,6,AS6,X,14.2,10.2,12.4
FORD,ESCAPE,SUV - SMALL,1.5,4,AS6,X,10.2,7.8,9.1
FORD,ESCAPE FFV,SUV - SMALL,2.5,4,AS6,X,11.1,8.1,9.7
FORD,ESCAPE FFV,SUV - SMALL,2.5,4,AS6,E,15.2,10.9,13.3
FORD,ESCAPE AWD,SUV - SMALL,1.5,4,AS6,X,10.7,8.3,9.6
FORD,ESCAPE AWD,SUV - SMALL,2,4,AS6,X,11.5,8.8,10.3
FORD,EXPEDITION 4X4,SUV - STANDARD,3.5,6,AS10,X,13.8,10.7,12.4
FORD,EXPEDITION MAX 4X4,SUV - STANDARD,3.5,6,AS10,X,14.9,11.2,13.2
FORD,EXPLORER,SUV - STANDARD,2.3,4,AS6,X,12.6,8.6,10.8
FORD,EXPLORER FFV,SUV - STANDARD,3.5,6,AS6,X,13.9,9.8,12.1
FORD,EXPLORER FFV,SUV - STANDARD,3.5,6,AS6,E,18.7,13,16.2
FORD,EXPLORER AWD,SUV - STANDARD,2.3,4,AS6,X,13.1,9.2,11.4
FORD,EXPLORER AWD,SUV - STANDARD,3.5,6,AS6,X,14.8,10.7,13
FORD,EXPLORER FFV AWD,SUV - STANDARD,3.5,6,AS6,X,14.5,10.6,12.7
FORD,EXPLORER FFV AWD,SUV - STANDARD,3.5,6,AS6,E,19.7,14.3,17.3
FORD,F-150,PICKUP TRUCK - STANDARD,2.7,6,AS10,X,11.9,9,10.6
FORD,F-150 (LT Tire Pkg),PICKUP TRUCK - STANDARD,2.7,6,AS10,X,12,9.4,10.8
FORD,F-150 (Payload Pkg),PICKUP TRUCK - STANDARD,2.7,6,AS10,X,12.3,9.4,11
FORD,F-150,PICKUP TRUCK - STANDARD,3,6,AS10,D,10.8,8,9.5
FORD,F-150 (LT Tire Pkg),PICKUP TRUCK - STANDARD,3,6,AS10,D,10.8,8.4,9.7
FORD,F-150,PICKUP TRUCK - STANDARD,3.3,6,AS6,X,12.3,9.4,11
FORD,F-150 FFV,PICKUP TRUCK - STANDARD,3.3,6,AS6,X,12.3,9.3,10.9
FORD,F-150 FFV,PICKUP TRUCK - STANDARD,3.3,6,AS6,E,16.8,12.7,14.9
FORD,F-150 (LT Tire Pkg),PICKUP TRUCK - STANDARD,3.3,6,AS6,X,12.4,9.8,11.2
FORD,F-150 FFV (LT Tire Pkg),PICKUP TRUCK - STANDARD,3.3,6,AS6,X,12.4,9.8,11.2
FORD,F-150 FFV (LT Tire Pkg),PICKUP TRUCK - STANDARD,3.3,6,AS6,E,16.8,12.7,14.9
FORD,F-150,PICKUP TRUCK - STANDARD,3.5,6,AS10,X,13.6,10.1,12
FORD,F-150 (LT Tire Pkg),PICKUP TRUCK - STANDARD,3.5,6,AS10,X,13.6,10.7,12.3
FORD,F-150 (Payload Pkg),PICKUP TRUCK - STANDARD,3.5,6,AS10,X,13.7,11.2,12.5
FORD,F-150,PICKUP TRUCK - STANDARD,5,8,AS10,X,14.1,10.4,12.4
FORD,F-150 FFV,PICKUP TRUCK - STANDARD,5,8,AS10,X,13.9,10.2,12.2
FORD,F-150 FFV,PICKUP TRUCK - STANDARD,5,8,AS10,E,20.2,14,17.4
FORD,F-150 (LT Tire Pkg),PICKUP TRUCK - STANDARD,5,8,AS10,X,14.7,11.2,13.1
FORD,F-150 FFV (LT Tire Pkg),PICKUP TRUCK - STANDARD,5,8,AS10,X,14.7,11.2,13.1
FORD,F-150 FFV (LT Tire Pkg),PICKUP TRUCK - STANDARD,5,8,AS10,E,20.2,14,17.4
FORD,F-150 (Payload Pkg),PICKUP TRUCK - STANDARD,5,8,AS10,X,14.7,11.8,13.8
FORD,F-150 FFV (Payload Pkg),PICKUP TRUCK - STANDARD,5,8,AS10,X,14.7,11.8,13.8
FORD,F-150 FFV (Payload Pkg),PICKUP TRUCK - STANDARD,5,8,AS10,E,20.3,14,17.4
FORD,F-150 4X4,PICKUP TRUCK - STANDARD,2.7,6,AS10,X,12.6,9.8,11.3
FORD,F-150 4X4 (LT Tire Pkg),PICKUP TRUCK - STANDARD,2.7,6,AS10,X,13.1,10.2,11.8
FORD,F-150 4X4 (Payload Pkg),PICKUP TRUCK - STANDARD,2.7,6,AS10,X,13.1,9.8,11.6
FORD,F-150 4X4,PICKUP TRUCK - STANDARD,3,6,AS10,D,11.8,9.3,10.7
FORD,F-150 4X4 (LT Tire Pkg),PICKUP TRUCK - STANDARD,3,6,AS10,D,11.8,9.3,10.7
FORD,F-150 4X4 XL/XLT,PICKUP TRUCK - STANDARD,3,6,AS10,D,11.2,8.4,9.9
FORD,F-150 4X4,PICKUP TRUCK - STANDARD,3.3,6,AS6,X,13,10.3,11.8
FORD,F-150 FFV 4X4,PICKUP TRUCK - STANDARD,3.3,6,AS6,X,12.9,10.2,11.7
FORD,F-150 FFV 4X4,PICKUP TRUCK - STANDARD,3.3,6,AS6,E,17.6,13.7,15.8
FORD,F-150 4X4 (LT Tire Pkg),PICKUP TRUCK - STANDARD,3.3,6,AS6,X,13.8,10.7,12.4
FORD,F-150 FFV 4X4 (LT Tire Pkg),PICKUP TRUCK - STANDARD,3.3,6,AS6,X,13.8,10.7,12.4
FORD,F-150 FFV 4X4 (LT Tire Pkg),PICKUP TRUCK - STANDARD,3.3,6,AS6,E,17.5,13.7,15.8
FORD,F-150 4X4,PICKUP TRUCK - STANDARD,3.5,6,AS10,X,14.3,10.5,12.6
FORD,F-150 4X4 (LT Tire Pkg),PICKUP TRUCK - STANDARD,3.5,6,AS10,X,14.4,10.6,12.7
FORD,F-150 4X4 (Payload Pkg),PICKUP TRUCK - STANDARD,3.5,6,AS10,X,14.5,11.2,13
FORD,F-150 4X4,PICKUP TRUCK - STANDARD,5,8,AS10,X,14.6,10.9,13
FORD,F-150 FFV 4X4,PICKUP TRUCK - STANDARD,5,8,AS10,X,15.1,11,13.3
FORD,F-150 FFV 4X4,PICKUP TRUCK - STANDARD,5,8,AS10,E,20,15.6,18
FORD,F-150 4X4 (LT Tire Pkg),PICKUP TRUCK - STANDARD,5,8,AS10,X,14.7,11.8,13.8
FORD,F-150 FFV 4X4 (LT Tire Pkg),PICKUP TRUCK - STANDARD,5,8,AS10,X,15.1,11.8,13.8
FORD,F-150 FFV 4X4 (LT Tire Pkg),PICKUP TRUCK - STANDARD,5,8,AS10,E,20,15.6,18
FORD,F-150 4X4 (Payload Pkg),PICKUP TRUCK - STANDARD,5,8,AS10,X,15.7,12.4,14.2
FORD,F-150 FFV 4X4 (Payload Pkg),PICKUP TRUCK - STANDARD,5,8,AS10,X,16.1,12.4,14.5
FORD,F-150 FFV 4X4 (Payload Pkg),PICKUP TRUCK - STANDARD,5,8,AS10,E,21.4,17.2,19.5
FORD,F-150 RAPTOR 4WD,PICKUP TRUCK - STANDARD,3.5,6,AS10,X,15.6,13.2,14.5
FORD,FIESTA,SUBCOMPACT,1.6,4,AM6,X,8.6,6.4,7.6
FORD,FIESTA,SUBCOMPACT,1.6,4,M5,X,8.6,6.7,7.8
FORD,FIESTA ST,SUBCOMPACT,1.6,4,M6,X,9,7.1,8.2
FORD,FLEX,SUV - STANDARD,3.5,6,AS6,X,14.7,10.2,12.7
FORD,FLEX AWD,SUV - STANDARD,3.5,6,AS6,X,14.7,10.7,12.9
FORD,FLEX AWD GTDI,SUV - STANDARD,3.5,6,AS6,X,15.7,11.2,13.7
FORD,FOCUS,COMPACT,1,3,AS6,X,8.5,6.2,7.5
FORD,FOCUS,COMPACT,1,3,M6,X,7.9,5.9,7
FORD,FOCUS,COMPACT,2,4,AM6,X,8.9,6.1,7.7
FORD,FOCUS,COMPACT,2,4,AS6,X,9.8,7,8.5
FORD,FOCUS,COMPACT,2,4,M5,X,9.5,6.9,8.3
FORD,FOCUS RS AWD,MID-SIZE,2.3,4,M6,Z,12.2,9,10.8
FORD,FOCUS ST,MID-SIZE,2,4,M6,X,10.5,7.8,9.3
FORD,FUSION,MID-SIZE,1.5,4,AS6,X,10,7,8.7
FORD,FUSION,MID-SIZE,2,4,AS6,X,11.2,7.6,9.6
FORD,FUSION,MID-SIZE,2.5,4,A6,X,11.3,7.4,9.5
FORD,FUSION AWD,MID-SIZE,2,4,AS6,X,11.8,8.2,10.2
FORD,FUSION AWD,MID-SIZE,2.7,6,AS6,X,13.8,9.1,11.8
FORD,FUSION HYBRID,MID-SIZE,2,4,AV,X,5.5,5.6,5.6
FORD,GT,TWO-SEATER,3.5,6,AM7,Z,20.4,13.1,17.1
FORD,MUSTANG,SUBCOMPACT,2.3,4,AS10,X,11,7.4,9.4
FORD,MUSTANG (Performance Pkg),SUBCOMPACT,2.3,4,AS10,X,11.8,8.1,10.1
FORD,MUSTANG,SUBCOMPACT,2.3,4,M6,X,11,7.7,9.5
FORD,MUSTANG (Performance Pkg),SUBCOMPACT,2.3,4,M6,X,11.8,8.4,10.3
FORD,MUSTANG,SUBCOMPACT,5,8,AS10,X,15.1,9.3,12.5
FORD,MUSTANG,SUBCOMPACT,5,8,M6,X,15.5,9.5,12.8
FORD,MUSTANG CONVERTIBLE,SUBCOMPACT,2.3,4,AS10,X,11.8,8.2,10.2
FORD,MUSTANG CONVERTIBLE,SUBCOMPACT,2.3,4,M6,X,11.8,8.4,10.3
FORD,MUSTANG CONVERTIBLE,SUBCOMPACT,5,8,AS10,X,15.5,10,13.1
FORD,SHELBY GT350 MUSTANG,SUBCOMPACT,5.2,8,M6,Z,17.2,11.3,14.6
FORD,T-150 WAGON,VAN - PASSENGER,3.5,6,AS6,X,16.2,12.8,14.7
FORD,T-150 WAGON,VAN - PASSENGER,3.7,6,AS6,X,16.8,13.1,15.1
FORD,TAURUS FFV,FULL-SIZE,3.5,6,AS6,X,13.1,8.7,11.1
FORD,TAURUS FFV,FULL-SIZE,3.5,6,AS6,E,17.6,11.7,15
FORD,TAURUS AWD,FULL-SIZE,3.5,6,AS6,X,14.6,10,12.5
FORD,TAURUS FFV AWD,FULL-SIZE,3.5,6,AS6,X,13.6,9.9,12.4
FORD,TAURUS FFV AWD,FULL-SIZE,3.5,6,AS6,E,18.7,13.4,16.3
FORD,TRANSIT CONNECT VAN FFV,SPECIAL PURPOSE VEHICLE,2.5,4,AS6,X,11.9,8.7,10.4
FORD,TRANSIT CONNECT VAN FFV,SPECIAL PURPOSE VEHICLE,2.5,4,AS6,E,16.2,11.9,14.3
FORD,TRANSIT CONNECT WAGON LWB FFV,SPECIAL PURPOSE VEHICLE,2.5,4,AS6,X,12.3,8.8,10.7
FORD,TRANSIT CONNECT WAGON LWB FFV,SPECIAL PURPOSE VEHICLE,2.5,4,AS6,E,16.8,12.1,14.7
GENESIS,G80 AWD,FULL-SIZE,3.3,6,AS8,Z,13.8,9.7,11.9
GENESIS,G80 AWD,FULL-SIZE,3.8,6,AS8,X,13.4,9.6,11.7
GENESIS,G80 AWD,FULL-SIZE,5,8,AS8,Z,15.6,10.4,13.2
GENESIS,G90 AWD,FULL-SIZE,3.3,6,AS8,Z,13.7,9.7,11.9
GENESIS,G90 AWD,FULL-SIZE,5,8,AS8,Z,15.2,10.2,13
GMC,ACADIA,SUV - STANDARD,2.5,4,A6,X,11,9.2,10.2
GMC,ACADIA,SUV - STANDARD,3.6,6,A6,X,13.1,9.4,11.4
GMC,ACADIA AWD,SUV - STANDARD,2.5,4,A6,X,11.2,9.4,10.4
GMC,ACADIA AWD,SUV - STANDARD,3.6,6,A6,X,13.5,9.5,11.7
GMC,CANYON,PICKUP TRUCK - SMALL,2.5,4,A6,X,12.1,9.2,10.8
GMC,CANYON,PICKUP TRUCK - SMALL,2.5,4,M6,X,11.9,9.2,10.7
GMC,CANYON,PICKUP TRUCK - SMALL,2.8,4,A6,D,10.8,8,9.6
GMC,CANYON,PICKUP TRUCK - SMALL,3.6,6,A8,X,13.4,9.6,11.7
GMC,CANYON 4WD,PICKUP TRUCK - SMALL,2.5,4,A6,X,12.6,9.8,11.3
GMC,CANYON 4WD,PICKUP TRUCK - SMALL,2.8,4,A6,D,12.1,8.3,10.4
GMC,CANYON 4WD,PICKUP TRUCK - SMALL,3.6,6,A8,X,14.1,10,12.2
GMC,SIERRA FFV,PICKUP TRUCK - STANDARD,4.3,6,A6,X,13.4,10,11.8
GMC,SIERRA FFV,PICKUP TRUCK - STANDARD,4.3,6,A6,E,19.3,14.4,17.1
GMC,SIERRA,PICKUP TRUCK - STANDARD,5.3,8,A6,X,14.6,10.3,12.7
GMC,SIERRA FFV,PICKUP TRUCK - STANDARD,5.3,8,A6,X,14.6,10.3,12.7
GMC,SIERRA FFV,PICKUP TRUCK - STANDARD,5.3,8,A6,E,19.7,13.9,17
GMC,SIERRA,PICKUP TRUCK - STANDARD,5.3,8,A8,X,14.9,10.9,13.1
GMC,SIERRA,PICKUP TRUCK - STANDARD,6.2,8,A8,Z,15.9,11.2,13.8
GMC,SIERRA eASSIST,PICKUP TRUCK - STANDARD,5.3,8,A8,X,13.4,10,11.8
GMC,SIERRA 4WD FFV,PICKUP TRUCK - STANDARD,4.3,6,A6,X,14.1,10.6,12.5
GMC,SIERRA 4WD FFV,PICKUP TRUCK - STANDARD,4.3,6,A6,E,20.2,15.2,18
GMC,SIERRA 4WD,PICKUP TRUCK - STANDARD,5.3,8,A6,X,15,10.7,13.1
GMC,SIERRA 4WD FFV,PICKUP TRUCK - STANDARD,5.3,8,A6,X,15,10.7,13.1
GMC,SIERRA 4WD FFV,PICKUP TRUCK - STANDARD,5.3,8,A6,E,21,15,18.3
GMC,SIERRA 4WD,PICKUP TRUCK - STANDARD,5.3,8,A8,X,15.6,11.6,13.8
GMC,SIERRA 4WD,PICKUP TRUCK - STANDARD,6.2,8,A8,Z,16,11.7,14.1
GMC,SIERRA eASSIST 4WD,PICKUP TRUCK - STANDARD,5.3,8,A8,X,14.4,11.2,13
GMC,TERRAIN,SUV - SMALL,1.5,4,A9,X,9.2,7.9,8.6
GMC,TERRAIN,SUV - SMALL,1.6,4,A6,D,8.5,6,7.4
GMC,TERRAIN AWD,SUV - SMALL,1.5,4,A9,X,9.6,8.3,9
GMC,TERRAIN AWD,SUV - SMALL,1.6,4,A6,D,8.5,6.1,7.4
GMC,TERRAIN AWD,SUV - SMALL,2,4,A9,Z,11.2,9,10.2
GMC,YUKON,SUV - STANDARD,5.3,8,A6,X,15.1,10.4,13
GMC,YUKON FFV,SUV - STANDARD,5.3,8,A6,X,15.1,10.4,13
GMC,YUKON FFV,SUV - STANDARD,5.3,8,A6,E,19.8,13.9,17.2
GMC,YUKON 4WD,SUV - STANDARD,5.3,8,A6,X,15.2,10.8,13.2
GMC,YUKON 4WD FFV,SUV - STANDARD,5.3,8,A6,X,15.2,10.8,13.2
GMC,YUKON 4WD FFV,SUV - STANDARD,5.3,8,A6,E,20.8,14.5,18
GMC,YUKON 4WD,SUV - STANDARD,6.2,8,A10,Z,16.4,10.7,13.8
GMC,YUKON XL,SUV - STANDARD,5.3,8,A6,X,15.1,10.4,13
GMC,YUKON XL FFV,SUV - STANDARD,5.3,8,A6,X,15.1,10.4,13
GMC,YUKON XL FFV,SUV - STANDARD,5.3,8,A6,E,19.8,13.9,17.2
GMC,YUKON XL 4WD,SUV - STANDARD,5.3,8,A6,X,15.3,10.9,13.3
GMC,YUKON XL 4WD FFV,SUV - STANDARD,5.3,8,A6,X,15.3,10.9,13.3
GMC,YUKON XL 4WD FFV,SUV - STANDARD,5.3,8,A6,E,22.3,15.7,19.3
GMC,YUKON XL 4WD,SUV - STANDARD,6.2,8,A10,Z,17.1,11.3,14.5
HONDA,ACCORD,FULL-SIZE,1.5,4,AV,X,7.9,6.3,7.2
HONDA,ACCORD,FULL-SIZE,1.5,4,AV7,X,8.2,6.8,7.6
HONDA,ACCORD,FULL-SIZE,1.5,4,M6,X,8.9,6.7,7.9
HONDA,ACCORD,FULL-SIZE,2,4,M6,X,10.7,7.3,9.2
HONDA,ACCORD SPORT/TOURING,MID-SIZE,2,4,AS10,X,10.4,7.4,9.1
HONDA,ACCORD HYBRID,FULL-SIZE,2,4,AV,X,5,5.1,5.1
HONDA,CIVIC COUPE,COMPACT,1.5,4,AV,X,7.5,5.9,6.8
HONDA,CIVIC COUPE,COMPACT,1.5,4,M6,X,7.7,5.7,6.8
HONDA,CIVIC COUPE,COMPACT,2,4,AV,X,7.8,6,7
HONDA,CIVIC COUPE,COMPACT,2,4,M6,X,8.5,6.1,7.4
HONDA,CIVIC COUPE Si,COMPACT,1.5,4,M6,Z,8.4,6.2,7.4
HONDA,CIVIC HATCHBACK,FULL-SIZE,1.5,4,AV,X,7.7,6,6.9
HONDA,CIVIC HATCHBACK,FULL-SIZE,1.5,4,AV7,X,7.9,6.6,7.3
HONDA,CIVIC HATCHBACK,FULL-SIZE,1.5,4,M6,X,8,6.2,7.2
HONDA,CIVIC HATCHBACK SPORT,FULL-SIZE,1.5,4,AV7,Z,7.9,6.6,7.3
HONDA,CIVIC HATCHBACK SPORT,FULL-SIZE,1.5,4,M6,Z,8,6.2,7.2
HONDA,CIVIC SEDAN,MID-SIZE,1.5,4,AV,X,7.4,5.6,6.6
HONDA,CIVIC SEDAN,MID-SIZE,2,4,AV,X,7.8,6,7
HONDA,CIVIC SEDAN,MID-SIZE,2,4,M6,X,8.5,6,7.4
HONDA,CIVIC SEDAN Si,MID-SIZE,1.5,4,M6,Z,8.4,6.2,7.4
HONDA,CIVIC TYPE R,FULL-SIZE,2,4,M6,Z,10.6,8.3,9.6
HONDA,CR-V,SUV - SMALL,1.5,4,AV,X,8.4,7,7.8
HONDA,CR-V AWD,SUV - SMALL,1.5,4,AV,X,8.7,7.2,8
HONDA,FIT,STATION WAGON - SMALL,1.5,4,AV,X,7,5.9,6.5
HONDA,FIT,STATION WAGON - SMALL,1.5,4,AV7,X,7.6,6.5,7
HONDA,FIT,STATION WAGON - SMALL,1.5,4,M6,X,8.1,6.6,7.4
HONDA,HR-V,STATION WAGON - SMALL,1.8,4,AV,X,8.3,6.9,7.7
HONDA,HR-V,STATION WAGON - SMALL,1.8,4,AV7,X,8.3,6.9,7.7
HONDA,HR-V,STATION WAGON - SMALL,1.8,4,M6,X,9.4,7.1,8.4
HONDA,HR-V AWD,STATION WAGON - SMALL,1.8,4,AV,X,8.9,7.5,8.2
HONDA,HR-V AWD,STATION WAGON - SMALL,1.8,4,AV7,X,8.9,7.5,8.2
HONDA,ODYSSEY,MINIVAN,3.5,6,AS9,X,12.6,8.4,10.7
HONDA,ODYSSEY TOURING,MINIVAN,3.5,6,AS10,X,12.2,8.5,10.6
HONDA,PILOT AWD,SUV - SMALL,3.5,6,A6,X,13,9.3,11.3
HONDA,PILOT AWD,SUV - SMALL,3.5,6,AS9,X,12.4,9.3,11
HONDA,RIDGELINE AWD,PICKUP TRUCK - STANDARD,3.5,6,A6,X,12.8,9.5,11.3
HYUNDAI,ELANTRA,MID-SIZE,1.6,4,AM7,X,8.9,7,8.1
HYUNDAI,ACCENT,COMPACT,1.6,4,AS6,X,8.3,6.2,7.4
HYUNDAI,ACCENT,COMPACT,1.6,4,M6,X,8.2,6.3,7.3
HYUNDAI,ELANTRA,MID-SIZE,1.6,4,M6,X,10.7,7.8,9.4
HYUNDAI,ELANTRA,MID-SIZE,2,4,AS6,X,8.3,6.4,7.4
HYUNDAI,ELANTRA,MID-SIZE,2,4,M6,X,9.3,6.4,8
HYUNDAI,ELANTRA GT,FULL-SIZE,1.6,4,AM7,X,9.2,7.1,8.3
HYUNDAI,ELANTRA GT,FULL-SIZE,1.6,4,M6,X,10.7,8.1,9.6
HYUNDAI,ELANTRA GT,FULL-SIZE,2,4,AS6,X,9.4,7.2,8.4
HYUNDAI,ELANTRA GT,FULL-SIZE,2,4,M6,X,9.8,7.3,8.7
HYUNDAI,IONIQ,FULL-SIZE,1.6,4,AM6,X,4.3,4.4,4.3
HYUNDAI,IONIQ BLUE,FULL-SIZE,1.6,4,AM6,X,4.2,4,4.1
HYUNDAI,KONA,SUV - SMALL,2,4,AS6,X,8.6,7,7.9
HYUNDAI,KONA AWD,SUV - SMALL,1.6,4,AM7,X,9,8,8.6
HYUNDAI,KONA AWD,SUV - SMALL,2,4,AS6,X,9.2,7.8,8.6
HYUNDAI,SANTA FE,SUV - SMALL,3.3,6,AS6,X,12.9,9.4,11.3
HYUNDAI,SANTA FE AWD,SUV - SMALL,3.3,6,AS6,X,13,9.7,11.5
HYUNDAI,SANTA FE ULTIMATE AWD,SUV - SMALL,3.3,6,AS6,X,13.9,10.8,12.5
HYUNDAI,SANTA FE SPORT,SUV - SMALL,2.4,4,AS6,X,11.1,8.6,10
HYUNDAI,SANTA FE SPORT AWD,SUV - SMALL,2.4,4,AS6,X,12,9.1,10.7
HYUNDAI,SANTA FE SPORT ULTIMATE AWD,SUV - SMALL,2,4,AS6,X,12.5,9.6,11.2
HYUNDAI,SONATA,FULL-SIZE,2,4,AS8,X,10.4,7.4,9.1
HYUNDAI,SONATA,FULL-SIZE,2.4,4,AS6,X,9.8,6.9,8.5
HYUNDAI,SONATA HYBRID,MID-SIZE,2,4,AM6,X,6,5.3,5.7
HYUNDAI,SONATA HYBRID SE,MID-SIZE,2,4,AM6,X,5.9,5.1,5.6
HYUNDAI,TUCSON,SUV - SMALL,2,4,AS6,X,10.1,7.8,9
HYUNDAI,TUCSON AWD,SUV - SMALL,1.6,4,AM7,X,9.9,8.5,9.3
HYUNDAI,TUCSON AWD,SUV - SMALL,2,4,AS6,X,11,9.1,10.2
INFINITI,Q50 AWD,MID-SIZE,2,4,AS7,Z,10.7,8.6,9.7
INFINITI,Q50 AWD,MID-SIZE,3,6,AS7,Z,12.4,8.7,10.8
INFINITI,Q50 AWD RED SPORT,MID-SIZE,3,6,AS7,Z,12.5,9.3,11.1
INFINITI,Q50 HYBRID AWD,COMPACT,3.5,6,AS7,Z,9.1,7.7,8.5
INFINITI,Q60 AWD,SUBCOMPACT,2,4,AS7,Z,11.2,8.5,10
INFINITI,Q60 AWD,SUBCOMPACT,3,6,AS7,Z,12.3,8.6,10.7
INFINITI,Q60 AWD RED SPORT,SUBCOMPACT,3,6,AS7,Z,12.5,9.2,11
INFINITI,Q70 AWD,MID-SIZE,3.7,6,AS7,Z,13.2,9.8,11.7
INFINITI,Q70 AWD,MID-SIZE,5.6,8,AS7,Z,14.9,10.3,12.8
INFINITI,QX30,COMPACT,2,4,AM7,Z,9.7,7.1,8.5
INFINITI,QX30 AWD,COMPACT,2,4,AM7,Z,10.6,8,9.4
INFINITI,QX60 AWD,SUV - SMALL,3.5,6,AV7,Z,12.5,9,10.9
INFINITI,QX80 4WD,SUV - STANDARD,5.6,8,AS7,Z,17.4,12.2,15.1
JAGUAR,F-PACE 20d,SUV - SMALL,2,4,AS8,D,8.9,7.2,8.1
JAGUAR,F-PACE 25t,SUV - SMALL,2,4,AS8,Z,10.7,8.8,9.9
JAGUAR,F-PACE 35t,SUV - SMALL,3,6,AS8,Z,13.3,10,11.8
JAGUAR,F-TYPE CONVERTIBLE,TWO-SEATER,2,4,AS8,Z,10.2,7.8,9.2
JAGUAR,F-TYPE CONVERTIBLE,TWO-SEATER,3,6,AS8,Z,11.9,8.5,10.4
JAGUAR,F-TYPE CONVERTIBLE,TWO-SEATER,3,6,M6,Z,14.9,9.8,12.6
JAGUAR,F-TYPE CONVERTIBLE R-DYNAMIC,TWO-SEATER,3,6,AS8,Z,12.4,8.8,10.8
JAGUAR,F-TYPE CONVERTIBLE R-DYNAMIC,TWO-SEATER,3,6,M6,Z,15.3,10,12.9
JAGUAR,F-TYPE CONVERTIBLE R-DYNAMIC AWD,TWO-SEATER,3,6,AS8,Z,13,9.2,11.3
JAGUAR,F-TYPE COUPE,TWO-SEATER,2,4,AS8,Z,10.2,7.8,9.2
JAGUAR,F-TYPE COUPE,TWO-SEATER,3,6,AS8,Z,11.9,8.5,10.4
JAGUAR,F-TYPE COUPE,TWO-SEATER,3,6,M6,Z,14.9,9.8,12.6
JAGUAR,F-TYPE COUPE R-DYNAMIC,TWO-SEATER,3,6,AS8,Z,12.4,8.8,10.8
JAGUAR,F-TYPE COUPE R-DYNAMIC,TWO-SEATER,3,6,M6,Z,15.3,10,12.9
JAGUAR,F-TYPE COUPE R-DYNAMIC AWD,TWO-SEATER,3,6,AS8,Z,13,9.2,11.3
JAGUAR,F-TYPE R AWD CONVERTIBLE,TWO-SEATER,5,8,AS8,Z,15.6,10.4,13.3
JAGUAR,F-TYPE R AWD COUPE,TWO-SEATER,5,8,AS8,Z,15.6,10.4,13.3
JAGUAR,XE 20d AWD,COMPACT,2,4,AS8,D,7.8,5.8,6.9
JAGUAR,XE 25t AWD,COMPACT,2,4,AS8,Z,9.8,6.9,8.5
JAGUAR,XE 35t AWD,COMPACT,3,6,AS8,Z,11.8,8.2,10.2
JAGUAR,XF 20d AWD,MID-SIZE,2,4,AS8,D,7.8,5.8,6.9
JAGUAR,XF 25t AWD,MID-SIZE,2,4,AS8,Z,10.1,7.2,8.8
JAGUAR,XF 35t AWD,MID-SIZE,3,6,AS8,Z,12,8.4,10.4
JAGUAR,XJ R-SPORT AWD,FULL-SIZE,3,6,AS8,Z,14,9,11.8
JAGUAR,XJL PORTFOLIO AWD,FULL-SIZE,3,6,AS8,Z,14,9.4,11.9
JAGUAR,XJR LWB,FULL-SIZE,5,8,AS8,Z,15.8,10.3,13.3
JEEP,CHEROKEE FFV,SUV - SMALL,2.4,4,A9,X,11,7.8,9.6
JEEP,CHEROKEE FFV,SUV - SMALL,2.4,4,A9,E,15.5,10.5,13.3
JEEP,CHEROKEE,SUV - SMALL,3.2,6,A9,X,11.4,8.3,10
JEEP,CHEROKEE 4X4 ACTIVE DRIVE I,SUV - SMALL,2.4,4,A9,X,11.3,8.4,10
JEEP,CHEROKEE 4X4 ACTIVE DRIVE I FFV,SUV - SMALL,2.4,4,A9,X,11.3,8.4,10
JEEP,CHEROKEE 4X4 ACTIVE DRIVE I FFV,SUV - SMALL,2.4,4,A9,E,16.3,11.3,14
JEEP,CHEROKEE 4X4 ACTIVE DRIVE I,SUV - SMALL,3.2,6,A9,X,11.6,8.6,10.3
JEEP,CHEROKEE 4X4 ACTIVE DRIVE II,SUV - SMALL,2.4,4,A9,X,11.4,8.7,10.2
JEEP,CHEROKEE 4X4 ACTIVE DRIVE II,SUV - SMALL,3.2,6,A9,X,12.8,9,11.1
JEEP,CHEROKEE 4X4 ACTIVE DRIVE LOCK,SUV - SMALL,2.4,4,A9,X,12.1,9.4,10.9
JEEP,CHEROKEE 4X4 ACTIVE DRIVE LOCK,SUV - SMALL,3.2,6,A9,X,12.9,9.9,11.6
JEEP,COMPASS,SUV - SMALL,2.4,4,A6,X,10.6,7.6,9.3
JEEP,COMPASS,SUV - SMALL,2.4,4,M6,X,10.4,7.3,9
JEEP,COMPASS 4X4,SUV - SMALL,2.4,4,A9,X,10.8,7.8,9.5
JEEP,COMPASS 4X4,SUV - SMALL,2.4,4,M6,X,10.8,7.6,9.4
JEEP,GRAND CHEROKEE 4X4,SUV - STANDARD,3,6,A8,D,11.2,8.5,10
JEEP,GRAND CHEROKEE 4X4,SUV - STANDARD,3.6,6,A8,X,12.7,9.6,11.3
JEEP,GRAND CHEROKEE 4X4,SUV - STANDARD,5.7,8,A8,X,16.7,10.9,14.1
JEEP,GRAND CHEROKEE 4X4 SRT,SUV - STANDARD,6.4,8,A8,Z,18.3,12.6,15.7
JEEP,GRAND CHEROKEE 4X4 TRACKHAWK,SUV - STANDARD,6.2,8,A8,Z,20.9,13.8,17.7
JEEP,NEW WRANGLER 4X4,SUV - SMALL,2,4,A8,X,10.5,9.4,10
JEEP,NEW WRANGLER 4X4,SUV - SMALL,3.6,6,A8,X,12.8,10.4,11.8
JEEP,NEW WRANGLER 4X4,SUV - SMALL,3.6,6,M6,X,13.7,9.6,11.8
JEEP,NEW WRANGLER UNLIMITED 4X4,SUV - SMALL,2,4,A8,X,10.9,10,10.5
JEEP,NEW WRANGLER UNLIMITED 4X4,SUV - SMALL,3.6,6,A8,X,12.9,10.2,11.7
JEEP,NEW WRANGLER UNLIMITED 4X4,SUV - SMALL,3.6,6,M6,X,13.8,10.1,12.2
JEEP,RENEGADE,SUV - SMALL,1.4,4,M6,X,9.9,7.7,8.9
JEEP,RENEGADE,SUV - SMALL,2.4,4,A9,X,10.8,7.8,9.5
JEEP,RENEGADE FFV,SUV - SMALL,2.4,4,A9,X,10.8,7.8,9.5
JEEP,RENEGADE FFV,SUV - SMALL,2.4,4,A9,E,14.4,10.2,12.5
JEEP,RENEGADE 4X4,SUV - SMALL,1.4,4,M6,X,9.9,7.7,8.9
JEEP,RENEGADE 4X4,SUV - SMALL,2.4,4,A9,X,11.2,8.2,9.8
JEEP,WRANGLER JK 4X4,SUV - SMALL,3.6,6,A5,X,14.1,11.1,12.8
JEEP,WRANGLER JK 4X4,SUV - SMALL,3.6,6,M6,X,14.2,11,12.8
JEEP,WRANGLER JK UNLIMITED 4X4,SUV - SMALL,3.6,6,A5,X,14.7,11.7,13.4
JEEP,WRANGLER JK UNLIMITED 4X4,SUV - SMALL,3.6,6,M6,X,15,11.4,13.3
KIA,CADENZA,FULL-SIZE,3.3,6,AS8,X,11.5,8.5,10.2
KIA,FORTE (MPI),MID-SIZE,2,4,AS6,X,8,6.1,7.1
KIA,FORTE (GDI),MID-SIZE,2,4,AS6,X,9.4,7,8.3
KIA,FORTE,MID-SIZE,2,4,M6,X,9.4,6.8,8.3
KIA,FORTE 5,FULL-SIZE,1.6,4,AM7,X,9.4,7.9,8.7
KIA,FORTE 5,FULL-SIZE,2,4,AS6,X,9.4,7,8.3
KIA,FORTE 5,FULL-SIZE,2,4,M6,X,9.8,7.3,8.7
KIA,K900,FULL-SIZE,3.8,6,AS8,X,13.8,9.3,11.8
KIA,K900,FULL-SIZE,5,8,AS8,Z,15.6,10.6,13.3
KIA,NIRO,STATION WAGON - SMALL,1.6,4,AM6,X,4.6,5.1,4.8
KIA,NIRO FE,STATION WAGON - SMALL,1.6,4,AM6,X,4.5,4.8,4.7
KIA,NIRO TOURING,STATION WAGON - SMALL,1.6,4,AM6,X,5.1,5.8,5.4
KIA,OPTIMA,FULL-SIZE,2,4,AS6,X,10.9,7.6,9.4
KIA,OPTIMA,FULL-SIZE,2.4,4,AS6,X,9.6,6.8,8.4
KIA,OPTIMA FE,FULL-SIZE,2.4,4,AS6,X,9.3,6.6,8
KIA,OPTIMA HYBRID,MID-SIZE,2,4,AM6,X,6,5.1,5.6
KIA,RIO,COMPACT,1.6,4,AS6,X,8.5,6.4,7.5
KIA,RIO,COMPACT,1.6,4,M6,X,8.3,6.4,7.5
KIA,SEDONA,MINIVAN,3.3,6,AS6,X,13.2,9.7,11.6
KIA,SEDONA SX,MINIVAN,3.3,6,AS6,X,12.9,9.5,11.4
KIA,SEDONA SXL,MINIVAN,3.3,6,AS6,X,14.1,10.5,12.5
KIA,SORENTO,SUV - SMALL,2.4,4,AS6,X,11.2,8.3,9.9
KIA,SORENTO AWD,SUV - SMALL,2,4,AS6,X,12.3,9.4,11
KIA,SORENTO AWD,SUV - SMALL,2.4,4,AS6,X,11.5,9.3,10.5
KIA,SORENTO AWD,SUV - SMALL,3.3,6,AS6,X,14,10.1,12.2
KIA,SORENTO AWD FE,SUV - SMALL,3.3,6,AS6,X,13.2,9.3,11.4
KIA,SOUL,STATION WAGON - SMALL,1.6,4,AM7,X,9.1,7.7,8.5
KIA,SOUL,STATION WAGON - SMALL,1.6,4,AS6,X,9.4,7.8,8.7
KIA,SOUL,STATION WAGON - SMALL,2,4,AS6,X,9.5,7.8,8.7
KIA,SPORTAGE,SUV - SMALL,2.4,4,AS6,X,10.3,7.8,9.2
KIA,SPORTAGE AWD,SUV - SMALL,2,4,AS6,X,11.9,10.2,11.1
KIA,SPORTAGE AWD,SUV - SMALL,2.4,4,AS6,X,11.3,9.5,10.5
KIA,STINGER AWD,MID-SIZE,3.3,6,AS8,Z,12.7,9.6,11.3
LAMBORGHINI,AVENTADOR COUPE,TWO-SEATER,6.5,12,AM7,Z,23.8,14.1,19.4
LAMBORGHINI,AVENTADOR ROADSTER,TWO-SEATER,6.5,12,AM7,Z,24.2,14.5,19.8
LAMBORGHINI,AVENTADOR S COUPE,TWO-SEATER,6.5,12,AM7,Z,23.8,14.1,19.4
LAMBORGHINI,AVENTADOR S ROADSTER,TWO-SEATER,6.5,12,AM7,Z,24.2,14.5,19.8
LAMBORGHINI,HURACAN,TWO-SEATER,5.2,10,AM7,Z,16.8,11.4,14.4
LAMBORGHINI,HURACAN AWD,TWO-SEATER,5.2,10,AM7,Z,17.2,12.2,15
LAMBORGHINI,HURACAN SPYDER,TWO-SEATER,5.2,10,AM7,Z,16.7,11.7,14.5
LAMBORGHINI,HURACAN SPYDER AWD,TWO-SEATER,5.2,10,AM7,Z,17.2,12.3,15
LAND ROVER,DISCOVERY SPORT,SUV - SMALL,2,4,AS9,Z,11.4,9.3,10.5
LAND ROVER,RANGE ROVER EVOQUE,SUV - SMALL,2,4,AS9,Z,10.9,8,9.6
LAND ROVER,RANGE ROVER EVOQUE CONVERTIBLE,SUV - SMALL,2,4,AS9,Z,11.2,8.2,9.8
LAND ROVER,RANGE ROVER VELAR,SUV - SMALL,2,4,AS8,D,9.2,7.8,8.5
LAND ROVER,RANGE ROVER VELAR,SUV - SMALL,3,6,AS8,Z,13,10,11.6
LEXUS,ES 300h,MID-SIZE,2.5,4,AV6,X,5.8,6.1,5.9
LEXUS,ES 350,MID-SIZE,3.5,6,AS6,X,11.4,7.7,9.7
LEXUS,GS 350 AWD,MID-SIZE,3.5,6,AS6,Z,12.5,9.2,11
LEXUS,GS 450h,MID-SIZE,3.5,6,AV8,Z,8,6.9,7.5
LEXUS,GS F,COMPACT,5,8,AS8,Z,14.9,9.7,12.5
LEXUS,GX 460,SUV - STANDARD,4.6,8,AS6,Z,16,12.9,14.6
LEXUS,IS 300,COMPACT,2,4,AS8,Z,10.6,7.3,9.1
LEXUS,IS 300 AWD,COMPACT,3.5,6,AS6,Z,12.3,9.1,10.9
LEXUS,IS 350 AWD,COMPACT,3.5,6,AS6,Z,12.3,9.1,10.9
LEXUS,LC 500,SUBCOMPACT,5,8,AS10,Z,14.7,9.2,12.2
LEXUS,LC 500h,SUBCOMPACT,3.5,6,AV10,Z,8.9,7,8
LEXUS,LS 500,MID-SIZE,3.4,6,AS10,Z,12.2,7.8,10.2
LEXUS,LS 500 AWD,MID-SIZE,3.4,6,AS10,Z,13,8.7,11
LEXUS,LS 500h,MID-SIZE,3.5,6,AV10,Z,9.4,7.1,8.4
LEXUS,LS 500h AWD,MID-SIZE,3.5,6,AV10,Z,10.3,7.6,9.1
LEXUS,LX 570,SUV - STANDARD,5.7,8,AS8,Z,18.2,12.8,15.8
LEXUS,NX 300 AWD,SUV - SMALL,2,4,AS6,Z,10.6,8.5,9.7
LEXUS,NX 300 AWD F SPORT,SUV - SMALL,2,4,AS6,Z,10.8,8.9,9.9
LEXUS,NX 300h AWD,SUV - SMALL,2.5,4,AV6,X,7.2,7.9,7.5
LEXUS,RC 300 AWD,SUBCOMPACT,3.5,6,AS6,Z,13.1,9.8,11.2
LEXUS,RC 350 AWD,SUBCOMPACT,3.5,6,AS6,Z,13.1,9.8,11.2
LEXUS,RC F,SUBCOMPACT,5,8,AS8,Z,15.2,9.5,12.6
LEXUS,RX 350 AWD,SUV - SMALL,3.5,6,AS8,X,12.2,9,10.8
LEXUS,RX 350 L AWD,SUV - SMALL,3.5,6,AS8,X,13.1,9.4,11.1
LEXUS,RX 450h AWD,SUV - STANDARD,3.5,6,AV6,Z,7.5,8.4,7.9
LINCOLN,CONTINENTAL AWD,FULL-SIZE,2.7,6,AS6,X,14,9.4,12
LINCOLN,CONTINENTAL AWD,FULL-SIZE,3,6,AS6,X,14.5,9.8,12.3
LINCOLN,CONTINENTAL AWD,FULL-SIZE,3.7,6,AS6,X,14.3,9.7,12.2
LINCOLN,MKC AWD,SUV - SMALL,2,4,AS6,X,12.3,9.3,10.9
LINCOLN,MKC AWD (Start/Stop),SUV - SMALL,2,4,AS6,X,12.1,9.3,10.8
LINCOLN,MKC AWD,SUV - SMALL,2.3,4,AS6,X,13.1,9.4,11.5
LINCOLN,MKT AWD,SUV - STANDARD,3.5,6,AS6,X,15.7,11.2,13.7
LINCOLN,MKT LIVERY AWD,SPECIAL PURPOSE VEHICLE,3.7,6,A6,X,14.7,10.2,12.7
LINCOLN,MKX AWD,SUV - SMALL,2.7,6,AS6,X,14.1,9.8,12.1
LINCOLN,MKX AWD,SUV - SMALL,3.7,6,AS6,X,14.3,10.3,12.5
LINCOLN,MKZ AWD,MID-SIZE,2,4,AS6,X,11.8,8.4,10.3
LINCOLN,MKZ AWD,MID-SIZE,3,6,AS6,X,14,9.2,11.8
LINCOLN,MKZ HYBRID,MID-SIZE,2,4,AV,X,5.7,6.2,5.9
LINCOLN,NAVIGATOR 4X4,SUV - STANDARD,3.5,6,AS10,X,14.9,11.3,13.3
MASERATI,GHIBLI,MID-SIZE,3,6,AS8,Z,14.1,9.8,12.2
MASERATI,GHIBLI S,MID-SIZE,3,6,AS8,Z,14.5,10,12.4
MASERATI,GHIBLI SQ4,MID-SIZE,3,6,AS8,Z,14.7,9.9,12.6
MASERATI,GRANTURISMO,SUBCOMPACT,4.7,8,AS6,Z,18.2,11.4,15.1
MASERATI,GRANTURISMO CONVERTIBLE,SUBCOMPACT,4.7,8,AS6,Z,18.2,11.6,15.2
MASERATI,LEVANTE,SUV - STANDARD,3,6,AS8,Z,16.4,11.9,14.4
MASERATI,LEVANTE S,SUV - STANDARD,3,6,AS8,Z,16.6,12.2,14.7
MASERATI,QUATTROPORTE GTS,FULL-SIZE,3.8,8,AS8,Z,16.1,10.8,13.7
MASERATI,QUATTROPORTE S,FULL-SIZE,3,6,AS8,Z,14.9,10.3,12.8
MASERATI,QUATTROPORTE SQ4,FULL-SIZE,3,6,AS8,Z,15,10.3,12.8
MAZDA,CX-3,COMPACT,2,4,AS6,X,8.2,6.9,7.6
MAZDA,CX-3,COMPACT,2,4,M6,X,9,7,8.1
MAZDA,CX-3 4WD,COMPACT,2,4,AS6,X,8.8,7.5,8.2
MAZDA,CX-5 ,SUV - SMALL,2,4,M6,X,9.7,7.7,8.8
MAZDA,CX-5,SUV - SMALL,2.5,4,AS6,X,9.7,7.8,8.8
MAZDA,CX-5 (Cylinder Deactivation),SUV - SMALL,2.5,4,AS6,X,9.3,7.6,8.5
MAZDA,CX-5 4WD,SUV - SMALL,2.5,4,AS6,X,10.2,8.2,9.3
MAZDA,CX-5 4WD (Cylinder Deactivation),SUV - SMALL,2.5,4,AS6,X,9.8,7.9,9
MAZDA,CX-9,SUV - SMALL,2.5,4,AS6,X,10.6,8.4,9.6
MAZDA,CX-9 4WD,SUV - SMALL,2.5,4,AS6,X,11.5,8.9,10.4
MAZDA,MAZDA3 4-DOOR,COMPACT,2,4,AS6,X,8.4,6.4,7.5
MAZDA,MAZDA3 4-DOOR,COMPACT,2,4,M6,X,8.5,6.2,7.5
MAZDA,MAZDA3 4-DOOR (SIL),COMPACT,2,4,M6,X,8.5,6.2,7.5
MAZDA,MAZDA3 4-DOOR,COMPACT,2.5,4,AS6,X,8.8,6.6,7.8
MAZDA,MAZDA3 4-DOOR (i-ELOOP),COMPACT,2.5,4,AS6,X,8.5,6.4,7.6
MAZDA,MAZDA3 4-DOOR (SIL),COMPACT,2.5,4,M6,X,9.3,6.9,8.2
MAZDA,MAZDA3 5-DOOR,MID-SIZE,2,4,AS6,X,8.4,6.4,7.5
MAZDA,MAZDA3 5-DOOR (SIL),MID-SIZE,2,4,M6,X,8.6,6.4,7.6
MAZDA,MAZDA3 5-DOOR,MID-SIZE,2.5,4,AS6,X,9,6.7,7.8
MAZDA,MAZDA3 5-DOOR (i-ELOOP),MID-SIZE,2.5,4,AS6,X,8.7,6.6,7.8
MAZDA,MAZDA3 5-DOOR (SIL),MID-SIZE,2.5,4,M6,X,9.6,7,8.4
MAZDA,MAZDA6,MID-SIZE,2.5,4,AS6,X,9.1,6.7,8
MAZDA,MAZDA6 TURBO,MID-SIZE,2.5,4,AS6,X,10,7.5,8.9
MAZDA,MX-5,TWO-SEATER,2,4,AS6,Z,9.1,6.8,8
MAZDA,MX-5 (SIL),TWO-SEATER,2,4,M6,Z,8.9,7.1,8.1
MERCEDES-BENZ,AMG C 43 4MATIC,COMPACT,3,6,A9,Z,11.8,8.8,10.4
MERCEDES-BENZ,AMG C 43 4MATIC CABRIOLET,SUBCOMPACT,3,6,A9,Z,12.3,9.4,11
MERCEDES-BENZ,AMG C 43 4MATIC COUPE,SUBCOMPACT,3,6,A9,Z,11.8,8.8,10.5
MERCEDES-BENZ,AMG C 63,COMPACT,4,8,A7,Z,13.4,9.6,11.7
MERCEDES-BENZ,AMG C 63 CABRIOLET,SUBCOMPACT,4,8,A7,Z,14,10.4,12.4
MERCEDES-BENZ,AMG C 63 COUPE,SUBCOMPACT,4,8,A7,Z,13.8,10.1,12.1
MERCEDES-BENZ,AMG C 63 S,COMPACT,4,8,A7,Z,13.4,9.6,11.7
MERCEDES-BENZ,AMG C 63 S CABRIOLET,SUBCOMPACT,4,8,A7,Z,14,10.4,12.4
MERCEDES-BENZ,AMG C 63 S COUPE,SUBCOMPACT,4,8,A7,Z,13.8,10.2,12.2
MERCEDES-BENZ,AMG CLA 45 4MATIC,COMPACT,2,4,AM7,Z,10.3,7.9,9.2
MERCEDES-BENZ,AMG E 43 4MATIC,MID-SIZE,3,6,A9,Z,12.4,9.4,11.1
MERCEDES-BENZ,AMG E 63 S 4MATIC,MID-SIZE,4,8,A9,Z,15.5,10.6,13.3
MERCEDES-BENZ,AMG E 63 S 4MATIC WAGON,STATION WAGON - MID-SIZE,4,8,A9,Z,15.2,11,13.3
MERCEDES-BENZ,AMG G 63,SUV - STANDARD,5.5,8,A7,Z,19.9,15.5,17.9
MERCEDES-BENZ,AMG G 65,SUV - STANDARD,6,12,A7,Z,22.2,18,20.3
MERCEDES-BENZ,AMG GLA 45 4MATIC,STATION WAGON - MID-SIZE,2,4,AM7,Z,10.7,8.3,9.6
MERCEDES-BENZ,AMG GLC 43 4MATIC,SUV - SMALL,3,6,A9,Z,13.1,10.1,11.8
MERCEDES-BENZ,AMG GLC 43 4MATIC COUPE,SUV - SMALL,3,6,A9,Z,13,9.9,11.6
MERCEDES-BENZ,AMG GLE 43 4MATIC,SUV - STANDARD,3,6,A9,Z,13.5,10.3,12.1
MERCEDES-BENZ,AMG GLE 43 4MATIC COUPE,SUV - STANDARD,3,6,A9,Z,13.5,10.6,12.2
MERCEDES-BENZ,AMG GLE 63 S 4MATIC,SUV - STANDARD,5.5,8,A7,Z,17.2,13.4,15.5
MERCEDES-BENZ,AMG GLE 63 S 4MATIC COUPE,SUV - STANDARD,5.5,8,A7,Z,17.2,12.8,15.2
MERCEDES-BENZ,AMG GLS 63 4MATIC,SUV - STANDARD,5.5,8,A7,Z,17.6,13.3,15.7
MERCEDES-BENZ,AMG GT COUPE,TWO-SEATER,4,8,AM7,Z,14.5,10.8,12.8
MERCEDES-BENZ,AMG GT ROADSTER,TWO-SEATER,4,8,AM7,Z,14.7,11,13
MERCEDES-BENZ,AMG GT C COUPE,TWO-SEATER,4,8,AM7,Z,15.5,11.7,13.8
MERCEDES-BENZ,AMG GT C ROADSTER,TWO-SEATER,4,8,AM7,Z,15.5,11.7,13.8
MERCEDES-BENZ,AMG GT R COUPE,TWO-SEATER,4,8,AM7,Z,15.6,11.9,13.9
MERCEDES-BENZ,AMG GT S COUPE,TWO-SEATER,4,8,AM7,Z,14.5,10.8,12.8
MERCEDES-BENZ,AMG S 63 4MATIC,FULL-SIZE,4,8,A9,Z,14.1,8.9,11.8
MERCEDES-BENZ,AMG S 63 4MATIC CABRIOLET,SUBCOMPACT,4,8,A9,Z,15.8,9.8,13.1
MERCEDES-BENZ,AMG S 63 4MATIC COUPE,COMPACT,4,8,A9,Z,14,8.7,11.6
MERCEDES-BENZ,AMG S 65,FULL-SIZE,6,12,A7,Z,18.6,10.9,15.1
MERCEDES-BENZ,AMG SL 63,TWO-SEATER,5.5,8,A7,Z,14.7,9.5,12.4
MERCEDES-BENZ,AMG SL 65,TWO-SEATER,6,12,A7,Z,17.6,10.8,14.5
MERCEDES-BENZ,AMG SLC 43,TWO-SEATER,3,6,A9,Z,11.6,8.2,10.1
MERCEDES-BENZ,B 250,MID-SIZE,2,4,AM7,Z,9.8,6.8,8.4
MERCEDES-BENZ,B 250 4MATIC,MID-SIZE,2,4,AM7,Z,10.3,7.8,9.1
MERCEDES-BENZ,C 300 4MATIC,COMPACT,2,4,A9,Z,10.5,7.5,9.1
MERCEDES-BENZ,C 300 4MATIC CABRIOLET,SUBCOMPACT,2,4,A9,Z,10.8,8,9.6
MERCEDES-BENZ,C 300 4MATIC COUPE,SUBCOMPACT,2,4,A9,Z,10.5,7.8,9.3
MERCEDES-BENZ,C 300 4MATIC WAGON,STATION WAGON - MID-SIZE,2,4,A9,Z,10.7,8,9.5
MERCEDES-BENZ,CLA 250,COMPACT,2,4,AM7,Z,9.6,6.6,8.2
MERCEDES-BENZ,CLA 250 4MATIC,COMPACT,2,4,AM7,Z,9.9,7.3,8.7
MERCEDES-BENZ,E 300 4MATIC,MID-SIZE,2,4,A9,Z,11,8.1,9.7
MERCEDES-BENZ,E 400 4MATIC,MID-SIZE,3,6,A9,Z,11.8,8.7,10.4
MERCEDES-BENZ,E 400 4MATIC CABRIOLET,SUBCOMPACT,3,6,A9,Z,12,9.2,10.8
MERCEDES-BENZ,E 400 4MATIC COUPE,SUBCOMPACT,3,6,A9,Z,11.9,9,10.6
MERCEDES-BENZ,E 400 4MATIC WAGON,STATION WAGON - MID-SIZE,3,6,A9,Z,12.4,9.5,11.1
MERCEDES-BENZ,G 550,SUV - STANDARD,4,8,A7,Z,18.2,16.5,17.5
MERCEDES-BENZ,GLA 250 4MATIC,SUV - SMALL,2,4,AM7,Z,10.1,7.6,9
MERCEDES-BENZ,GLC 300 4MATIC,SUV - SMALL,2,4,A9,Z,11.1,8.6,10
MERCEDES-BENZ,GLC 300 4MATIC COUPE,SUV - SMALL,2,4,A9,Z,11,8.7,10
MERCEDES-BENZ,GLE 400 4MATIC,SUV - STANDARD,3,6,A9,Z,13.5,10.3,12.1
MERCEDES-BENZ,GLE 550 4MATIC,SUV - STANDARD,4.7,8,A9,Z,15.2,11.4,13.5
MERCEDES-BENZ,GLS 450 4MATIC,SUV - STANDARD,3,6,A9,Z,14.3,11.4,13
MERCEDES-BENZ,GLS 550 4MATIC,SUV - STANDARD,4.7,8,A9,Z,16.5,12.6,14.7
MERCEDES-BENZ,MAYBACH S 650,FULL-SIZE,6,12,A9,Z,18.4,11.1,15.1
MERCEDES-BENZ,METRIS CARGO,SPECIAL PURPOSE VEHICLE,2,4,A7,Z,11.5,9.8,10.7
MERCEDES-BENZ,METRIS PASSENGER,SPECIAL PURPOSE VEHICLE,2,4,A7,Z,12.3,10.3,11.4
MERCEDES-BENZ,S 450 4MATIC SWB,MID-SIZE,3,6,A9,Z,12.8,8.5,10.9
MERCEDES-BENZ,S 560 CABRIOLET,SUBCOMPACT,4,8,A9,Z,13.9,9.2,11.8
MERCEDES-BENZ,S 560 4MATIC,FULL-SIZE,4,8,A9,Z,13.5,8.6,11.3
MERCEDES-BENZ,S 560 4MATIC SWB,MID-SIZE,4,8,A9,Z,13.1,8.8,11.2
MERCEDES-BENZ,S 560 4MATIC COUPE,COMPACT,4,8,A9,Z,13.6,8.8,11.4
MERCEDES-BENZ,SL 450,TWO-SEATER,3,6,A9,Z,11.5,8.5,10.2
MERCEDES-BENZ,SL 550,TWO-SEATER,4.7,8,A9,Z,13.5,9.6,11.8
MERCEDES-BENZ,SLC 300,TWO-SEATER,2,4,A9,Z,9.6,7.4,8.6
MINI,COOPER 3 DOOR,SUBCOMPACT,1.5,3,AS6,Z,8.7,6.8,7.9
MINI,COOPER 3 DOOR,SUBCOMPACT,1.5,3,M6,Z,8.5,6.2,7.5
MINI,COOPER 5 DOOR,SUBCOMPACT,1.5,3,AS6,Z,8.7,6.8,7.9
MINI,COOPER 5 DOOR,SUBCOMPACT,1.5,3,M6,Z,8.4,6.3,7.4
MINI,COOPER CLUBMAN ALL4,MID-SIZE,1.5,3,AS8,Z,10.2,7.6,9
MINI,COOPER CLUBMAN ALL4,MID-SIZE,1.5,3,M6,Z,10.5,7.4,9.1
MINI,COOPER CONVERTIBLE,MINICOMPACT,1.5,3,AS6,Z,8.7,6.8,7.9
MINI,COOPER CONVERTIBLE,MINICOMPACT,1.5,3,M6,Z,8.4,6.3,7.4
MINI,COOPER COUNTRYMAN ALL4,STATION WAGON - SMALL,1.5,3,AS8,Z,10.3,7.9,9.2
MINI,COOPER COUNTRYMAN ALL4,STATION WAGON - SMALL,1.5,3,M6,Z,10.5,7.4,9.1
MINI,COOPER S 3 DOOR,SUBCOMPACT,2,4,AS6,Z,9.3,7.3,8.4
MINI,COOPER S 3 DOOR,SUBCOMPACT,2,4,M6,Z,10.3,7.4,9
MINI,COOPER S 5 DOOR,SUBCOMPACT,2,4,AS6,Z,9.3,7.3,8.4
MINI,COOPER S 5 DOOR,SUBCOMPACT,2,4,M6,Z,10.3,7.4,9
MINI,COOPER S CLUBMAN ALL4,MID-SIZE,2,4,AS8,Z,10.5,7.6,9.2
MINI,COOPER S CLUBMAN ALL4,MID-SIZE,2,4,M6,Z,11.4,7.8,9.7
MINI,COOPER S CONVERTIBLE,MINICOMPACT,2,4,AS6,Z,9.3,7.1,8.3
MINI,COOPER S CONVERTIBLE,MINICOMPACT,2,4,M6,Z,10.3,7.4,9
MINI,COOPER S COUNTRYMAN ALL4,MID-SIZE,2,4,AS8,Z,10.5,7.6,9.2
MINI,COOPER S COUNTRYMAN ALL4,MID-SIZE,2,4,M6,Z,11.3,7.7,9.7
MINI,JOHN COOPER WORKS,SUBCOMPACT,2,4,AS6,Z,9.3,7.3,8.4
MINI,JOHN COOPER WORKS,SUBCOMPACT,2,4,M6,Z,10.3,7.4,9
MINI,JOHN COOPER WORKS CLUBMAN ALL4,MID-SIZE,2,4,AS8,Z,10.2,7.5,9
MINI,JOHN COOPER WORKS CLUBMAN ALL4,MID-SIZE,2,4,M6,Z,11.4,7.6,9.7
MINI,JOHN COOPER WORKS CONVERTIBLE,MINICOMPACT,2,4,AS6,Z,9.8,7.3,8.7
MINI,JOHN COOPER WORKS CONVERTIBLE,MINICOMPACT,2,4,M6,Z,10.8,7.7,9.4
MINI,JOHN COOPER WORKS COUNTRYMAN ALL4,MID-SIZE,2,4,AS8,Z,10.6,7.8,9.3
MINI,JOHN COOPER WORKS COUNTRYMAN ALL4,MID-SIZE,2,4,M6,Z,11.5,8,9.9
MITSUBISHI,ECLIPSE CROSS,SUV - SMALL,1.5,4,AV8,X,9.4,8.4,8.9
MITSUBISHI,ECLIPSE CROSS 4WD,SUV - SMALL,1.5,4,AV8,X,9.6,8.9,9.3
MITSUBISHI,MIRAGE,COMPACT,1.2,3,AV,X,6.4,5.5,6
MITSUBISHI,MIRAGE,COMPACT,1.2,3,M5,X,7.1,5.8,6.5
MITSUBISHI,MIRAGE G4,COMPACT,1.2,3,AV,X,6.9,5.7,6.4
MITSUBISHI,MIRAGE G4,COMPACT,1.2,3,M5,X,7.2,5.9,6.6
MITSUBISHI,OUTLANDER 4WD,SUV - SMALL,2.4,4,AV6,X,9.9,8.1,9.1
MITSUBISHI,OUTLANDER 4WD,SUV - SMALL,3,6,AS6,Z,12,8.8,10.6
MITSUBISHI,RVR,SUV - SMALL,2,4,AV6,X,9.7,7.8,8.8
MITSUBISHI,RVR,SUV - SMALL,2,4,M5,X,10.3,8.2,9.3
MITSUBISHI,RVR 4WD,SUV - SMALL,2,4,AV6,X,10.1,8.2,9.2
MITSUBISHI,RVR 4WD,SUV - SMALL,2.4,4,AV6,X,10.3,8.3,9.4
NISSAN,370Z,TWO-SEATER,3.7,6,AS7,Z,12.6,9.3,11.1
NISSAN,370Z,TWO-SEATER,3.7,6,M6,Z,13.3,9.3,11.5
NISSAN,370Z ROADSTER,TWO-SEATER,3.7,6,AS7,Z,13,9.7,11.5
NISSAN,370Z ROADSTER,TWO-SEATER,3.7,6,M6,Z,13.6,9.7,11.8
NISSAN,ALTIMA,MID-SIZE,2.5,4,AV,X,8.7,6.3,7.6
NISSAN,ALTIMA SR,MID-SIZE,2.5,4,AV7,X,8.9,6.4,7.8
NISSAN,ALTIMA,MID-SIZE,3.5,6,AV7,X,10.6,7.3,9.1
NISSAN,ARMADA 4WD,SUV - STANDARD,5.6,8,AS7,X,17.5,12.8,15.4
NISSAN,FRONTIER,PICKUP TRUCK - SMALL,2.5,4,A5,X,13.6,10.7,12.3
NISSAN,FRONTIER,PICKUP TRUCK - SMALL,2.5,4,M5,X,12.2,10.4,11.4
NISSAN,FRONTIER,PICKUP TRUCK - SMALL,4,6,A5,X,14.7,10.4,12.8
NISSAN,FRONTIER 4WD,PICKUP TRUCK - SMALL,4,6,A5,X,15.8,11.5,13.9
NISSAN,FRONTIER 4WD,PICKUP TRUCK - SMALL,4,6,M6,X,15.1,11.5,13.5
NISSAN,GT-R,SUBCOMPACT,3.8,6,AM6,Z,14.5,10.7,12.8
NISSAN,KICKS,MID-SIZE,1.6,4,AV,X,7.7,6.6,7.2
NISSAN,MAXIMA,MID-SIZE,3.5,6,AV7,Z,11.1,7.8,9.6
NISSAN,MICRA,COMPACT,1.6,4,A4,X,9,6.8,8
NISSAN,MICRA,COMPACT,1.6,4,M5,X,8.7,6.8,7.9
NISSAN,MURANO,STATION WAGON - MID-SIZE,3.5,6,AV7,X,11,8.3,9.8
NISSAN,MURANO AWD,STATION WAGON - MID-SIZE,3.5,6,AV7,X,11.2,8.4,9.9
NISSAN,NV200 CARGO VAN,SPECIAL PURPOSE VEHICLE,2,4,AV,X,9.8,8.8,9.3
NISSAN,PATHFINDER,SUV - SMALL,3.5,6,AV,X,11.6,8.5,10.2
NISSAN,PATHFINDER 4WD,SUV - SMALL,3.5,6,AV,X,12.1,8.9,10.7
NISSAN,PATHFINDER 4WD PLATINUM,SUV - SMALL,3.5,6,AV,X,12.4,9.2,11
NISSAN,QASHQAI,STATION WAGON - SMALL,2,4,AV,X,8.8,7.3,8.1
NISSAN,QASHQAI,STATION WAGON - SMALL,2,4,M6,X,10,8.1,9.2
NISSAN,QASHQAI AWD,STATION WAGON - SMALL,2,4,AV,X,9,7.5,8.4
NISSAN,ROGUE,SUV - SMALL,2.5,4,AV,X,9.2,7,8.2
NISSAN,ROGUE AWD,SUV - SMALL,2.5,4,AV,X,9.7,7.4,8.7
NISSAN,SENTRA,MID-SIZE,1.8,4,AV,X,8.1,6.3,7.3
NISSAN,SENTRA,MID-SIZE,1.8,4,M6,X,8.9,6.8,8
NISSAN,SENTRA (Turbo),MID-SIZE,1.6,4,AV7,Z,8.9,7.3,8.2
NISSAN,SENTRA (Turbo),MID-SIZE,1.6,4,M6,Z,9.1,7.3,8.3
NISSAN,SENTRA NISMO,MID-SIZE,1.6,4,AV7,Z,9.4,7.8,8.7
NISSAN,SENTRA NISMO,MID-SIZE,1.6,4,M6,Z,9.5,7.6,8.7
NISSAN,TITAN,PICKUP TRUCK - STANDARD,5.6,8,AS7,X,15,11.2,13.3
NISSAN,TITAN 4WD,PICKUP TRUCK - STANDARD,5.6,8,AS7,X,15.2,11.1,13.4
NISSAN,TITAN 4WD PRO-4X,PICKUP TRUCK - STANDARD,5.6,8,AS7,X,15.9,11.9,14.1
NISSAN,VERSA,MID-SIZE,1.6,4,AV,X,7.6,6.2,7
NISSAN,VERSA,MID-SIZE,1.6,4,M5,X,8.6,6.6,7.7
PORSCHE,911 CARRERA,MINICOMPACT,3,6,AM7,Z,10.6,8,9.4
PORSCHE,911 CARRERA,MINICOMPACT,3,6,M7,Z,11.8,8.1,10.1
PORSCHE,911 CARRERA CABRIOLET,MINICOMPACT,3,6,AM7,Z,10.8,8.3,9.7
PORSCHE,911 CARRERA CABRIOLET,MINICOMPACT,3,6,M7,Z,12,8.2,10.3
PORSCHE,911 CARRERA GTS,MINICOMPACT,3,6,AM7,Z,11.5,9.1,10.4
PORSCHE,911 CARRERA GTS,MINICOMPACT,3,6,M7,Z,13,8.9,11.1
PORSCHE,911 CARRERA GTS CABRIOLET,MINICOMPACT,3,6,AM7,Z,11.8,9.2,10.6
PORSCHE,911 CARRERA GTS CABRIOLET,MINICOMPACT,3,6,M7,Z,12.7,9,11
PORSCHE,911 CARRERA S,MINICOMPACT,3,6,AM7,Z,10.8,8.3,9.7
PORSCHE,911 CARRERA S,MINICOMPACT,3,6,M7,Z,12.1,8.3,10.4
PORSCHE,911 CARRERA S CABRIOLET,MINICOMPACT,3,6,AM7,Z,10.8,8.4,9.7
PORSCHE,911 CARRERA S CABRIOLET,MINICOMPACT,3,6,M7,Z,12.1,8.3,10.4
PORSCHE,911 CARRERA 4,MINICOMPACT,3,6,AM7,Z,10.7,8.3,9.6
PORSCHE,911 CARRERA 4,MINICOMPACT,3,6,M7,Z,12.1,8.3,10.4
PORSCHE,911 CARRERA 4 CABRIOLET,MINICOMPACT,3,6,AM7,Z,11,8.4,9.8
PORSCHE,911 CARRERA 4 CABRIOLET,MINICOMPACT,3,6,M7,Z,12.2,8.5,10.5
PORSCHE,911 CARRERA 4 GTS,MINICOMPACT,3,6,AM7,Z,11.8,9.2,10.6
PORSCHE,911 CARRERA 4 GTS,MINICOMPACT,3,6,M7,Z,12.8,8.9,11
PORSCHE,911 CARRERA 4 GTS CABRIOLET,MINICOMPACT,3,6,AM7,Z,11.9,9.3,10.7
PORSCHE,911 CARRERA 4 GTS CABRIOLET,MINICOMPACT,3,6,M7,Z,12.9,9.1,11.1
PORSCHE,911 CARRERA 4S,MINICOMPACT,3,6,AM7,Z,11,8.5,9.9
PORSCHE,911 CARRERA 4S,MINICOMPACT,3,6,M7,Z,12.1,8.4,10.4
PORSCHE,911 CARRERA 4S CABRIOLET,MINICOMPACT,3,6,AM7,Z,10.9,8.5,9.9
PORSCHE,911 CARRERA 4S CABRIOLET,MINICOMPACT,3,6,M7,Z,12.2,8.5,10.5
PORSCHE,911 GT3,TWO-SEATER,4,6,AM7,Z,15.8,11.6,13.9
PORSCHE,911 GT3,TWO-SEATER,4,6,M6,Z,18,11.5,15.1
PORSCHE,911 TARGA 4,MINICOMPACT,3,6,AM7,Z,10.9,8.4,9.8
PORSCHE,911 TARGA 4,MINICOMPACT,3,6,M7,Z,12.2,8.5,10.5
PORSCHE,911 TARGA 4 GTS,MINICOMPACT,3,6,AM7,Z,12.1,9.2,10.8
PORSCHE,911 TARGA 4 GTS,MINICOMPACT,3,6,M7,Z,13.2,9.2,11.4
PORSCHE,911 TARGA 4S,MINICOMPACT,3,6,AM7,Z,11.1,8.6,10
PORSCHE,911 TARGA 4S,MINICOMPACT,3,6,M7,Z,12.2,8.5,10.5
PORSCHE,911 TURBO,MINICOMPACT,3.8,6,AM7,Z,12.6,9.9,11.4
PORSCHE,911 TURBO CABRIOLET,MINICOMPACT,3.8,6,AM7,Z,12.6,9.9,11.4
PORSCHE,911 TURBO S,MINICOMPACT,3.8,6,AM7,Z,12.6,9.9,11.4
PORSCHE,911 TURBO S CABRIOLET,MINICOMPACT,3.8,6,AM7,Z,12.6,9.9,11.4
PORSCHE,911 TURBO S EXCLUSIVE,MINICOMPACT,3.8,6,AM7,Z,13.8,10.3,12.3
PORSCHE,BOXSTER,TWO-SEATER,2,4,AM7,Z,10.5,8,9.4
PORSCHE,BOXSTER,TWO-SEATER,2,4,M6,Z,11,8.3,9.8
PORSCHE,BOXSTER GTS,TWO-SEATER,2.5,4,AM7,Z,11.8,9.2,10.6
PORSCHE,BOXSTER GTS,TWO-SEATER,2.5,4,M6,Z,12.3,9.4,11
PORSCHE,BOXSTER S,TWO-SEATER,2.5,4,AM7,Z,11,8.4,9.9
PORSCHE,BOXSTER S,TWO-SEATER,2.5,4,M6,Z,12.1,9,10.7
PORSCHE,CAYENNE,SUV - STANDARD,3.6,6,A8,Z,12.9,9.7,11.5
PORSCHE,CAYENNE GTS,SUV - STANDARD,3.6,6,A8,Z,14.5,10.4,12.6
PORSCHE,CAYENNE PLATINUM,SUV - STANDARD,3.6,6,A8,Z,13.6,10.2,12.1
PORSCHE,CAYENNE S,SUV - STANDARD,3.6,6,A8,Z,13.9,9.6,12
PORSCHE,CAYENNE TURBO,SUV - STANDARD,4.8,8,A8,Z,16.7,11.2,14.3
PORSCHE,CAYENNE TURBO S,SUV - STANDARD,4.8,8,A8,Z,16.7,11.2,14.3
PORSCHE,CAYMAN,TWO-SEATER,2,4,AM7,Z,10.5,8,9.4
PORSCHE,CAYMAN,TWO-SEATER,2,4,M6,Z,11,8.3,9.8
PORSCHE,CAYMAN GTS,TWO-SEATER,2.5,4,AM7,Z,11.8,9.2,10.6
PORSCHE,CAYMAN GTS,TWO-SEATER,2.5,4,M6,Z,12.3,9.4,11
PORSCHE,CAYMAN S,TWO-SEATER,2.5,4,AM7,Z,11,8.4,9.9
PORSCHE,CAYMAN S,TWO-SEATER,2.5,4,M6,Z,12.1,9,10.7
PORSCHE,MACAN,SUV - SMALL,2,4,A7,Z,11.6,9.3,10.6
PORSCHE,MACAN GTS,SUV - SMALL,3,6,A7,Z,13.8,10.3,12.3
PORSCHE,MACAN S,SUV - SMALL,3,6,A7,Z,13.7,10.3,12.2
PORSCHE,MACAN TURBO,SUV - SMALL,3.6,6,A7,Z,14.2,10.1,12.3
PORSCHE,MACAN TURBO KIT,SUV - SMALL,3.6,6,A7,Z,14.1,10.1,12.3
PORSCHE,PANAMERA,FULL-SIZE,3,6,AM8,Z,11,8.3,9.8
PORSCHE,PANAMERA 4,FULL-SIZE,3,6,AM8,Z,11.3,8.6,10.1
PORSCHE,PANAMERA 4 EXECUTIVE,FULL-SIZE,3,6,AM8,Z,11.3,8.6,10.1
PORSCHE,PANAMERA 4 ST,FULL-SIZE,3,6,AM8,Z,11.5,9,10.4
PORSCHE,PANAMERA 4S,FULL-SIZE,2.9,6,AM8,Z,11.3,8.5,10.1
PORSCHE,PANAMERA 4S EXECUTIVE,FULL-SIZE,2.9,6,AM8,Z,11.3,8.5,10.1
PORSCHE,PANAMERA 4S ST,FULL-SIZE,2.9,6,AM8,Z,12.1,9,10.7
PORSCHE,PANAMERA TURBO,FULL-SIZE,4,8,AM8,Z,12.8,9.2,11.2
PORSCHE,PANAMERA TURBO EXECUTIVE,FULL-SIZE,4,8,AM8,Z,12.8,9.2,11.2
PORSCHE,PANAMERA TURBO ST,FULL-SIZE,4,8,AM8,Z,13.4,10.1,11.9
RAM,1500 FFV,PICKUP TRUCK - STANDARD,3.6,6,A8,X,13.9,9.6,11.9
RAM,1500 FFV,PICKUP TRUCK - STANDARD,3.6,6,A8,E,19.7,13.8,17
RAM,1500,PICKUP TRUCK - STANDARD,5.7,8,A6,X,17,12,14.8
RAM,1500,PICKUP TRUCK - STANDARD,5.7,8,A8,X,15.7,11,13.6
RAM,1500 ECODIESEL,PICKUP TRUCK - STANDARD,3,6,A8,D,11.8,8.6,10.4
RAM,1500 4X4 FFV,PICKUP TRUCK - STANDARD,3.6,6,A8,X,14.5,10.2,12.6
RAM,1500 4X4 FFV,PICKUP TRUCK - STANDARD,3.6,6,A8,E,20.7,14.7,18
RAM,1500 4X4,PICKUP TRUCK - STANDARD,5.7,8,A6,X,18.7,13.3,16.3
RAM,1500 4X4,PICKUP TRUCK - STANDARD,5.7,8,A8,X,16.1,11.5,14
RAM,1500 4X4 ECODIESEL,PICKUP TRUCK - STANDARD,3,6,A8,D,12.3,8.8,10.8
RAM,PROMASTER CITY,SPECIAL PURPOSE VEHICLE,2.4,4,A9,X,11.2,8.3,9.9
ROLLS-ROYCE,DAWN,COMPACT,6.6,12,AS8,Z,20.3,13,17
ROLLS-ROYCE,GHOST,FULL-SIZE,6.6,12,AS8,Z,20.3,13,17
ROLLS-ROYCE,GHOST EWB,FULL-SIZE,6.6,12,AS8,Z,20.3,13,17
ROLLS-ROYCE,PHANTOM,FULL-SIZE,6.7,12,AS8,Z,20,12.4,16.6
ROLLS-ROYCE,PHANTOM EWB,FULL-SIZE,6.7,12,AS8,Z,20,12.4,16.6
ROLLS-ROYCE,WRAITH,MID-SIZE,6.6,12,AS8,Z,19.6,12.9,16.6
SUBARU,BRZ,MINICOMPACT,2,4,AS6,Z,9.7,7.2,8.6
SUBARU,BRZ,MINICOMPACT,2,4,M6,Z,11.2,8.1,9.8
SUBARU,BRZ tS,MINICOMPACT,2,4,M6,Z,11.6,8.6,10.2
SUBARU,CROSSTREK AWD,SUV - SMALL,2,4,AV7,X,8.8,7.2,8.1
SUBARU,CROSSTREK AWD,SUV - SMALL,2,4,M6,X,10.5,8.1,9.4
SUBARU,FORESTER AWD,SUV - SMALL,2,4,AV8,Z,10.2,8.6,9.5
SUBARU,FORESTER AWD,SUV - SMALL,2.5,4,AV6,X,9.2,7.4,8.4
SUBARU,FORESTER AWD,SUV - SMALL,2.5,4,M6,X,10.9,8.3,9.7
SUBARU,IMPREZA 4-DOOR AWD,MID-SIZE,2,4,AV7,X,8.3,6.4,7.5
SUBARU,IMPREZA 4-DOOR AWD,MID-SIZE,2,4,M5,X,10,7.5,8.9
SUBARU,IMPREZA 5-DOOR AWD,STATION WAGON - SMALL,2,4,AV7,X,8.4,6.5,7.5
SUBARU,IMPREZA 5-DOOR AWD,STATION WAGON - SMALL,2,4,M5,X,10.1,7.7,9
SUBARU,LEGACY AWD,MID-SIZE,2.5,4,AV7,X,9.3,7,8.3
SUBARU,LEGACY AWD,MID-SIZE,3.6,6,AV6,X,11.9,8.3,10.3
SUBARU,OUTBACK AWD,SUV - SMALL,2.5,4,AV7,X,9.4,7.3,8.5
SUBARU,OUTBACK AWD,SUV - SMALL,3.6,6,AV6,X,12,8.7,10.5
SUBARU,WRX AWD,COMPACT,2,4,AV8,Z,12.6,9.6,11.2
SUBARU,WRX AWD,COMPACT,2,4,M6,Z,11.3,8.5,10
SUBARU,WRX STI AWD,COMPACT,2.5,4,M6,Z,14.1,10.5,12.5
SUBARU,WRX STI AWD TYPE RA,COMPACT,2.5,4,M6,Z,14.3,10.9,12.8
TOYOTA,4RUNNER 4WD,SUV - STANDARD,4,6,AS5,X,14.3,11.9,13.2
TOYOTA,4RUNNER 4WD (Part-Time 4WD),SUV - STANDARD,4,6,AS5,X,14.3,11.9,13.2
TOYOTA,86,MINICOMPACT,2,4,AS6,Z,9.9,7.3,8.7
TOYOTA,86,MINICOMPACT,2,4,M6,Z,11.3,8.3,9.9
TOYOTA,AVALON,MID-SIZE,3.5,6,AS6,X,11.4,7.7,9.7
TOYOTA,CAMRY,MID-SIZE,2.5,4,AS8,X,8.1,5.7,6.9
TOYOTA,CAMRY LE/SE,MID-SIZE,2.5,4,AS8,X,8.4,6,7.3
TOYOTA,CAMRY XLE/XSE,MID-SIZE,2.5,4,AS8,X,8.5,6.1,7.4
TOYOTA,CAMRY,MID-SIZE,3.5,6,AS8,X,10.5,7.1,9
TOYOTA,CAMRY XSE,MID-SIZE,3.5,6,AS8,X,10.7,7.4,9.2
TOYOTA,CAMRY HYBRID LE,MID-SIZE,2.5,4,AV6,X,4.9,4.8,4.9
TOYOTA,CAMRY HYBRID XLE/SE,MID-SIZE,2.5,4,AV6,X,5.3,5,5.1
TOYOTA,C-HR,COMPACT,2,4,AV7,X,8.7,7.5,8.2
TOYOTA,COROLLA,MID-SIZE,1.8,4,AV,X,8.3,6.5,7.5
TOYOTA,COROLLA,MID-SIZE,1.8,4,AV7,X,8.3,6.7,7.5
TOYOTA,COROLLA,MID-SIZE,1.8,4,M6,X,8.5,6.6,7.6
TOYOTA,COROLLA LE ECO (1-mode),MID-SIZE,1.8,4,AV,X,7.8,5.9,6.9
TOYOTA,COROLLA LE ECO (2-mode),MID-SIZE,1.8,4,AV,X,8,6.3,7.2
TOYOTA,COROLLA iM,MID-SIZE,1.8,4,AV7,X,8.3,6.5,7.5
TOYOTA,COROLLA iM,MID-SIZE,1.8,4,M6,X,8.8,6.8,7.9
TOYOTA,HIGHLANDER,SUV - SMALL,3.5,6,AS8,X,11.8,8.7,10.3
TOYOTA,HIGHLANDER AWD,SUV - STANDARD,3.5,6,AS8,X,12.1,9,10.6
TOYOTA,HIGHLANDER AWD (Start/Stop System),SUV - STANDARD,3.5,6,AS8,X,12,8.9,10.6
TOYOTA,HIGHLANDER AWD LE,SUV - STANDARD,3.5,6,AS8,X,11.7,8.8,10.4
TOYOTA,HIGHLANDER HYBRID AWD,SUV - STANDARD,3.5,6,AV6,X,8.1,8.5,8.3
TOYOTA,PRIUS,MID-SIZE,1.8,4,AV,X,4.3,4.6,4.5
TOYOTA,PRIUS c,COMPACT,1.5,4,AV,X,4.9,5.5,5.1
TOYOTA,PRIUS v,STATION WAGON - MID-SIZE,1.8,4,AV,X,5.5,6,5.8
TOYOTA,RAV4 LE/XLE,SUV - SMALL,2.5,4,AS6,X,10,7.8,9
TOYOTA,RAV4 AWD,SUV - SMALL,2.5,4,AS6,X,10.5,8.3,9.5
TOYOTA,RAV4 LIMITED/SE AWD,SUV - SMALL,2.5,4,AS6,X,10.7,8.4,9.7
TOYOTA,RAV4 HYBRID AWD,SUV - SMALL,2.5,4,AV6,X,6.9,7.8,7.3
TOYOTA,SEQUOIA 4WD,SUV - STANDARD,5.7,8,AS6,X,18.4,13.8,16.4
TOYOTA,SIENNA,MINIVAN,3.5,6,AS8,X,12.5,8.9,10.9
TOYOTA,SIENNA AWD,MINIVAN,3.5,6,AS8,X,13.4,9.6,11.7
TOYOTA,TACOMA,PICKUP TRUCK - SMALL,2.7,4,AS6,X,12.1,10.1,11.2
TOYOTA,TACOMA,PICKUP TRUCK - SMALL,3.5,6,AS6,X,12.6,10,11.4
TOYOTA,TACOMA 4WD,PICKUP TRUCK - SMALL,2.7,4,AS6,X,12.7,10.6,11.7
TOYOTA,TACOMA 4WD,PICKUP TRUCK - SMALL,3.5,6,AS6,X,13.2,10.7,12.1
TOYOTA,TACOMA 4WD,PICKUP TRUCK - SMALL,3.5,6,M6,X,13.8,11.4,12.7
TOYOTA,TACOMA 4WD D-CAB OFF-ROAD,PICKUP TRUCK - SMALL,3.5,6,M6,X,13.8,11.7,12.9
TOYOTA,TUNDRA,PICKUP TRUCK - STANDARD,5.7,8,AS6,X,17.7,13.6,15.9
TOYOTA,TUNDRA 4WD,PICKUP TRUCK - STANDARD,4.6,8,AS6,X,16.8,13.1,14.9
TOYOTA,TUNDRA 4WD,PICKUP TRUCK - STANDARD,5.7,8,AS6,X,18,14.2,16.3
TOYOTA,YARIS,COMPACT,1.5,4,AS6,X,7.3,5.8,6.6
TOYOTA,YARIS (SIL),COMPACT,1.5,4,M6,X,7.8,6,6.8
TOYOTA,YARIS HATCHBACK,COMPACT,1.5,4,A4,X,7.9,6.8,7.4
TOYOTA,YARIS HATCHBACK,COMPACT,1.5,4,M5,X,7.8,6.5,7.2
VOLKSWAGEN,ATLAS,SUV - SMALL,2,4,AS8,X,10.8,8.9,10
VOLKSWAGEN,ATLAS 4MOTION,SUV - SMALL,3.6,6,AS8,X,13.7,10.1,12.1
VOLKSWAGEN,BEETLE,COMPACT,2,4,AS6,X,9,7.2,8.2
VOLKSWAGEN,BEETLE CONVERTIBLE,SUBCOMPACT,2,4,AS6,X,9,7.2,8.2
VOLKSWAGEN,BEETLE DUNE,COMPACT,2,4,AS6,X,9.1,6.9,8.1
VOLKSWAGEN,BEETLE DUNE CONVERTIBLE,SUBCOMPACT,2,4,AS6,X,9.1,6.9,8.1
VOLKSWAGEN,GOLF,COMPACT,1.8,4,AS6,X,9.6,7.2,8.5
VOLKSWAGEN,GOLF,COMPACT,1.8,4,M5,X,9.3,6.9,8.2
VOLKSWAGEN,GOLF GTI,COMPACT,2,4,AM6,X,9.6,7.3,8.6
VOLKSWAGEN,GOLF GTI,COMPACT,2,4,M6,X,9.6,7.2,8.5
VOLKSWAGEN,GOLF R,COMPACT,2,4,AM7,Z,10.6,8,9.4
VOLKSWAGEN,GOLF R,COMPACT,2,4,M6,Z,11.1,8.1,9.8
VOLKSWAGEN,GOLF ALLTRACK,STATION WAGON - SMALL,1.8,4,AM6,X,10.7,8,9.4
VOLKSWAGEN,GOLF ALLTRACK,STATION WAGON - SMALL,1.8,4,M6,X,11.1,7.8,9.6
VOLKSWAGEN,GOLF SPORTWAGEN,STATION WAGON - SMALL,1.8,4,AS6,X,9.6,7.2,8.5
VOLKSWAGEN,GOLF SPORTWAGEN,STATION WAGON - SMALL,1.8,4,M5,X,9.4,6.9,8.2
VOLKSWAGEN,GOLF SPORTWAGEN 4MOTION,STATION WAGON - SMALL,1.8,4,AM6,X,10.8,8.1,9.6
VOLKSWAGEN,GOLF SPORTWAGEN 4MOTION,STATION WAGON - SMALL,1.8,4,M6,X,10.8,7.6,9.3
VOLKSWAGEN,PASSAT,MID-SIZE,2,4,AS6,X,9.3,6.5,8.1
VOLKSWAGEN,PASSAT,MID-SIZE,3.6,6,AM6,X,12.2,8.5,10.6
VOLKSWAGEN,TIGUAN,SUV - SMALL,2,4,AS8,X,10.6,8.7,9.8
VOLKSWAGEN,TIGUAN 4MOTION,SUV - SMALL,2,4,AS8,X,11.3,8.8,10.2
VOLVO,S60 T5 AWD,COMPACT,2,4,AS8,X,11,8.1,9.7
VOLVO,S60 T6 AWD,COMPACT,2,4,AS8,Z,10.9,7.7,9.4
VOLVO,S60 POLESTAR,COMPACT,2,4,AS8,Z,11.8,8.5,10.3
VOLVO,S60 CC T5 AWD,COMPACT,2,4,AS8,X,10.8,7.8,9.4
VOLVO,S90 T5 AWD,MID-SIZE,2,4,AS8,Z,10.1,7.4,8.8
VOLVO,S90 T6 AWD,MID-SIZE,2,4,AS8,Z,10.6,7.6,9.3
VOLVO,V60 T5 AWD,STATION WAGON - SMALL,2,4,AS8,X,11,8.1,9.7
VOLVO,V60 T6 AWD,STATION WAGON - SMALL,2,4,AS8,Z,10.9,7.7,9.4
VOLVO,V60 POLESTAR,STATION WAGON - SMALL,2,4,AS8,Z,11.8,8.5,10.3
VOLVO,V60 CC T5 AWD,STATION WAGON - SMALL,2,4,AS8,X,10.8,7.8,9.4
VOLVO,V90 T6 AWD,STATION WAGON - MID-SIZE,2,4,AS8,Z,10.6,7.6,9.3
VOLVO,V90 CC T5 AWD,STATION WAGON - MID-SIZE,2,4,AS8,Z,10.4,7.7,9.2
VOLVO,V90 CC T6 AWD,STATION WAGON - MID-SIZE,2,4,AS8,Z,10.9,8,9.6
VOLVO,XC60 T5 AWD,SUV - SMALL,2,4,AS8,Z,10.7,8.5,9.8
VOLVO,XC60 T6 AWD,SUV - SMALL,2,4,AS8,Z,11.4,8.7,10.2
VOLVO,XC90 T5 AWD,SUV - STANDARD,2,4,AS8,Z,10.9,8.3,9.7
VOLVO,XC90 T6 AWD,SUV - STANDARD,2,4,AS8,Z,11.5,8.8,10.3
ACURA,ILX,COMPACT,2.4,4,AM8,Z,9.9,7,8.6
ACURA,MDX SH-AWD,SUV - SMALL,3.5,6,AS9,Z,12.2,9,10.8
ACURA,MDX SH-AWD A-SPEC,SUV - SMALL,3.5,6,AS9,Z,12.2,9.5,11
ACURA,MDX Hybrid AWD,SUV - SMALL,3,6,AM7,Z,9.1,9,9
ACURA,NSX,TWO-SEATER,3.5,6,AM9,Z,11.1,10.8,11
ACURA,RDX AWD,SUV - SMALL,2,4,AS10,Z,11,8.6,9.9
ACURA,RDX AWD A-SPEC,SUV - SMALL,2,4,AS10,Z,11.3,9.1,10.3
ACURA,RLX Hybrid,MID-SIZE,3.5,6,AM7,Z,8.4,8.2,8.4
ACURA,TLX,COMPACT,2.4,4,AM8,Z,10,7.1,8.7
ACURA,TLX A-SPEC,COMPACT,2.4,4,AM8,Z,10.2,7.4,8.9
ACURA,TLX SH-AWD,COMPACT,3.5,6,AS9,Z,11.4,7.7,9.8
ACURA,TLX SH-AWD A-SPEC,COMPACT,3.5,6,AS9,Z,12,8.2,10.3
ALFA ROMEO,4C Coupe,TWO-SEATER,1.8,4,AM6,Z,9.7,6.9,8.4
ALFA ROMEO,4C Spider,TWO-SEATER,1.8,4,AM6,Z,9.7,6.9,8.4
ALFA ROMEO,Giulia,MID-SIZE,2,4,A8,Z,10,7.2,8.7
ALFA ROMEO,Giulia AWD,MID-SIZE,2,4,A8,Z,10.5,7.7,9.2
ALFA ROMEO,Giulia Quadrifoglio,MID-SIZE,2.9,6,A8,Z,13.8,9.6,11.9
ALFA ROMEO,Stelvio,SUV - SMALL,2,4,A8,Z,10.3,8.1,9.3
ALFA ROMEO,Stelvio AWD,SUV - SMALL,2,4,A8,Z,10.8,8.3,9.6
ALFA ROMEO,Stelvio AWD Quadrifoglio,SUV - SMALL,2.9,6,A8,Z,14.1,10.4,12.4
ASTON MARTIN,DB11 V8,MINICOMPACT,4,8,A8,Z,13,9.8,11.5
ASTON MARTIN,DB11 AMR,MINICOMPACT,5.2,12,A8,Z,15.5,10.6,13.3
ASTON MARTIN,DBS Superleggera,MINICOMPACT,5.2,12,A8,Z,16.4,10.7,13.8
ASTON MARTIN,Rapide AMR,SUBCOMPACT,6,12,A8,Z,16.7,10.9,14.1
ASTON MARTIN,Vanquish Zagato,MINICOMPACT,6,12,A8,Z,17.5,11.4,14.7
ASTON MARTIN,Vantage V8,TWO-SEATER,4,8,A8,Z,12.7,9.4,11.2
AUDI,A3,SUBCOMPACT,2,4,AM7,X,9.1,6.8,8.1
AUDI,A3 quattro,SUBCOMPACT,2,4,AM7,X,10.9,7.9,9.6
AUDI,A3 Cabriolet quattro,SUBCOMPACT,2,4,AM7,X,10.7,7.9,9.5
AUDI,A4,COMPACT,2,4,AM7,Z,8.6,6.9,7.8
AUDI,A4 quattro,COMPACT,2,4,AM7,Z,10,7,8.7
AUDI,A4 allroad quattro,STATION WAGON - SMALL,2,4,AM7,Z,10.7,8,9.5
AUDI,A5 quattro,SUBCOMPACT,2,4,AM7,Z,10,7,8.7
AUDI,A5 Cabriolet quattro,SUBCOMPACT,2,4,AM7,Z,10,7,8.7
AUDI,A5 Sportback quattro,MID-SIZE,2,4,AM7,Z,10,7,8.7
AUDI,A6 quattro,MID-SIZE,3,6,AM7,Z,10.7,8.2,9.6
AUDI,A7 quattro,MID-SIZE,3,6,AM7,Z,10.7,8.2,9.6
AUDI,A8L,FULL-SIZE,3,6,AS8,Z,12.5,8.6,10.8
AUDI,Q3 quattro,SUV - SMALL,2,4,AS8,X,12.3,8.6,10.6
AUDI,Q5,SUV - SMALL,2,4,AM7,Z,10.9,8.7,9.9
AUDI,Q7,SUV - STANDARD,2,4,AS8,Z,12.2,9.5,11
AUDI,Q7,SUV - STANDARD,3,6,AS8,Z,12.6,9.4,11.1
AUDI,Q8,SUV - STANDARD,3,6,AS8,Z,14,10.7,12.5
AUDI,RS 3,SUBCOMPACT,2.5,5,AM7,Z,12.4,8.4,10.6
AUDI,RS 5 Coupe,SUBCOMPACT,2.9,6,AS8,Z,13.3,8.7,11.3
AUDI,RS 5 Sportback,MID-SIZE,2.9,6,AS8,Z,13.5,9,11.5
AUDI,S3,SUBCOMPACT,2,4,AM7,Z,10.7,8,9.5
AUDI,S4,COMPACT,3,6,AS8,Z,11.3,8,9.8
AUDI,S5,SUBCOMPACT,3,6,AS8,Z,11.3,8,9.8
AUDI,S5 Cabriolet,SUBCOMPACT,3,6,AS8,Z,11.4,8.2,9.9
AUDI,S5 Sportback,MID-SIZE,3,6,AS8,Z,11.3,8,9.8
AUDI,SQ5,SUV - SMALL,3,6,AS8,Z,12.7,10,11.5
AUDI,TT Coupe quattro,SUBCOMPACT,2,4,AM7,X,10.3,7.7,9.2
AUDI,TT Roadster quattro,TWO-SEATER,2,4,AM7,X,10.3,7.7,9.2
AUDI,TT RS Coupe,SUBCOMPACT,2.5,5,AM7,Z,12,8.3,10.3
AUDI,TTS Coupe,SUBCOMPACT,2,4,AM7,Z,10.4,8.2,9.4
BENTLEY,Bentayga,SUV - STANDARD,4,8,AS8,Z,16.4,10.1,13.6
BENTLEY,Mulsanne,MID-SIZE,6.8,8,AS8,Z,24.5,14.4,20
BMW,230i xDrive Cabriolet,SUBCOMPACT,2,4,AS8,Z,10.2,7.2,8.8
BMW,230i xDrive Coupe,SUBCOMPACT,2,4,AS8,Z,9.9,7.1,8.6
BMW,330i xDrive,COMPACT,2,4,AS8,Z,9.5,6.9,8.3
BMW,330i xDrive Gran Turismo,FULL-SIZE,2,4,AS8,Z,10.2,7.2,8.8
BMW,330i xDrive Touring,STATION WAGON - SMALL,2,4,AS8,Z,10.2,7.2,8.8
BMW,430i xDrive Cabriolet,SUBCOMPACT,2,4,AS8,Z,10.6,7.3,9.1
BMW,430i xDrive Coupe,COMPACT,2,4,AS8,Z,10.2,7.2,8.8
BMW,430i xDrive Gran Coupe,COMPACT,2,4,AS8,Z,10.2,7.2,8.8
BMW,440i Coupe,COMPACT,3,6,AS8,Z,11.2,7.3,9.4
BMW,440i Coupe,COMPACT,3,6,M6,Z,12.8,8.8,11
BMW,440i xDrive Cabriolet,SUBCOMPACT,3,6,AS8,Z,11.8,7.9,10
BMW,440i xDrive Coupe,COMPACT,3,6,AS8,Z,11.4,7.6,9.7
BMW,440i xDrive Coupe,COMPACT,3,6,M6,Z,13,8.5,11
BMW,440i xDrive Gran Coupe,COMPACT,3,6,AS8,Z,11.4,7.6,9.7
BMW,530i xDrive,MID-SIZE,2,4,AS8,Z,10.2,7.2,8.8
BMW,540i xDrive,MID-SIZE,3,6,AS8,Z,11.2,8.1,9.8
BMW,640i xDrive Gran Coupe,COMPACT,3,6,AS8,Z,12.3,8.4,10.5
BMW,640i xDrive Gran Turismo,FULL-SIZE,3,6,AS8,Z,11.9,8.4,10.3
BMW,650i xDrive Gran Coupe,COMPACT,4.4,8,AS8,Z,14,9.6,12
BMW,750i xDrive,FULL-SIZE,4.4,8,AS8,Z,13.3,9.2,11.5
BMW,750Li xDrive,FULL-SIZE,4.4,8,AS8,Z,14,9.6,12
BMW,Alpina B6 xDrive Gran Coupe,COMPACT,4.4,8,AS8,Z,14,9.6,12
BMW,Alpina B7 xDrive,FULL-SIZE,4.4,8,AS8,Z,14,9.6,12
BMW,M2 Competition,SUBCOMPACT,3,6,AM7,Z,14.3,10.4,12.6
BMW,M2 Competition,SUBCOMPACT,3,6,M6,Z,13.4,9.6,11.7
BMW,M240i Cabriolet,SUBCOMPACT,3,6,AS8,Z,11.2,7.8,9.7
BMW,M240i Cabriolet,SUBCOMPACT,3,6,M6,Z,12.8,8.8,11
BMW,M240i Coupe,SUBCOMPACT,3,6,AS8,Z,11.2,7.8,9.7
BMW,M240i Coupe,SUBCOMPACT,3,6,M6,Z,12.8,8.8,11
BMW,M240i Coupe M Performance,SUBCOMPACT,3,6,AS8,Z,11.2,7.8,9.7
BMW,M240i Coupe M Performance,SUBCOMPACT,3,6,M6,Z,12.8,8.8,11
BMW,M240i xDrive Cabriolet,SUBCOMPACT,3,6,AS8,Z,11.3,8,9.8
BMW,M240i xDrive Coupe,SUBCOMPACT,3,6,AS8,Z,11.3,8,9.8
BMW,M240i xDrive Coupe M Performance,SUBCOMPACT,3,6,AS8,Z,11.3,8,9.8
BMW,M4 Cabriolet,SUBCOMPACT,3,6,AM7,Z,14.5,10.5,12.7
BMW,M4 Cabriolet,SUBCOMPACT,3,6,M6,Z,13.8,9.4,11.9
BMW,M4 Cabriolet Competition,SUBCOMPACT,3,6,AM7,Z,14.5,10.5,12.7
BMW,M4 Cabriolet Competition,SUBCOMPACT,3,6,M6,Z,13.8,9.4,11.9
BMW,M4 Coupe,COMPACT,3,6,AM7,Z,14.3,10.4,12.6
BMW,M4 Coupe,COMPACT,3,6,M6,Z,13.4,9.6,11.7
BMW,M4 Coupe Competition,COMPACT,3,6,AM7,Z,14.3,10.4,12.6
BMW,M4 Coupe Competition,COMPACT,3,6,M6,Z,13.4,9.6,11.7
BMW,M4 CS,COMPACT,3,6,AM7,Z,14.3,10.4,12.6
BMW,M5,MID-SIZE,4.4,8,AS8,Z,16,11.2,13.9
BMW,M5 Competition,MID-SIZE,4.4,8,AS8,Z,16,11.2,13.9
BMW,M550i xDrive,MID-SIZE,4.4,8,AS8,Z,13.3,9.2,11.5
BMW,M6 Gran Coupe,COMPACT,4.4,8,AM7,Z,17.3,11.6,14.7
BMW,M760Li xDrive,FULL-SIZE,6.6,12,AS8,Z,17.7,11.9,15.1
BMW,M850i xDrive Cabriolet,SUBCOMPACT,4.4,8,AS8,Z,13.5,9.2,11.6
BMW,M850i xDrive Coupe,SUBCOMPACT,4.4,8,AS8,Z,13.3,9.2,11.5
BMW,X1 xDrive28i,SUV - SMALL,2,4,AS8,Z,10.7,7.5,9.3
BMW,X2 xDrive28i,SUV - SMALL,2,4,AS8,Z,11,7.7,9.5
BMW,X3 xDrive30i,SUV - SMALL,2,4,AS8,Z,10.8,8,9.6
BMW,X3 M40i,SUV - SMALL,3,6,AS8,Z,11.9,8.7,10.4
BMW,X4 xDrive30i,SUV - SMALL,2,4,AS8,Z,10.8,8,9.6
BMW,X4 M40i,SUV - SMALL,3,6,AS8,Z,11.9,8.7,10.4
BMW,X5 xDrive40i,SUV - STANDARD,3,6,AS8,Z,11.7,9.1,10.5
BMW,X5 xDrive50i,SUV - STANDARD,4.4,8,AS8,Z,15.3,11.1,13.4
BMW,X6 xDrive35i,SUV - STANDARD,3,6,AS8,Z,13,9.9,11.6
BMW,X6 xDrive50i,SUV - STANDARD,4.4,8,AS8,Z,14.3,10.6,12.6
BMW,X6 M,SUV - STANDARD,4.4,8,AS8,Z,16.6,12.1,14.6
BMW,X7 xDrive40i,SUV - STANDARD,3,6,AS8,Z,12,9.4,10.8
BMW,X7 xDrive50i,SUV - STANDARD,4.4,8,AS8,Z,14.3,10.6,12.6
BUGATTI,Chiron,TWO-SEATER,8,16,AM7,Z,26.8,16.6,22.2
BUICK,Enclave,SUV - STANDARD,3.6,6,A9,X,13,9.1,11.2
BUICK,Enclave AWD,SUV - STANDARD,3.6,6,A9,X,13.8,9.5,11.9
BUICK,Encore,SUV - SMALL,1.4,4,AS6,X,9.4,7.8,8.7
BUICK,Encore (SIDI with Stop/Start),SUV - SMALL,1.4,4,AS6,X,8.9,7.5,8.3
BUICK,Encore AWD,SUV - SMALL,1.4,4,AS6,X,9.9,8.1,9.1
BUICK,Encore AWD (SIDI with Stop/Start),SUV - SMALL,1.4,4,AS6,X,9.4,7.9,8.8
BUICK,Envision AWD,SUV - SMALL,2,4,A9,Z,11.7,9.4,10.7
BUICK,Envision AWD,SUV - SMALL,2.5,4,A6,X,11.1,8.6,10
BUICK,LaCrosse,MID-SIZE,3.6,6,AS9,X,11.7,7.8,9.9
BUICK,LaCrosse eAssist,MID-SIZE,2.5,4,AS6,X,9.4,6.8,8.2
BUICK,LaCrosse AWD,MID-SIZE,3.6,6,AS9,X,11.7,8.2,10.1
BUICK,Regal,MID-SIZE,2,4,AS9,Z,10.6,7.4,9.1
BUICK,Regal AWD,MID-SIZE,2,4,AS8,Z,11,8,9.6
BUICK,Regal AWD,MID-SIZE,3.6,6,AS9,X,12.4,8.7,10.7
CADILLAC,CT6 AWD,FULL-SIZE,3,6,AS10,Z,13.1,9.1,11.3
CADILLAC,CT6 AWD,FULL-SIZE,3.6,6,AS10,X,13,8.8,11.1
CADILLAC,CT6 AWD,FULL-SIZE,4.2,8,AS10,Z,17.3,9.5,13.8
CADILLAC,CTS,MID-SIZE,2,4,AS8,Z,11,7.8,9.5
CADILLAC,CTS,MID-SIZE,3.6,6,AS8,X,12.3,8.2,10.5
CADILLAC,CTS AWD,MID-SIZE,2,4,AS8,Z,11.4,8.1,9.9
CADILLAC,CTS AWD,MID-SIZE,3.6,6,AS8,X,13.3,9.2,11.5
CADILLAC,CTS Vsport,MID-SIZE,3.6,6,AS8,Z,15,9.9,12.7
CADILLAC,CTS-V,MID-SIZE,6.2,8,AS8,Z,17.1,11,14.3
CADILLAC,Escalade 4WD,SUV - STANDARD,6.2,8,A10,Z,16.6,10.9,14
CADILLAC,XT4,SUV - SMALL,2,4,AS9,Z,9.8,7.8,8.9
CADILLAC,XT4 AWD,SUV - SMALL,2,4,AS9,Z,10.9,8.2,9.7
CADILLAC,XT5,SUV - SMALL,3.6,6,AS8,X,12.1,8.9,10.6
CADILLAC,XT5 AWD,SUV - SMALL,3.6,6,AS8,X,12.8,9.3,11.2
CADILLAC,XTS,FULL-SIZE,3.6,6,AS6,X,12.9,8.7,11
CADILLAC,XTS AWD,FULL-SIZE,3.6,6,AS6,X,13.7,9,11.6
CADILLAC,XTS Vsport AWD,FULL-SIZE,3.6,6,AS6,Z,15,10.1,12.8
CHEVROLET,Blazer,SUV - SMALL,2.5,4,A9,X,10.8,8.8,9.9
CHEVROLET,Blazer,SUV - SMALL,3.6,6,A9,X,12,9,10.6
CHEVROLET,Blazer AWD,SUV - SMALL,3.6,6,A9,X,12.7,9.5,11.3
CHEVROLET,Camaro,SUBCOMPACT,2,4,AS8,Z,10.8,7.7,9.4
CHEVROLET,Camaro,SUBCOMPACT,2,4,M6,Z,11.9,7.9,10.1
CHEVROLET,Camaro,SUBCOMPACT,3.6,6,AS8,X,12.3,8.2,10.4
CHEVROLET,Camaro,SUBCOMPACT,3.6,6,M6,X,14.3,8.8,11.8
CHEVROLET,Camaro SS,SUBCOMPACT,6.2,8,AS10,Z,14.5,8.8,12
CHEVROLET,Camaro SS,SUBCOMPACT,6.2,8,M6,Z,14.9,9.9,12.6
CHEVROLET,Camaro ZL1,SUBCOMPACT,6.2,8,AS10,Z,18.3,11.2,15.1
CHEVROLET,Camaro ZL1,SUBCOMPACT,6.2,8,M6,Z,17.2,12,14.9
CHEVROLET,Colorado,PICKUP TRUCK - SMALL,2.5,4,A6,X,12.1,9.2,10.8
CHEVROLET,Colorado,PICKUP TRUCK - SMALL,2.5,4,M6,X,11.9,9.2,10.7
CHEVROLET,Colorado,PICKUP TRUCK - SMALL,2.8,4,A6,D,11.8,7.9,10.1
CHEVROLET,Colorado,PICKUP TRUCK - SMALL,3.6,6,A8,X,13.4,9.6,11.7
CHEVROLET,Colorado 4WD,PICKUP TRUCK - SMALL,2.5,4,A6,X,12.7,9.8,11.4
CHEVROLET,Colorado 4WD,PICKUP TRUCK - SMALL,2.8,4,A6,D,12.2,8.4,10.5
CHEVROLET,Colorado 4WD,PICKUP TRUCK - SMALL,3.6,6,A8,X,14,9.9,12.2
CHEVROLET,Colorado ZR2 4WD,PICKUP TRUCK - SMALL,2.8,4,A6,D,13.3,10.6,12.1
CHEVROLET,Colorado ZR2 4WD,PICKUP TRUCK - SMALL,3.6,6,A8,X,15,13,14.1
CHEVROLET,Corvette,TWO-SEATER,6.2,8,AS8,Z,15.6,9.2,12.7
CHEVROLET,Corvette,TWO-SEATER,6.2,8,M7,Z,14.6,9.3,12.2
CHEVROLET,Corvette Z06,TWO-SEATER,6.2,8,AS8,Z,17.2,10.1,14
CHEVROLET,Corvette Z06,TWO-SEATER,6.2,8,M7,Z,15.9,10.6,13.5
CHEVROLET,Corvette ZR1,TWO-SEATER,6.2,8,AS8,Z,19.5,12,16.1
CHEVROLET,Corvette ZR1,TWO-SEATER,6.2,8,M7,Z,18.2,12.5,15.6
CHEVROLET,Cruze,COMPACT,1.4,4,AS6,X,8.3,6.2,7.3
CHEVROLET,Cruze Premier,COMPACT,1.4,4,AS6,X,8.3,6.2,7.3
CHEVROLET,Cruze Diesel,COMPACT,1.6,4,A9,D,7.6,4.9,6.4
CHEVROLET,Cruze Hatchback,MID-SIZE,1.4,4,AS6,X,8.3,6.2,7.3
CHEVROLET,Cruze Hatchback Premier,MID-SIZE,1.4,4,AS6,X,8.5,6.4,7.5
CHEVROLET,Cruze Hatchback Diesel,MID-SIZE,1.6,4,A9,D,7.8,5.2,6.6
CHEVROLET,Equinox,SUV - SMALL,1.5,4,A6,X,9.2,7.3,8.3
CHEVROLET,Equinox,SUV - SMALL,1.6,4,A6,D,8.5,6,7.4
CHEVROLET,Equinox AWD,SUV - SMALL,1.5,4,A6,X,9.3,7.8,8.6
CHEVROLET,Equinox AWD,SUV - SMALL,1.6,4,A6,D,8.5,6.1,7.4
CHEVROLET,Equinox AWD,SUV - SMALL,2,4,A9,Z,10.9,8.3,9.7
CHEVROLET,Impala,FULL-SIZE,2.5,4,AS6,X,10.8,8,9.6
CHEVROLET,Impala,FULL-SIZE,3.6,6,AS6,X,12.7,8.5,10.8
CHEVROLET,Impala,FULL-SIZE,3.6,6,AS6,E,17.2,11.6,14.6
CHEVROLET,Malibu,MID-SIZE,1.5,4,AV,X,8.2,6.6,7.5
CHEVROLET,Malibu,MID-SIZE,2,4,A9,Z,10.5,7.4,9.1
CHEVROLET,Malibu Hybrid,MID-SIZE,1.8,4,AV,X,4.8,5.5,5.1
CHEVROLET,Silverado,PICKUP TRUCK - STANDARD,2.7,4,A8,X,11.9,10.3,11.1
CHEVROLET,Silverado,PICKUP TRUCK - STANDARD,4.3,6,A6,X,15.1,11.5,13.5
CHEVROLET,Silverado,PICKUP TRUCK - STANDARD,5.3,8,A6,X,15.9,11.4,13.9
CHEVROLET,Silverado FFV,PICKUP TRUCK - STANDARD,5.3,8,A6,X,15.7,11.9,14
CHEVROLET,Silverado FFV,PICKUP TRUCK - STANDARD,5.3,8,A6,E,21.1,15,18.4
CHEVROLET,Silverado,PICKUP TRUCK - STANDARD,5.3,8,A8,X,14.1,10.2,12.4
CHEVROLET,Silverado 4WD,PICKUP TRUCK - STANDARD,2.7,4,A8,X,12.5,10.8,11.7
CHEVROLET,Silverado 4WD,PICKUP TRUCK - STANDARD,4.3,6,A6,X,15.8,11.9,14
CHEVROLET,Silverado 4WD Trail Boss,PICKUP TRUCK - STANDARD,4.3,6,A6,X,16.3,12.9,14.8
CHEVROLET,Silverado 4WD,PICKUP TRUCK - STANDARD,5.3,8,A6,X,15.9,11.7,14
CHEVROLET,Silverado 4WD FFV,PICKUP TRUCK - STANDARD,5.3,8,A6,X,16.1,12.5,14.4
CHEVROLET,Silverado 4WD FFV,PICKUP TRUCK - STANDARD,5.3,8,A6,E,22,16.1,19.3
CHEVROLET,Silverado 4WD Trail Boss,PICKUP TRUCK - STANDARD,5.3,8,A6,X,16.5,13,14.9
CHEVROLET,Silverado 4WD,PICKUP TRUCK - STANDARD,5.3,8,A8,X,14.9,10.8,13.1
CHEVROLET,Silverado 4WD Trail Boss,PICKUP TRUCK - STANDARD,5.3,8,A8,X,15.3,11.8,13.7
CHEVROLET,Silverado 4WD,PICKUP TRUCK - STANDARD,6.2,8,A10,Z,15,12,13.7
CHEVROLET,Silverado LD,PICKUP TRUCK - STANDARD,5.3,8,A6,X,15.6,10.9,13.5
CHEVROLET,Silverado LD 4WD,PICKUP TRUCK - STANDARD,5.3,8,A6,X,15.8,11.4,13.8
CHEVROLET,Spark,SUBCOMPACT,1.4,4,AV,X,7.9,6.2,7.1
CHEVROLET,Spark,SUBCOMPACT,1.4,4,M5,X,8,6.2,7.2
CHEVROLET,Suburban,SUV - STANDARD,5.3,8,A6,X,15.7,10.5,13.4
CHEVROLET,Suburban FFV,SUV - STANDARD,5.3,8,A6,X,15.7,10.5,13.4
CHEVROLET,Suburban FFV,SUV - STANDARD,5.3,8,A6,E,21.2,13.9,17.9
CHEVROLET,Suburban 4WD,SUV - STANDARD,5.3,8,A6,X,16.8,11.3,14.3
CHEVROLET,Suburban 4WD FFV,SUV - STANDARD,5.3,8,A6,X,16.8,11.3,14.3
CHEVROLET,Suburban 4WD FFV,SUV - STANDARD,5.3,8,A6,E,22.2,15.2,19
CHEVROLET,Suburban 4WD,SUV - STANDARD,6.2,8,A10,Z,17.1,11.3,14.5
CHEVROLET,Tahoe,SUV - STANDARD,5.3,8,A6,X,15.7,10.5,13.4
CHEVROLET,Tahoe FFV,SUV - STANDARD,5.3,8,A6,X,15.7,10.5,13.4
CHEVROLET,Tahoe FFV,SUV - STANDARD,5.3,8,A6,E,21.2,13.9,17.9
CHEVROLET,Tahoe 4WD,SUV - STANDARD,5.3,8,A6,X,15.8,11.1,13.7
CHEVROLET,Tahoe 4WD FFV,SUV - STANDARD,5.3,8,A6,X,15.8,11.1,13.7
CHEVROLET,Tahoe 4WD FFV,SUV - STANDARD,5.3,8,A6,E,21.7,14.3,18.4
CHEVROLET,Tahoe 4WD,SUV - STANDARD,6.2,8,A10,Z,16.4,10.7,13.8
CHEVROLET,Traverse,SUV - STANDARD,3.6,6,A9,X,13,8.8,11.1
CHEVROLET,Traverse AWD,SUV - STANDARD,3.6,6,A9,X,13.7,9.5,11.8
CHEVROLET,Trax,SUV - SMALL,1.4,4,AS6,X,9.1,7.6,8.4
CHEVROLET,Trax,SUV - SMALL,1.4,4,M6,X,9.4,6.9,8.3
CHEVROLET,Trax 4WD,SUV - SMALL,1.4,4,AS6,X,9.9,8.1,9.1
CHRYSLER,300,FULL-SIZE,3.6,6,A8,X,12.4,7.8,10.3
CHRYSLER,300 FFV,FULL-SIZE,3.6,6,A8,X,12.4,7.8,10.3
CHRYSLER,300 FFV,FULL-SIZE,3.6,6,A8,E,17.1,10.6,14.2
CHRYSLER,300,FULL-SIZE,5.7,8,A8,X,14.7,9.4,12.3
CHRYSLER,300 AWD,FULL-SIZE,3.6,6,A8,X,12.8,8.7,11
CHRYSLER,300 AWD FFV,FULL-SIZE,3.6,6,A8,X,12.8,8.7,11
CHRYSLER,300 AWD FFV,FULL-SIZE,3.6,6,A8,E,17.6,12,15
CHRYSLER,Pacifica,MINIVAN,3.6,6,A9,X,12.9,8.4,10.9
CHRYSLER,Pacifica (Stop-Start),MINIVAN,3.6,6,A9,X,12.4,8.4,10.6
DODGE,Challenger,MID-SIZE,3.6,6,A8,X,12.4,7.8,10.3
DODGE,Challenger,MID-SIZE,5.7,8,M6,Z,15.6,10.1,13.1
DODGE,Challenger,MID-SIZE,6.4,8,M6,Z,16.7,10.4,13.9
DODGE,Challenger (MDS),MID-SIZE,5.7,8,A8,X,14.7,9.4,12.3
DODGE,Challenger (MDS),MID-SIZE,6.4,8,A8,Z,15.8,9.6,13
DODGE,Challenger GT AWD,MID-SIZE,3.6,6,A8,X,12.8,8.7,11
DODGE,Challenger SRT Hellcat,MID-SIZE,6.2,8,A8,Z,17.6,10.7,14.5
DODGE,Challenger SRT Hellcat,MID-SIZE,6.2,8,M6,Z,18.1,11.4,15.1
DODGE,Challenger SRT Hellcat Redeye,MID-SIZE,6.2,8,A8,Z,17.6,10.7,14.5
DODGE,Charger,FULL-SIZE,3.6,6,A5,X,13.7,9,11.6
DODGE,Charger FFV,FULL-SIZE,3.6,6,A5,X,13.7,9,11.6
DODGE,Charger FFV,FULL-SIZE,3.6,6,A5,E,18.9,12.7,16.1
DODGE,Charger,FULL-SIZE,3.6,6,A8,X,12.4,7.8,10.3
DODGE,Charger FFV,FULL-SIZE,3.6,6,A8,X,12.4,7.8,10.3
DODGE,Charger FFV,FULL-SIZE,3.6,6,A8,E,17.1,10.6,14.2
DODGE,Charger (MDS),FULL-SIZE,5.7,8,A5,X,15.6,9.7,12.9
DODGE,Charger (MDS),FULL-SIZE,5.7,8,A8,X,14.7,9.4,12.3
DODGE,Charger (MDS),FULL-SIZE,6.4,8,A8,Z,15.8,9.6,13
DODGE,Charger AWD,FULL-SIZE,3.6,6,A8,X,12.8,8.7,11
DODGE,Charger AWD FFV,FULL-SIZE,3.6,6,A8,X,12.8,8.7,11
DODGE,Charger AWD FFV,FULL-SIZE,3.6,6,A8,E,17.6,12,15
DODGE,Charger AWD (MDS),FULL-SIZE,5.7,8,A5,X,16,10.1,13.3
DODGE,Charger SRT Hellcat,FULL-SIZE,6.2,8,A8,Z,17.6,10.7,14.5
DODGE,Durango AWD,SUV - STANDARD,3.6,6,A8,X,12.7,9.6,11.3
DODGE,Durango AWD,SUV - STANDARD,5.7,8,A8,X,16.7,10.9,14.1
DODGE,Durango AWD SRT,SUV - STANDARD,6.4,8,A8,Z,18.3,12.2,15.6
DODGE,Grand Caravan FFV,MINIVAN,3.6,6,A6,X,13.7,9.4,11.8
DODGE,Grand Caravan FFV,MINIVAN,3.6,6,A6,E,19.4,13.3,16.7
DODGE,Journey,SUV - SMALL,2.4,4,A4,X,12.7,9.2,11.1
DODGE,Journey FFV,SUV - SMALL,3.6,6,A6,X,14.2,9.5,12.1
DODGE,Journey FFV,SUV - SMALL,3.6,6,A6,E,19.1,13.2,16.4
DODGE,Journey AWD,SUV - SMALL,3.6,6,A6,X,14.5,10,12.4
FIAT,124 Spider,TWO-SEATER,1.4,4,A6,X,9.3,6.5,8
FIAT,124 Spider,TWO-SEATER,1.4,4,M6,X,9,6.7,7.9
FIAT,500,MINICOMPACT,1.4,4,A6,X,9.7,7.4,8.7
FIAT,500,MINICOMPACT,1.4,4,M5,X,8.5,7.1,7.9
FIAT,500L,STATION WAGON - SMALL,1.4,4,A6,X,10.7,7.9,9.4
FIAT,500X AWD,SUV - SMALL,1.3,4,A9,X,10,7.9,9.1
FORD,EcoSport,SUV - SMALL,1,3,AS6,X,8.6,8.1,8.4
FORD,EcoSport AWD,SUV - SMALL,2,4,AS6,X,10.2,8,9.3
FORD,Edge,SUV - SMALL,2,4,AS8,X,10.9,8,9.6
FORD,Edge AWD,SUV - SMALL,2,4,AS8,X,11.4,8.3,10
FORD,Edge AWD,SUV - SMALL,2.7,6,AS8,X,12.6,9.2,11
FORD,Escape,SUV - SMALL,1.5,4,AS6,X,10.2,7.8,9.1
FORD,Escape FFV,SUV - SMALL,2.5,4,AS6,X,11,8,9.6
FORD,Escape FFV,SUV - SMALL,2.5,4,AS6,E,15,10.8,13.1
FORD,Escape AWD,SUV - SMALL,1.5,4,AS6,X,11.2,8.4,9.9
FORD,Escape AWD,SUV - SMALL,2,4,AS6,X,11.5,8.7,10.2
FORD,Expedition 4X4,SUV - STANDARD,3.5,6,AS10,X,14.1,10.6,12.5
FORD,Expedition MAX 4X4,SUV - STANDARD,3.5,6,AS10,X,14.7,11.2,13.1
FORD,Explorer AWD,SUV - STANDARD,2.3,4,AS6,X,13.1,9.2,11.4
FORD,Explorer AWD,SUV - STANDARD,3.5,6,AS6,X,15.2,10.9,13.2
FORD,Explorer FFV AWD,SUV - STANDARD,3.5,6,AS6,X,14.5,10.6,12.7
FORD,Explorer FFV AWD,SUV - STANDARD,3.5,6,AS6,E,19.8,14.3,17.3
FORD,F-150,PICKUP TRUCK - STANDARD,2.7,6,AS10,X,12,9,10.6
FORD,F-150 (LT Tire Pkg),PICKUP TRUCK - STANDARD,2.7,6,AS10,X,12.4,9.4,11.1
FORD,F-150 (Payload Pkg),PICKUP TRUCK - STANDARD,2.7,6,AS10,X,12.4,9.4,11.1
FORD,F-150,PICKUP TRUCK - STANDARD,3,6,AS10,D,10.8,8,9.5
FORD,F-150 (LT Tire Pkg),PICKUP TRUCK - STANDARD,3,6,AS10,D,10.8,8.4,9.7
FORD,F-150 FFV,PICKUP TRUCK - STANDARD,3.3,6,AS6,X,12.2,9.3,10.9
FORD,F-150 FFV,PICKUP TRUCK - STANDARD,3.3,6,AS6,E,16.7,12.6,14.9
FORD,F-150 FFV (LT Tire Pkg),PICKUP TRUCK - STANDARD,3.3,6,AS6,X,12.4,9.8,11.2
FORD,F-150 FFV (LT Tire Pkg),PICKUP TRUCK - STANDARD,3.3,6,AS6,E,16.7,12.6,14.9
FORD,F-150,PICKUP TRUCK - STANDARD,3.5,6,AS10,X,13.5,10.1,12
FORD,F-150 (LT Tire Pkg),PICKUP TRUCK - STANDARD,3.5,6,AS10,X,13.8,10.7,12.4
FORD,F-150 (Payload Pkg),PICKUP TRUCK - STANDARD,3.5,6,AS10,X,13.9,11.2,12.7
FORD,F-150 FFV,PICKUP TRUCK - STANDARD,5,8,AS10,X,13.9,10.2,12.2
FORD,F-150 FFV,PICKUP TRUCK - STANDARD,5,8,AS10,E,20.3,14,17.4
FORD,F-150 FFV (LT Tire Pkg),PICKUP TRUCK - STANDARD,5,8,AS10,X,14.7,11.2,13.1
FORD,F-150 FFV (LT Tire Pkg),PICKUP TRUCK - STANDARD,5,8,AS10,E,20.3,14,17.5
FORD,F-150 FFV (Payload Pkg),PICKUP TRUCK - STANDARD,5,8,AS10,X,15.6,11.8,13.9
FORD,F-150 FFV (Payload Pkg),PICKUP TRUCK - STANDARD,5,8,AS10,E,20.4,14,17.5
FORD,F-150 4X4,PICKUP TRUCK - STANDARD,2.7,6,AS10,X,12.7,9.8,11.4
FORD,F-150 4X4 (LT Tire Pkg),PICKUP TRUCK - STANDARD,2.7,6,AS10,X,13.1,10.2,11.8
FORD,F-150 4X4 (Payload Pkg),PICKUP TRUCK - STANDARD,2.7,6,AS10,X,13.1,10.2,11.8
FORD,F-150 4X4,PICKUP TRUCK - STANDARD,3,6,AS10,D,11.8,9.3,10.7
FORD,F-150 4X4 (LT Tire Pkg),PICKUP TRUCK - STANDARD,3,6,AS10,D,11.8,9.3,10.7
FORD,F-150 4X4 XL/XLT,PICKUP TRUCK - STANDARD,3,6,AS10,D,11.2,8.3,9.9
FORD,F-150 FFV 4X4,PICKUP TRUCK - STANDARD,3.3,6,AS6,X,12.8,10.2,11.6
FORD,F-150 FFV 4X4,PICKUP TRUCK - STANDARD,3.3,6,AS6,E,17.5,13.8,15.8
FORD,F-150 FFV 4X4 (LT Tire Pkg),PICKUP TRUCK - STANDARD,3.3,6,AS6,X,13.8,10.7,12.4
FORD,F-150 FFV 4X4 (LT Tire Pkg),PICKUP TRUCK - STANDARD,3.3,6,AS6,E,17.5,13.7,15.8
FORD,F-150 4X4,PICKUP TRUCK - STANDARD,3.5,6,AS10,X,14.3,10.5,12.5
FORD,F-150 4X4 (LT Tire Pkg),PICKUP TRUCK - STANDARD,3.5,6,AS10,X,14.7,10.7,12.9
FORD,F-150 4X4 (Payload Pkg),PICKUP TRUCK - STANDARD,3.5,6,AS10,X,14.7,11.2,13.1
FORD,F-150 4X4 Limited,PICKUP TRUCK - STANDARD,3.5,6,AS10,X,13.8,11.2,12.6
FORD,F-150 FFV 4X4,PICKUP TRUCK - STANDARD,5,8,AS10,X,15.1,11,13.3
FORD,F-150 FFV 4X4,PICKUP TRUCK - STANDARD,5,8,AS10,E,20,15.6,18
FORD,F-150 FFV 4X4 (LT Tire Pkg),PICKUP TRUCK - STANDARD,5,8,AS10,X,15.7,11.8,13.9
FORD,F-150 FFV 4X4 (LT Tire Pkg),PICKUP TRUCK - STANDARD,5,8,AS10,E,20,15.6,18
FORD,F-150 FFV 4X4 (Payload Pkg),PICKUP TRUCK - STANDARD,5,8,AS10,X,16.8,12.4,14.8
FORD,F-150 FFV 4X4 (Payload Pkg),PICKUP TRUCK - STANDARD,5,8,AS10,E,21.3,17.2,19.5
FORD,F-150 Raptor 4X4,PICKUP TRUCK - STANDARD,3.5,6,AS10,X,15.3,13.1,14.3
FORD,Flex,SUV - STANDARD,3.5,6,AS6,X,14.7,10.2,12.7
FORD,Flex AWD,SUV - STANDARD,3.5,6,AS6,X,14.7,10.7,12.9
FORD,Flex AWD GTDI,SUV - STANDARD,3.5,6,AS6,X,15.7,11.2,13.7
FORD,Fiesta,SUBCOMPACT,1.6,4,AM6,X,8.6,6.4,7.6
FORD,Fiesta,SUBCOMPACT,1.6,4,M5,X,8.8,6.8,7.9
FORD,Fiesta ST,SUBCOMPACT,1.6,4,M6,X,9.2,7.4,8.4
FORD,Fusion,MID-SIZE,1.5,4,AS6,X,10,7,8.7
FORD,Fusion Hybrid,MID-SIZE,2,4,AV,X,5.5,5.6,5.6
FORD,GT,TWO-SEATER,3.5,6,AM7,Z,20.4,13.1,17.1
FORD,Mustang,SUBCOMPACT,2.3,4,AS10,X,11.2,7.3,9.4
FORD,Mustang (Performance Pkg),SUBCOMPACT,2.3,4,AS10,X,11.8,8.4,10.3
FORD,Mustang,SUBCOMPACT,2.3,4,M6,X,11.2,7.9,9.7
FORD,Mustang (Performance Pkg),SUBCOMPACT,2.3,4,M6,X,11.8,8.7,10.4
FORD,Mustang,SUBCOMPACT,5,8,AS10,X,15,9.1,12.3
FORD,Mustang,SUBCOMPACT,5,8,M6,X,16.1,9.9,13.3
FORD,Mustang Bullitt,SUBCOMPACT,5,8,M6,X,16.1,9.9,13.3
FORD,Mustang Convertible,SUBCOMPACT,2.3,4,AS10,X,11.9,8.4,10.4
FORD,Mustang Convertible,SUBCOMPACT,2.3,4,M6,X,11.8,8.4,10.3
FORD,Mustang Convertible,SUBCOMPACT,5,8,AS10,X,15.4,9.7,12.9
FORD,Ranger 4WD,PICKUP TRUCK - STANDARD,2.3,4,AS10,X,11.8,9.8,10.9
FORD,Shelby GT350 Mustang,SUBCOMPACT,5.2,8,M6,Z,17.2,11.3,14.6
FORD,T-150 Wagon,VAN - PASSENGER,3.5,6,AS6,X,16.2,12.8,14.7
FORD,T-150 Wagon,VAN - PASSENGER,3.7,6,AS6,X,16.9,13.1,15.2
FORD,Taurus FFV,FULL-SIZE,3.5,6,AS6,X,13.5,9,11.5
FORD,Taurus FFV,FULL-SIZE,3.5,6,AS6,E,17.8,12.1,15.2
FORD,Taurus AWD,FULL-SIZE,3.5,6,AS6,X,14.6,10,12.5
FORD,Taurus FFV AWD,FULL-SIZE,3.5,6,AS6,X,14,9.9,12.4
FORD,Taurus FFV AWD,FULL-SIZE,3.5,6,AS6,E,18.5,13,16
FORD,Transit Connect Van,SPECIAL PURPOSE VEHICLE,2,4,AS8,X,9.8,8.8,9.3
FORD,Transit Connect Van FFV,SPECIAL PURPOSE VEHICLE,2,4,AS8,X,9.8,8.8,9.3
FORD,Transit Connect Van FFV,SPECIAL PURPOSE VEHICLE,2,4,AS8,E,13.3,11.8,12.6
FORD,Transit Connect Van,SPECIAL PURPOSE VEHICLE,2.5,4,AS6,X,12,8.8,10.6
FORD,Transit Connect Wagon LWB,SPECIAL PURPOSE VEHICLE,2,4,AS8,X,9.9,8.2,9.2
FORD,Transit Connect Wagon LWB FFV,SPECIAL PURPOSE VEHICLE,2,4,AS8,X,9.9,8.2,9.2
FORD,Transit Connect Wagon LWB FFV,SPECIAL PURPOSE VEHICLE,2,4,AS8,E,13.7,11.1,12.5
FORD,Transit Connect Wagon LWB,SPECIAL PURPOSE VEHICLE,2.5,4,AS6,X,12.1,9,10.7
GENESIS,G70,COMPACT,2,4,M6,Z,12.8,8.5,10.9
GENESIS,G70 AWD,COMPACT,2,4,AS8,Z,11.5,8.7,10.3
GENESIS,G70 AWD,COMPACT,3.3,6,AS8,Z,13.3,9.5,11.6
GENESIS,G80 AWD,FULL-SIZE,3.3,6,AS8,Z,13.8,9.7,11.9
GENESIS,G80 AWD,FULL-SIZE,3.8,6,AS8,X,13.4,9.6,11.7
GENESIS,G80 AWD,FULL-SIZE,5,8,AS8,Z,15.6,10.4,13.2
GENESIS,G90 AWD,FULL-SIZE,3.3,6,AS8,Z,13.7,9.7,11.9
GENESIS,G90 AWD,FULL-SIZE,5,8,AS8,Z,15.2,10.2,13
GMC,Acadia,SUV - STANDARD,2.5,4,A6,X,11.1,9.2,10.2
GMC,Acadia,SUV - STANDARD,3.6,6,A6,X,13.1,9.4,11.4
GMC,Acadia AWD,SUV - STANDARD,2.5,4,A6,X,11.3,9.4,10.5
GMC,Acadia AWD,SUV - STANDARD,3.6,6,A6,X,13.5,9.5,11.7
GMC,Canyon,PICKUP TRUCK - SMALL,2.5,4,A6,X,12.1,9.2,10.8
GMC,Canyon,PICKUP TRUCK - SMALL,2.5,4,M6,X,11.9,9.2,10.7
GMC,Canyon,PICKUP TRUCK - SMALL,2.8,4,A6,D,11.8,7.9,10.1
GMC,Canyon,PICKUP TRUCK - SMALL,3.6,6,A8,X,13.4,9.6,11.7
GMC,Canyon 4WD,PICKUP TRUCK - SMALL,2.5,4,A6,X,12.7,9.8,11.4
GMC,Canyon 4WD,PICKUP TRUCK - SMALL,2.8,4,A6,D,12.2,8.4,10.5
GMC,Canyon 4WD,PICKUP TRUCK - SMALL,3.6,6,A8,X,14,9.9,12.2
GMC,Sierra,PICKUP TRUCK - STANDARD,2.7,4,A8,X,11.9,10.3,11.1
GMC,Sierra,PICKUP TRUCK - STANDARD,4.3,6,A6,X,15.1,11.5,13.5
GMC,Sierra,PICKUP TRUCK - STANDARD,5.3,8,A6,X,15.9,11.4,13.9
GMC,Sierra FFV,PICKUP TRUCK - STANDARD,5.3,8,A6,X,15.7,11.9,14
GMC,Sierra FFV,PICKUP TRUCK - STANDARD,5.3,8,A6,E,21.1,15,18.4
GMC,Sierra,PICKUP TRUCK - STANDARD,5.3,8,A8,X,14.3,10.4,12.5
GMC,Sierra 4WD,PICKUP TRUCK - STANDARD,2.7,4,A8,X,12.6,10.9,11.8
GMC,Sierra 4WD,PICKUP TRUCK - STANDARD,4.3,6,A6,X,15.8,11.9,14
GMC,Sierra 4WD,PICKUP TRUCK - STANDARD,5.3,8,A6,X,15.9,11.7,14
GMC,Sierra 4WD FFV,PICKUP TRUCK - STANDARD,5.3,8,A6,X,16,12.5,14.4
GMC,Sierra 4WD FFV,PICKUP TRUCK - STANDARD,5.3,8,A6,E,22,16.1,19.4
GMC,Sierra 4WD,PICKUP TRUCK - STANDARD,5.3,8,A8,X,15.3,11.2,13.5
GMC,Sierra 4WD AT4,PICKUP TRUCK - STANDARD,5.3,8,A8,X,15.3,11.8,13.7
GMC,Sierra 4WD,PICKUP TRUCK - STANDARD,6.2,8,A10,Z,15.5,11.9,13.9
GMC,Sierra 4WD AT4,PICKUP TRUCK - STANDARD,6.2,8,A10,Z,15.7,12.4,14.2
GMC,Sierra LTD,PICKUP TRUCK - STANDARD,5.3,8,A6,X,15.6,10.9,13.5
GMC,Sierra LTD 4WD,PICKUP TRUCK - STANDARD,5.3,8,A6,X,15.8,11.4,13.8
GMC,Terrain,SUV - SMALL,1.5,4,A9,X,9.2,7.9,8.6
GMC,Terrain,SUV - SMALL,1.6,4,A6,D,8.5,6,7.4
GMC,Terrain AWD,SUV - SMALL,1.5,4,A9,X,9.6,8.3,9
GMC,Terrain AWD,SUV - SMALL,1.6,4,A6,D,8.5,6.1,7.4
GMC,Terrain AWD,SUV - SMALL,2,4,A9,Z,11.2,9,10.2
GMC,Yukon,SUV - STANDARD,5.3,8,A6,X,15.7,10.5,13.4
GMC,Yukon FFV,SUV - STANDARD,5.3,8,A6,X,15.7,10.5,13.4
GMC,Yukon FFV,SUV - STANDARD,5.3,8,A6,E,21.2,13.9,17.9
GMC,Yukon 4WD,SUV - STANDARD,5.3,8,A6,X,15.8,11.1,13.7
GMC,Yukon 4WD FFV,SUV - STANDARD,5.3,8,A6,X,15.8,11.1,13.7
GMC,Yukon 4WD FFV,SUV - STANDARD,5.3,8,A6,E,21.7,14.3,18.4
GMC,Yukon 4WD,SUV - STANDARD,6.2,8,A10,Z,16.4,10.7,13.8
GMC,Yukon XL,SUV - STANDARD,5.3,8,A6,X,15.7,10.5,13.4
GMC,Yukon XL FFV,SUV - STANDARD,5.3,8,A6,X,15.7,10.5,13.4
GMC,Yukon XL FFV,SUV - STANDARD,5.3,8,A6,E,21.2,13.9,17.9
GMC,Yukon XL 4WD,SUV - STANDARD,5.3,8,A6,X,16.8,11.3,14.3
GMC,Yukon XL 4WD FFV,SUV - STANDARD,5.3,8,A6,X,16.8,11.3,14.3
GMC,Yukon XL 4WD FFV,SUV - STANDARD,5.3,8,A6,E,22.2,15.2,19
GMC,Yukon XL 4WD,SUV - STANDARD,6.2,8,A10,Z,17.1,11.3,14.5
HONDA,Accord,FULL-SIZE,1.5,4,AV,X,7.9,6.3,7.2
HONDA,Accord,FULL-SIZE,1.5,4,AV7,X,8.2,6.8,7.6
HONDA,Accord,FULL-SIZE,1.5,4,M6,X,8.9,6.7,7.9
HONDA,Accord,FULL-SIZE,2,4,M6,X,10.7,7.3,9.2
HONDA,Accord Sport/Touring,MID-SIZE,2,4,AS10,X,10.4,7.4,9.1
HONDA,Accord Hybrid,FULL-SIZE,2,4,AV,X,5,5,5
HONDA,Civic Coupe,COMPACT,1.5,4,AV7,X,7.8,6.4,7.2
HONDA,Civic Coupe,COMPACT,2,4,AV,X,7.8,6.1,7.1
HONDA,Civic Coupe,COMPACT,2,4,AV7,X,8.3,6.6,7.5
HONDA,Civic Coupe,COMPACT,2,4,M6,X,9.3,6.7,8.1
HONDA,Civic Coupe Si,COMPACT,1.5,4,M6,Z,8.4,6.2,7.4
HONDA,Civic Hatchback,FULL-SIZE,1.5,4,AV,X,7.7,6,6.9
HONDA,Civic Hatchback,FULL-SIZE,1.5,4,AV7,X,7.9,6.6,7.3
HONDA,Civic Hatchback,FULL-SIZE,1.5,4,M6,X,8,6.2,7.2
HONDA,Civic Hatchback Sport,FULL-SIZE,1.5,4,AV7,Z,7.9,6.6,7.3
HONDA,Civic Hatchback Sport,FULL-SIZE,1.5,4,M6,Z,8,6.2,7.2
HONDA,Civic Sedan,MID-SIZE,1.5,4,AV7,X,7.8,6.2,7.1
HONDA,Civic Sedan,MID-SIZE,2,4,AV,X,7.9,6.1,7.1
HONDA,Civic Sedan,MID-SIZE,2,4,M6,X,9.3,6.5,8
HONDA,Civic Sedan Si,MID-SIZE,1.5,4,M6,Z,8.4,6.2,7.4
HONDA,Civic Type R,FULL-SIZE,2,4,M6,Z,10.6,8.3,9.6
HONDA,CR-V,SUV - SMALL,1.5,4,AV,X,8.4,7,7.8
HONDA,CR-V AWD,SUV - SMALL,1.5,4,AV,X,8.7,7.2,8
HONDA,Fit,STATION WAGON - SMALL,1.5,4,AV,X,7,5.9,6.5
HONDA,Fit,STATION WAGON - SMALL,1.5,4,AV7,X,7.6,6.5,7
HONDA,Fit,STATION WAGON - SMALL,1.5,4,M6,X,8.1,6.6,7.4
HONDA,HR-V,STATION WAGON - SMALL,1.8,4,AV,X,8.4,7,7.8
HONDA,HR-V AWD,STATION WAGON - SMALL,1.8,4,AV,X,8.8,7.5,8.2
HONDA,HR-V AWD,STATION WAGON - SMALL,1.8,4,AV7,X,9.1,7.7,8.5
HONDA,Insight EX,MID-SIZE,1.5,4,AV,X,4.6,5.3,4.9
HONDA,Insight Touring,MID-SIZE,1.5,4,AV,X,4.6,5.3,4.9
HONDA,Odyssey,MINIVAN,3.5,6,AS9,X,12.6,8.4,10.7
HONDA,Odyssey Touring,MINIVAN,3.5,6,AS10,X,12.2,8.5,10.6
HONDA,Passport AWD,SUV - SMALL,3.5,6,A9,X,12.5,9.8,11.3
HONDA,Pilot,SUV - SMALL,3.5,6,A6,X,12.4,8.7,10.7
HONDA,Pilot AWD,SUV - SMALL,3.5,6,A6,X,13,9.3,11.3
HONDA,Pilot AWD,SUV - SMALL,3.5,6,AS9,X,12.4,9.3,11
HONDA,Ridgeline AWD,PICKUP TRUCK - STANDARD,3.5,6,A6,X,12.8,9.5,11.3
HYUNDAI,Accent,COMPACT,1.6,4,AS6,X,8.2,6.2,7.3
HYUNDAI,Accent,COMPACT,1.6,4,M6,X,8.2,6.3,7.3
HYUNDAI,Elantra,MID-SIZE,1.6,4,AM7,X,8.9,7,8.1
HYUNDAI,Elantra,MID-SIZE,1.6,4,M6,X,10.7,7.8,9.4
HYUNDAI,Elantra,MID-SIZE,2,4,AS6,X,8.3,6.4,7.4
HYUNDAI,Elantra,MID-SIZE,2,4,M6,X,9.2,6.5,8
HYUNDAI,Elantra GT,FULL-SIZE,1.6,4,AM7,X,9.7,7.4,8.6
HYUNDAI,Elantra GT,FULL-SIZE,1.6,4,M6,X,10.3,7.9,9.2
HYUNDAI,Elantra GT,FULL-SIZE,2,4,AS6,X,9.4,7.1,8.4
HYUNDAI,Elantra GT,FULL-SIZE,2,4,M6,X,9.8,7.4,8.7
HYUNDAI,IONIQ,FULL-SIZE,1.6,4,AM6,X,4.3,4.4,4.3
HYUNDAI,IONIQ Blue,FULL-SIZE,1.6,4,AM6,X,4.2,4,4.1
HYUNDAI,Kona,SUV - SMALL,2,4,AS6,X,8.6,7,7.9
HYUNDAI,Kona AWD,SUV - SMALL,1.6,4,AM7,X,9,8,8.6
HYUNDAI,Kona AWD,SUV - SMALL,2,4,AS6,X,9.2,7.8,8.6
HYUNDAI,Santa Fe,SUV - SMALL,2.4,4,AS8,X,10.8,8,9.6
HYUNDAI,Santa Fe AWD,SUV - SMALL,2,4,AS8,X,12.3,9.8,11.2
HYUNDAI,Santa Fe AWD,SUV - SMALL,2.4,4,AS8,X,11.2,8.7,10.1
HYUNDAI,Santa Fe XL,SUV - SMALL,3.3,6,AS6,X,13.2,9.4,11.5
HYUNDAI,Santa Fe XL AWD,SUV - SMALL,3.3,6,AS6,X,13.4,9.7,11.7
HYUNDAI,Santa Fe XL Ultimate AWD,SUV - SMALL,3.3,6,AS6,X,14.1,10.8,12.6
HYUNDAI,Sonata,FULL-SIZE,2,4,AS8,X,10.4,7.4,9.1
HYUNDAI,Sonata,FULL-SIZE,2.4,4,AS6,X,9.3,7.1,8.3
HYUNDAI,Sonata SE,FULL-SIZE,2.4,4,AS6,X,9.2,6.8,8.1
HYUNDAI,Sonata Hybrid,MID-SIZE,2,4,AM6,X,6,5.3,5.7
HYUNDAI,Sonata Hybrid SE,MID-SIZE,2,4,AM6,X,5.9,5.1,5.6
HYUNDAI,Tucson,SUV - SMALL,2,4,AS6,X,10,7.9,9.1
HYUNDAI,Tucson AWD,SUV - SMALL,2,4,AS6,X,10.8,9.2,10.1
HYUNDAI,Tucson AWD,SUV - SMALL,2.4,4,AS6,X,11,9.1,10.1
HYUNDAI,Veloster,COMPACT,2,4,AS6,X,9.1,7.1,8.2
HYUNDAI,Veloster,COMPACT,2,4,M6,X,9.4,7.1,8.4
HYUNDAI,Veloster N,COMPACT,2,4,M6,X,10.6,8.3,9.5
HYUNDAI,Veloster Turbo,COMPACT,1.6,4,AM7,X,8.5,6.9,7.8
HYUNDAI,Veloster Turbo,COMPACT,1.6,4,M6,X,9.4,7,8.3
INFINITI,Q50 AWD,MID-SIZE,2,4,AS7,Z,10.7,8.6,9.7
INFINITI,Q50 AWD,MID-SIZE,3,6,AS7,Z,12.4,8.7,10.8
INFINITI,Q50 AWD Red Sport,MID-SIZE,3,6,AS7,Z,12.5,9.3,11.1
INFINITI,Q60 AWD,SUBCOMPACT,2,4,AS7,Z,11.2,8.5,10
INFINITI,Q60 AWD,SUBCOMPACT,3,6,AS7,Z,12.3,8.7,10.7
INFINITI,Q60 AWD Red Sport,SUBCOMPACT,3,6,AS7,Z,12.5,9.2,11
INFINITI,Q70 AWD,MID-SIZE,3.7,6,AS7,Z,13.2,9.8,11.7
INFINITI,Q70 AWD,MID-SIZE,5.6,8,AS7,Z,14.9,10.2,12.8
INFINITI,QX50 AWD,SUV - SMALL,2,4,AV8,Z,10,7.8,9
INFINITI,QX60 AWD,SUV - SMALL,3.5,6,AV7,Z,12.5,9,10.9
INFINITI,QX80 4WD,SUV - STANDARD,5.6,8,AS7,Z,17.4,12.2,15.1
JAGUAR,E-PACE P250,SUV - SMALL,2,4,AS9,Z,11,8.4,9.8
JAGUAR,F-PACE 20d,SUV - SMALL,2,4,AS8,D,8.9,7.2,8.1
JAGUAR,F-PACE 25t,SUV - SMALL,2,4,AS8,Z,10.7,8.8,9.9
JAGUAR,F-PACE 35t,SUV - SMALL,3,6,AS8,Z,13.3,10,11.8
JAGUAR,F-TYPE Convertible,TWO-SEATER,2,4,AS8,Z,10.2,7.8,9.2
JAGUAR,F-TYPE Convertible,TWO-SEATER,3,6,AS8,Z,11.9,8.5,10.4
JAGUAR,F-TYPE Convertible,TWO-SEATER,3,6,M6,Z,14.9,9.8,12.6
JAGUAR,F-TYPE Convertible R-Dynamic,TWO-SEATER,3,6,AS8,Z,12.4,8.8,10.8
JAGUAR,F-TYPE Convertible R-Dynamic,TWO-SEATER,3,6,M6,Z,15.3,10,12.9
JAGUAR,F-TYPE Convertible R-Dynamic AWD,TWO-SEATER,3,6,AS8,Z,13,9.2,11.3
JAGUAR,F-TYPE Coupe,TWO-SEATER,2,4,AS8,Z,10.2,7.8,9.2
JAGUAR,F-TYPE Coupe,TWO-SEATER,3,6,AS8,Z,11.9,8.5,10.4
JAGUAR,F-TYPE Coupe,TWO-SEATER,3,6,M6,Z,14.9,9.8,12.6
JAGUAR,F-TYPE Coupe R-Dynamic,TWO-SEATER,3,6,AS8,Z,12.4,8.8,10.8
JAGUAR,F-TYPE Coupe R-Dynamic,TWO-SEATER,3,6,M6,Z,15.3,10,12.9
JAGUAR,F-TYPE Coupe R-Dynamic AWD,TWO-SEATER,3,6,AS8,Z,13,9.2,11.3
JAGUAR,F-TYPE R AWD Convertible,TWO-SEATER,5,8,AS8,Z,15.6,10.4,13.3
JAGUAR,F-TYPE R AWD Coupe,TWO-SEATER,5,8,AS8,Z,15.6,10.4,13.3
JAGUAR,XE 20d AWD,COMPACT,2,4,AS8,D,7.8,5.8,6.9
JAGUAR,XE 25t AWD,COMPACT,2,4,AS8,Z,9.8,6.9,8.5
JAGUAR,XE 35t AWD,COMPACT,3,6,AS8,Z,11.8,8.2,10.2
JAGUAR,XF 20d AWD,MID-SIZE,2,4,AS8,D,7.8,5.8,6.9
JAGUAR,XF 25t AWD,MID-SIZE,2,4,AS8,Z,10.1,7.2,8.8
JAGUAR,XF 35t AWD,MID-SIZE,3,6,AS8,Z,12,8.4,10.4
JAGUAR,XJ R-Sport AWD,FULL-SIZE,3,6,AS8,Z,14,9,11.8
JAGUAR,XJL Portfolio AWD,FULL-SIZE,3,6,AS8,Z,14,9.4,11.9
JAGUAR,XJR LWB,FULL-SIZE,5,8,AS8,Z,15.8,10.3,13.3
JEEP,Cherokee,SUV - SMALL,2,4,A9,X,10.4,7.6,9.1
JEEP,Cherokee,SUV - SMALL,2.4,4,A9,X,10.8,7.6,9.3
JEEP,Cherokee,SUV - SMALL,3.2,6,A9,X,11.9,8.2,10.2
JEEP,Cherokee 4X4 Active Drive I,SUV - SMALL,2,4,A9,X,11.2,8,9.8
JEEP,Cherokee 4X4 Active Drive I,SUV - SMALL,2.4,4,A9,X,11.2,8,9.8
JEEP,Cherokee 4X4 Active Drive I,SUV - SMALL,3.2,6,A9,X,12.2,8.6,10.6
JEEP,Cherokee 4X4 Active Drive II,SUV - SMALL,2,4,A9,X,11.5,8.6,10.2
JEEP,Cherokee 4X4 Active Drive II,SUV - SMALL,3.2,6,A9,X,12.8,9,11.1
JEEP,Cherokee 4X4 Active Drive Lock,SUV - SMALL,2,4,A9,X,11.8,9.2,10.6
JEEP,Cherokee 4X4 Active Drive Lock,SUV - SMALL,3.2,6,A9,X,12.9,9.9,11.6
JEEP,Compass,SUV - SMALL,2.4,4,A6,X,10.6,7.6,9.3
JEEP,Compass,SUV - SMALL,2.4,4,M6,X,10.4,7.3,9
JEEP,Compass 4X4,SUV - SMALL,2.4,4,A9,X,10.8,7.8,9.5
JEEP,Compass 4X4,SUV - SMALL,2.4,4,M6,X,10.8,7.6,9.4
JEEP,Grand Cherokee 4X4,SUV - STANDARD,3.6,6,A8,X,12.7,9.6,11.3
JEEP,Grand Cherokee 4X4,SUV - STANDARD,5.7,8,A8,X,16.7,10.9,14.1
JEEP,Grand Cherokee 4X4 EcoDiesel,SUV - STANDARD,3,6,A8,D,11.2,8.5,10
JEEP,Grand Cherokee 4X4 SRT,SUV - STANDARD,6.4,8,A8,Z,18.3,12.6,15.7
JEEP,Grand Cherokee 4X4 Trackhawk,SUV - STANDARD,6.2,8,A8,Z,20.9,13.8,17.7
JEEP,Renegade,SUV - SMALL,1.3,4,A9,X,9.8,7.4,8.7
JEEP,Renegade,SUV - SMALL,2.4,4,A9,X,10.8,7.8,9.5
JEEP,Renegade 4X4,SUV - SMALL,1.3,4,A9,X,10.1,8.1,9.2
JEEP,Renegade 4X4,SUV - SMALL,2.4,4,A9,X,11.2,8.2,9.8
JEEP,Renegade 4X4 Trailhawk,SUV - SMALL,1.3,4,A9,X,10.8,8.7,9.9
JEEP,Wrangler JL 4X4,SUV - SMALL,2,4,A8,X,10.5,9.4,10
JEEP,Wrangler JL 4X4,SUV - SMALL,3.6,6,A8,X,12.8,10.4,11.8
JEEP,Wrangler JL 4X4,SUV - SMALL,3.6,6,M6,X,13.7,9.6,11.8
JEEP,Wrangler JL Unlimited 4X4,SUV - SMALL,2,4,A8,X,10.9,10,10.5
JEEP,Wrangler JL Unlimited 4X4,SUV - SMALL,3.6,6,A8,X,12.9,10.2,11.7
JEEP,Wrangler JL Unlimited 4X4,SUV - SMALL,3.6,6,M6,X,13.8,10.1,12.2
KIA,Cadenza,FULL-SIZE,3.3,6,AS8,X,11.6,8.5,10.2
KIA,Forte,MID-SIZE,2,4,AV,X,7.7,5.9,6.9
KIA,Forte,MID-SIZE,2,4,M6,X,8.6,6.4,7.6
KIA,Niro,STATION WAGON - SMALL,1.6,4,AM6,X,4.6,5.1,4.8
KIA,Niro FE,STATION WAGON - SMALL,1.6,4,AM6,X,4.5,4.8,4.7
KIA,Niro Touring,STATION WAGON - SMALL,1.6,4,AM6,X,5.1,5.8,5.4
KIA,Optima,FULL-SIZE,2,4,AS6,X,11.2,7.9,9.7
KIA,Optima,FULL-SIZE,2.4,4,AS6,X,9.5,7.1,8.4
KIA,Optima Hybrid,MID-SIZE,2,4,AM6,X,6.1,5.2,5.7
KIA,Rio,COMPACT,1.6,4,AS6,X,8.5,6.4,7.5
KIA,Rio,COMPACT,1.6,4,M6,X,8.3,6.4,7.5
KIA,Sedona,MINIVAN,3.3,6,AS8,X,12.7,10,11.5
KIA,Sorento,SUV - SMALL,2.4,4,AS6,X,10.7,8.2,9.6
KIA,Sorento AWD,SUV - SMALL,2.4,4,AS6,X,11.2,9,10.2
KIA,Sorento AWD,SUV - SMALL,3.3,6,AS8,X,12.5,9.7,11.2
KIA,Soul,STATION WAGON - SMALL,1.6,4,AM7,X,9.1,7.7,8.5
KIA,Soul,STATION WAGON - SMALL,1.6,4,AS6,X,9,7.6,8.4
KIA,Soul,STATION WAGON - SMALL,2,4,AS6,X,9.5,7.8,8.7
KIA,Sportage,SUV - SMALL,2.4,4,AS6,X,10.3,7.8,9.2
KIA,Sportage AWD,SUV - SMALL,2,4,AS6,X,11.9,10.2,11.1
KIA,Sportage AWD,SUV - SMALL,2.4,4,AS6,X,11.3,9.5,10.5
KIA,Stinger AWD,MID-SIZE,2,4,AS8,Z,11.1,8.1,9.7
KIA,Stinger AWD,MID-SIZE,3.3,6,AS8,Z,13.6,9.6,11.8
LAMBORGHINI,Aventador Coupe,TWO-SEATER,6.5,12,AM7,Z,26.3,15.6,21.5
LAMBORGHINI,Aventador Roadster,TWO-SEATER,6.5,12,AM7,Z,26.6,15.8,21.7
LAMBORGHINI,Huracan Coupe,TWO-SEATER,5.2,10,AM7,Z,18.1,13.2,15.9
LAMBORGHINI,Huracan Coupe AWD,TWO-SEATER,5.2,10,AM7,Z,17.9,13,15.7
LAMBORGHINI,Huracan Spyder,TWO-SEATER,5.2,10,AM7,Z,18.1,13.2,15.9
LAMBORGHINI,Huracan Spyder AWD,TWO-SEATER,5.2,10,AM7,Z,17.9,13,15.7
LAMBORGHINI,Huracan Performante Coupe,TWO-SEATER,5.2,10,AM7,Z,17.9,13,15.7
LAMBORGHINI,Huracan Performante Spyder,TWO-SEATER,5.2,10,AM7,Z,17.9,13,15.7
LAMBORGHINI,Urus,SUV - STANDARD,4,8,AS8,Z,19.2,14.1,16.9
LAND ROVER,Discovery,SUV - STANDARD,3,6,AS8,Z,14.8,11.4,13.3
LAND ROVER,Discovery TD6 Diesel,SUV - STANDARD,3,6,AS8,D,11.3,9.2,10.4
LAND ROVER,Discovery Sport,SUV - SMALL,2,4,AS9,Z,11.4,9.3,10.5
LAND ROVER,Range Rover 3.0,SUV - STANDARD,3,6,AS8,Z,14.1,10.3,12.4
LAND ROVER,Range Rover TD6 Diesel,SUV - STANDARD,3,6,AS8,D,10.7,8.3,9.6
LAND ROVER,Range Rover 5.0 Supercharged,SUV - STANDARD,5,8,AS8,Z,14.4,11.3,13
LAND ROVER,Range Rover SVAutobiography LWB,SUV - STANDARD,5,8,AS8,Z,17.9,12.7,15.5
LAND ROVER,Range Rover Sport 3.0,SUV - STANDARD,3,6,AS8,Z,14.1,10.3,12.4
LAND ROVER,Range Rover Sport TD6 Diesel,SUV - STANDARD,3,6,AS8,D,10.7,8.3,9.6
LAND ROVER,Range Rover Sport Supercharged,SUV - STANDARD,5,8,AS8,Z,14.1,10.7,12.6
LAND ROVER,Range Rover Evoque,SUV - SMALL,2,4,AS9,Z,10.9,8,9.6
LAND ROVER,Range Rover Evoque Convertible,SUV - SMALL,2,4,AS9,Z,11.2,8.2,9.8
LAND ROVER,Range Rover Velar D180,SUV - SMALL,2,4,AS8,D,9.2,7.8,8.5
LAND ROVER,Range Rover Velar P300,SUV - SMALL,2,4,AS8,Z,11.7,9.2,10.6
LAND ROVER,Range Rover Velar P380,SUV - SMALL,3,6,AS8,Z,13,10,11.6
LEXUS,ES 300h,MID-SIZE,2.5,4,AV6,X,5.5,5.2,5.3
LEXUS,ES 350,MID-SIZE,3.5,6,AS8,X,10.6,7.2,9.1
LEXUS,ES 350 F SPORT,MID-SIZE,3.5,6,AS8,X,10.9,7.5,9.4
LEXUS,GS 350 AWD,MID-SIZE,3.5,6,AS6,Z,12.3,9.1,10.9
LEXUS,GS F,COMPACT,5,8,AS8,Z,14.9,9.7,12.5
LEXUS,GX 460,SUV - STANDARD,4.6,8,AS6,Z,16,12.9,14.6
LEXUS,IS 300,COMPACT,2,4,AS8,Z,11,7.6,9.5
LEXUS,IS 300 AWD,COMPACT,3.5,6,AS6,Z,12.3,9.1,10.9
LEXUS,IS 350 AWD,COMPACT,3.5,6,AS6,Z,12.3,9.1,10.9
LEXUS,LC 500,SUBCOMPACT,5,8,AS10,Z,15.1,9.5,12.6
LEXUS,LC 500h,SUBCOMPACT,3.5,6,AV10,Z,9,7.1,8.1
LEXUS,LS 500 AWD,MID-SIZE,3.4,6,AS10,Z,13.1,8.7,11.1
LEXUS,LS 500h AWD,MID-SIZE,3.5,6,AV10,Z,10.3,7.7,9.1
LEXUS,LX 570,SUV - STANDARD,5.7,8,AS8,Z,18.2,12.8,15.8
LEXUS,NX 300 AWD,SUV - SMALL,2,4,AS6,Z,10.7,8.5,9.7
LEXUS,NX 300 AWD F SPORT,SUV - SMALL,2,4,AS6,Z,10.8,8.9,9.9
LEXUS,NX 300h AWD,SUV - SMALL,2.5,4,AV6,X,7.2,7.9,7.5
LEXUS,RC 300 AWD,SUBCOMPACT,3.5,6,AS6,Z,13.1,9.8,11.2
LEXUS,RC 350 AWD,SUBCOMPACT,3.5,6,AS6,Z,13.1,9.8,11.2
LEXUS,RC F,SUBCOMPACT,5,8,AS8,Z,15.2,9.5,12.6
LEXUS,RX 350 AWD,SUV - SMALL,3.5,6,AS8,X,12.2,9,10.8
LEXUS,RX 350 L AWD,SUV - SMALL,3.5,6,AS8,X,13.1,9.4,11.1
LEXUS,RX 450h AWD,SUV - STANDARD,3.5,6,AV6,Z,7.5,8.4,7.9
LEXUS,RX 450h L AWD,SUV - STANDARD,3.5,6,AV6,Z,8.1,8.4,8.1
LEXUS,UX 200,MID-SIZE,2,4,AS10,X,8,6.3,7.2
LEXUS,UX 250h,COMPACT,2,4,AV6,X,5.5,5.7,5.6
LEXUS,UX 250h AWD,COMPACT,2,4,AV6,X,5.7,6.2,6
LINCOLN,Continental AWD,FULL-SIZE,2.7,6,AS6,X,14,9.4,12
LINCOLN,Continental AWD,FULL-SIZE,3,6,AS6,X,14.5,9.8,12.3
LINCOLN,Continental AWD,FULL-SIZE,3.7,6,AS6,X,14.3,9.7,12.2
LINCOLN,MKC AWD,SUV - SMALL,2,4,AS6,X,12.3,9.3,11
LINCOLN,MKC AWD (Start/Stop),SUV - SMALL,2,4,AS6,X,12.2,9.3,10.9
LINCOLN,MKC AWD,SUV - SMALL,2.3,4,AS6,X,13.1,9.5,11.5
LINCOLN,MKT AWD,SUV - STANDARD,3.5,6,AS6,X,15.7,11.2,13.7
LINCOLN,MKT Livery AWD,SPECIAL PURPOSE VEHICLE,3.7,6,A6,X,14.7,10.3,12.7
LINCOLN,MKZ AWD,MID-SIZE,2,4,AS6,X,12.1,8.4,10.4
LINCOLN,MKZ AWD,MID-SIZE,3,6,AS6,X,14,9.2,11.8
LINCOLN,MKZ Hybrid,MID-SIZE,2,4,AV,X,5.7,6.2,5.9
LINCOLN,Nautilus,SUV - SMALL,2,4,AS8,X,12,9.6,10.7
LINCOLN,Nautilus,SUV - SMALL,2.7,6,AS8,X,12.6,9.2,11
LINCOLN,Navigator 4X4,SUV - STANDARD,3.5,6,AS10,X,15,11.4,13.4
MASERATI,Ghibli,MID-SIZE,3,6,AS8,Z,14.1,9.8,12.2
MASERATI,Ghibli S,MID-SIZE,3,6,AS8,Z,14.7,9.9,12.6
MASERATI,Ghibli SQ4,MID-SIZE,3,6,AS8,Z,14.7,9.9,12.6
MASERATI,GranTurismo Convertible,SUBCOMPACT,4.7,8,AS6,Z,17.8,11.6,15
MASERATI,Levante,SUV - STANDARD,3,6,AS8,Z,15.9,11.1,13.7
MASERATI,Levante S,SUV - STANDARD,3,6,AS8,Z,16.1,11.4,14
MASERATI,Levante GTS,SUV - STANDARD,3.8,8,AS8,Z,17.9,12.9,15.3
MASERATI,Levante Trofeo,SUV - STANDARD,3.8,8,AS8,Z,17.9,12.9,15.3
MASERATI,Quattroporte S,FULL-SIZE,3,6,AS8,Z,15.1,10.3,12.8
MASERATI,Quattroporte SQ4,FULL-SIZE,3,6,AS8,Z,15,10.3,12.8
MASERATI,Quattroporte GTS,FULL-SIZE,3.8,8,AS8,Z,16,10.8,13.7
MAZDA,CX-3,COMPACT,2,4,AS6,X,8.3,6.9,7.7
MAZDA,CX-3,COMPACT,2,4,M6,X,8.8,7,8
MAZDA,CX-3 4WD,COMPACT,2,4,AS6,X,8.6,7.4,8.1
MAZDA,CX-5,SUV - SMALL,2,4,M6,X,9.7,7.7,8.8
MAZDA,CX-5,SUV - SMALL,2.5,4,AS6,X,9.7,7.8,8.8
MAZDA,CX-5 (Cylinder Deactivation),SUV - SMALL,2.5,4,AS6,X,9.3,7.6,8.5
MAZDA,CX-5 4WD,SUV - SMALL,2.5,4,AS6,X,10.2,8.2,9.3
MAZDA,CX-5 4WD (Cylinder Deactivation),SUV - SMALL,2.5,4,AS6,X,9.8,7.9,9
MAZDA,CX-5 Turbo 4WD,SUV - SMALL,2.5,4,AS6,X,10.8,8.7,9.8
MAZDA,CX-5 Diesel 4WD,SUV - SMALL,2.2,4,AS6,D,8.9,7.9,8.4
MAZDA,CX-9,SUV - SMALL,2.5,4,AS6,X,10.6,8.4,9.6
MAZDA,CX-9 4WD,SUV - SMALL,2.5,4,AS6,X,11.6,9.1,10.5
MAZDA,Mazda3 4-Door,COMPACT,2,4,AS6,X,8.4,6.6,7.6
MAZDA,Mazda3 4-Door (SIL),COMPACT,2,4,M6,X,8.7,6.4,7.7
MAZDA,Mazda3 4-Door,COMPACT,2.5,4,AS6,X,8.8,6.4,7.7
MAZDA,Mazda3 4-Door (Cylinder Deactivation),COMPACT,2.5,4,AS6,X,8.8,6.6,7.8
MAZDA,Mazda3 4-Door 4WD,COMPACT,2.5,4,AS6,X,9.2,7,8.2
MAZDA,Mazda3 5-Door,MID-SIZE,2,4,AS6,X,8.6,6.7,7.7
MAZDA,Mazda3 5-Door (SIL),MID-SIZE,2,4,M6,X,8.7,6.6,7.8
MAZDA,Mazda3 5-Door,MID-SIZE,2.5,4,AS6,X,9,6.8,8
MAZDA,Mazda3 5-Door,MID-SIZE,2.5,4,M6,X,9.2,6.6,8.1
MAZDA,Mazda3 5-Door 4WD,MID-SIZE,2.5,4,AS6,X,9.8,7.4,8.7
MAZDA,Mazda6,MID-SIZE,2.5,4,AS6,X,9.1,6.7,8
MAZDA,Mazda6 Turbo,MID-SIZE,2.5,4,AS6,X,10,7.5,8.9
MAZDA,MX-5,TWO-SEATER,2,4,AS6,Z,9,6.6,7.9
MAZDA,MX-5 (SIL),TWO-SEATER,2,4,M6,Z,9,7,8.1
MERCEDES-BENZ,A 220,SUBCOMPACT,2,4,AM7,Z,9.7,6.8,8.4
MERCEDES-BENZ,A 220 4MATIC,SUBCOMPACT,2,4,AM7,Z,9.6,7.1,8.5
MERCEDES-BENZ,A 250,STATION WAGON - SMALL,2,4,AM7,Z,9.4,6.8,8.3
MERCEDES-BENZ,A 250 4MATIC,STATION WAGON - SMALL,2,4,AM7,Z,9.9,7,8.6
MERCEDES-BENZ,AMG C 43 4MATIC,COMPACT,3,6,A9,Z,12.4,8.7,10.7
MERCEDES-BENZ,AMG C 43 4MATIC Cabriolet,SUBCOMPACT,3,6,A9,Z,12.7,9.2,11.2
MERCEDES-BENZ,AMG C 43 4MATIC Coupe,SUBCOMPACT,3,6,A9,Z,12.9,8.8,11.1
MERCEDES-BENZ,AMG C 43 4MATIC Wagon,STATION WAGON - SMALL,3,6,A9,Z,12.4,8.9,10.8
MERCEDES-BENZ,AMG C 63,COMPACT,4,8,A9,Z,13.2,8.7,11.2
MERCEDES-BENZ,AMG C 63 S,COMPACT,4,8,A9,Z,13.2,8.7,11.2
MERCEDES-BENZ,AMG C 63 S Cabriolet,SUBCOMPACT,4,8,A9,Z,13.9,9.7,12
MERCEDES-BENZ,AMG C 63 S Coupe,SUBCOMPACT,4,8,A9,Z,13.9,9.2,11.8
MERCEDES-BENZ,AMG CLA 45 4MATIC,MINICOMPACT,2,4,AM7,Z,10.3,7.9,9.2
MERCEDES-BENZ,AMG CLS 53 4MATIC+,COMPACT,3,6,A9,Z,12.4,8.7,10.7
MERCEDES-BENZ,AMG E 53 4MATIC+,MID-SIZE,3,6,A9,Z,11.2,8.3,9.9
MERCEDES-BENZ,AMG E 53 4MATIC+ Cabriolet,SUBCOMPACT,3,6,A9,Z,12.5,9,10.9
MERCEDES-BENZ,AMG E 53 4MATIC+ Coupe,SUBCOMPACT,3,6,A9,Z,12.3,8.5,10.6
MERCEDES-BENZ,AMG E 53 4MATIC+ Wagon,STATION WAGON - MID-SIZE,3,6,A9,Z,11.5,8.6,10.2
MERCEDES-BENZ,AMG E 63 S 4MATIC+,MID-SIZE,4,8,A9,Z,16,10.5,13.5
MERCEDES-BENZ,AMG E 63 S 4MATIC+ Wagon,STATION WAGON - MID-SIZE,4,8,A9,Z,14.6,10.4,12.7
MERCEDES-BENZ,AMG G 63,SUV - STANDARD,4,8,A9,Z,18.1,15.6,17
MERCEDES-BENZ,AMG GLA 45 4MATIC,STATION WAGON - MID-SIZE,2,4,AM7,Z,10.7,8.3,9.6
MERCEDES-BENZ,AMG GLC 43 4MATIC,SUV - SMALL,3,6,A9,Z,12.5,9.6,11.2
MERCEDES-BENZ,AMG GLC 43 4MATIC Coupe,SUV - SMALL,3,6,A9,Z,12.6,9.7,11.3
MERCEDES-BENZ,AMG GLC 63 S 4MATIC+,SUV - SMALL,4,8,A9,Z,15,10.9,13.2
MERCEDES-BENZ,AMG GLC 63 S 4MATIC+ Coupe,SUV - SMALL,4,8,A9,Z,15,10.9,13.2
MERCEDES-BENZ,AMG GLE 43 4MATIC,SUV - STANDARD,3,6,A9,Z,14,10.6,12.4
MERCEDES-BENZ,AMG GLE 43 4MATIC Coupe,SUV - STANDARD,3,6,A9,Z,14.1,10.9,12.6
MERCEDES-BENZ,AMG GLE 63 S 4MATIC,SUV - STANDARD,4.7,8,A7,Z,17.7,13.4,15.8
MERCEDES-BENZ,AMG GLE 63 S 4MATIC Coupe,SUV - STANDARD,4.7,8,A7,Z,17.2,12.8,15.2
MERCEDES-BENZ,AMG GLS 63 4MATIC,SUV - STANDARD,4.7,8,A7,Z,17.8,13.2,15.7
MERCEDES-BENZ,AMG GT 53 4MATIC+ Coupe,COMPACT,3,6,A9,Z,12.4,9.8,11.2
MERCEDES-BENZ,AMG GT 63 4MATIC+ Coupe,COMPACT,4,8,A9,Z,15.5,11.5,13.7
MERCEDES-BENZ,AMG GT 63 S 4MATIC+ Coupe,COMPACT,4,8,A9,Z,15.6,11.5,13.7
MERCEDES-BENZ,AMG GT C Coupe,TWO-SEATER,4,8,AM7,Z,15.3,11.4,13.5
MERCEDES-BENZ,AMG GT C Roadster,TWO-SEATER,4,8,AM7,Z,15.2,11.4,13.5
MERCEDES-BENZ,AMG GT R Coupe,TWO-SEATER,4,8,AM7,Z,15.9,11.8,14
MERCEDES-BENZ,AMG S 63 4MATIC+,FULL-SIZE,4,8,A9,Z,14.1,8.9,11.8
MERCEDES-BENZ,AMG S 63 4MATIC+ Cabriolet,SUBCOMPACT,4,8,A9,Z,15.8,9.8,13.1
MERCEDES-BENZ,AMG S 63 4MATIC+ Coupe,COMPACT,4,8,A9,Z,14,8.7,11.6
MERCEDES-BENZ,AMG S 65,FULL-SIZE,6,12,A7,Z,18.6,10.9,15.1
MERCEDES-BENZ,AMG S 65 Cabriolet,SUBCOMPACT,6,12,A9,Z,17.1,11,14.3
MERCEDES-BENZ,AMG S 65 Coupe,COMPACT,6,12,A9,Z,17.6,11,14.6
MERCEDES-BENZ,AMG SL 63,TWO-SEATER,5.5,8,A7,Z,15.3,10.2,13
MERCEDES-BENZ,AMG SLC 43,TWO-SEATER,3,6,A9,Z,11.8,8.2,10.2
MERCEDES-BENZ,B 250,STATION WAGON - SMALL,2,4,AM7,Z,9.8,6.8,8.4
MERCEDES-BENZ,B 250 4MATIC,STATION WAGON - SMALL,2,4,AM7,Z,10.3,7.8,9.1
MERCEDES-BENZ,C 300 4MATIC,COMPACT,2,4,A9,Z,11,7.3,9.4
MERCEDES-BENZ,C 300 4MATIC Cabriolet,SUBCOMPACT,2,4,A9,Z,11.3,8.1,9.9
MERCEDES-BENZ,C 300 4MATIC Coupe,SUBCOMPACT,2,4,A9,Z,10.9,7.7,9.5
MERCEDES-BENZ,C 300 4MATIC Wagon,STATION WAGON - SMALL,2,4,A9,Z,10.9,7.7,9.5
MERCEDES-BENZ,CLA 250,MINICOMPACT,2,4,AM7,Z,9.6,6.6,8.2
MERCEDES-BENZ,CLA 250 4MATIC,MINICOMPACT,2,4,AM7,Z,9.9,7.3,8.7
MERCEDES-BENZ,CLS 450 4MATIC,COMPACT,3,6,A9,Z,11.3,7.9,9.8
MERCEDES-BENZ,E 300 4MATIC,MID-SIZE,2,4,A9,Z,11,8.1,9.7
MERCEDES-BENZ,E 450 4MATIC,MID-SIZE,3,6,A9,Z,11.8,8.5,10.3
MERCEDES-BENZ,E 450 4MATIC Cabriolet,SUBCOMPACT,3,6,A9,Z,12.7,10.1,11.6
MERCEDES-BENZ,E 450 4MATIC Coupe,SUBCOMPACT,3,6,A9,Z,12.5,9.1,11
MERCEDES-BENZ,E 450 4MATIC Wagon,STATION WAGON - MID-SIZE,3,6,A9,Z,12.3,8.9,10.8
MERCEDES-BENZ,G 550,SUV - STANDARD,4,8,A9,Z,18,14.1,16.3
MERCEDES-BENZ,GLA 250 4MATIC,SUV - SMALL,2,4,AM7,Z,10.1,7.6,9
MERCEDES-BENZ,GLC 300 4MATIC,SUV - SMALL,2,4,A9,Z,11,8.7,10
MERCEDES-BENZ,GLC 300 4MATIC Coupe,SUV - SMALL,2,4,A9,Z,10.8,9,10
MERCEDES-BENZ,GLE 400 4MATIC,SUV - STANDARD,3,6,A9,Z,13.5,10.3,12.1
MERCEDES-BENZ,GLS 450 4MATIC,SUV - STANDARD,3,6,A9,Z,14.9,11.2,13.2
MERCEDES-BENZ,GLS 550 4MATIC,SUV - STANDARD,4.7,8,A9,Z,17.2,12.6,15.1
MERCEDES-BENZ,Maybach S 560 4MATIC,FULL-SIZE,4,8,A9,Z,14.4,9.5,12.2
MERCEDES-BENZ,Maybach S 650,FULL-SIZE,6,12,A7,Z,18.4,11.1,15.1
MERCEDES-BENZ,Metris Cargo,SPECIAL PURPOSE VEHICLE,2,4,A7,Z,11.5,9.8,10.7
MERCEDES-BENZ,Metris Cargo LWB,SPECIAL PURPOSE VEHICLE,2,4,A7,Z,11.3,9.6,10.5
MERCEDES-BENZ,Metris Passenger,SPECIAL PURPOSE VEHICLE,2,4,A7,Z,12.3,10.3,11.4
MERCEDES-BENZ,S 450 4MATIC SWB,MID-SIZE,3,6,A9,Z,12.8,8.5,10.8
MERCEDES-BENZ,S 560 Cabriolet,SUBCOMPACT,4,8,A9,Z,13.8,9.2,11.7
MERCEDES-BENZ,S 560 4MATIC,FULL-SIZE,4,8,A9,Z,13.5,8.6,11.3
MERCEDES-BENZ,S 560 4MATIC SWB,MID-SIZE,4,8,A9,Z,13.5,8.6,11.3
MERCEDES-BENZ,SL 450,TWO-SEATER,3,6,A9,Z,11.8,8.5,10.3
MERCEDES-BENZ,SL 550,TWO-SEATER,4.7,8,A9,Z,13.5,9.3,11.6
MERCEDES-BENZ,SLC 300,TWO-SEATER,2,4,A9,Z,10,7.3,8.8
MINI,Cooper 3 Door,SUBCOMPACT,1.5,3,AS6,Z,8.8,6.8,7.9
MINI,Cooper 3 Door,SUBCOMPACT,1.5,3,M6,Z,8.5,6.2,7.5
MINI,Cooper 5 Door,SUBCOMPACT,1.5,3,AS6,Z,8.8,6.8,7.9
MINI,Cooper 5 Door,SUBCOMPACT,1.5,3,M6,Z,8.4,6.3,7.5
MINI,Cooper Clubman ALL4,MID-SIZE,1.5,3,AS8,Z,10.2,7.6,9
MINI,Cooper Clubman ALL4,MID-SIZE,1.5,3,M6,Z,10.5,7.4,9.1
MINI,Cooper Convertible,MINICOMPACT,1.5,3,AS6,Z,8.8,6.8,7.9
MINI,Cooper Convertible,MINICOMPACT,1.5,3,M6,Z,8.4,6.3,7.5
MINI,Cooper Countryman ALL4,STATION WAGON - SMALL,1.5,3,AS8,Z,10.3,7.9,9.2
MINI,Cooper Countryman ALL4,STATION WAGON - SMALL,1.5,3,M6,Z,10.5,7.4,9.1
MINI,Cooper S 3 Door,SUBCOMPACT,2,4,AS6,Z,9.3,7.3,8.4
MINI,Cooper S 3 Door,SUBCOMPACT,2,4,M6,Z,10.2,7.4,9
MINI,Cooper S 5 Door,SUBCOMPACT,2,4,AS6,Z,9.3,7.3,8.4
MINI,Cooper S 5 Door,SUBCOMPACT,2,4,M6,Z,10.2,7.4,9
MINI,Cooper S Clubman ALL4,MID-SIZE,2,4,AS8,Z,10.4,7.6,9.2
MINI,Cooper S Clubman ALL4,MID-SIZE,2,4,M6,Z,11.4,7.7,9.7
MINI,Cooper S Convertible,MINICOMPACT,2,4,AS6,Z,9.4,7.2,8.4
MINI,Cooper S Convertible,MINICOMPACT,2,4,M6,Z,10.2,7.4,9
MINI,Cooper S Countryman ALL4,MID-SIZE,2,4,AS8,Z,10.5,7.6,9.2
MINI,Cooper S Countryman ALL4,MID-SIZE,2,4,M6,Z,11.3,7.8,9.7
MINI,John Cooper Works 3 Door,SUBCOMPACT,2,4,AS6,Z,9.3,7.3,8.4
MINI,John Cooper Works 3 Door,SUBCOMPACT,2,4,M6,Z,10.2,7.4,9
MINI,John Cooper Works Clubman ALL4,MID-SIZE,2,4,AS8,Z,10.4,7.6,9.2
MINI,John Cooper Works Clubman ALL4,MID-SIZE,2,4,M6,Z,11.4,7.7,9.7
MINI,John Cooper Works Convertible,MINICOMPACT,2,4,AS6,Z,9.4,7.2,8.4
MINI,John Cooper Works Convertible,MINICOMPACT,2,4,M6,Z,10.8,7.7,9.4
MINI,John Cooper Works Countryman ALL4,MID-SIZE,2,4,AS8,Z,10.6,7.8,9.3
MINI,John Cooper Works Countryman ALL4,MID-SIZE,2,4,M6,Z,11.3,7.8,9.7
MITSUBISHI,Eclipse Cross 4WD,SUV - SMALL,1.5,4,AV8,X,9.6,8.9,9.3
MITSUBISHI,Mirage,COMPACT,1.2,3,AV,X,6.6,5.6,6.2
MITSUBISHI,Mirage,COMPACT,1.2,3,M5,X,7.1,5.8,6.5
MITSUBISHI,Mirage G4,COMPACT,1.2,3,AV,X,6.9,5.7,6.4
MITSUBISHI,Mirage G4,COMPACT,1.2,3,M5,X,7.2,5.9,6.6
MITSUBISHI,Outlander 4WD,SUV - SMALL,2.4,4,AV6,X,9.9,8.1,9.1
MITSUBISHI,Outlander 4WD,SUV - SMALL,3,6,AS6,Z,12,8.8,10.6
MITSUBISHI,RVR,SUV - SMALL,2,4,AV6,X,9.7,7.8,8.8
MITSUBISHI,RVR 4WD,SUV - SMALL,2,4,AV6,X,10.1,8.2,9.2
MITSUBISHI,RVR 4WD,SUV - SMALL,2.4,4,AV6,X,10.3,8.3,9.4
NISSAN,370Z,TWO-SEATER,3.7,6,AS7,Z,12.6,9.3,11.1
NISSAN,370Z,TWO-SEATER,3.7,6,M6,Z,13.3,9.3,11.5
NISSAN,370Z Roadster,TWO-SEATER,3.7,6,AS7,Z,13,9.7,11.5
NISSAN,370Z Roadster,TWO-SEATER,3.7,6,M6,Z,13.6,9.7,11.8
NISSAN,Altima,MID-SIZE,2.5,4,AV,X,8.6,6.1,7.4
NISSAN,Altima SR/Platinum,MID-SIZE,2,4,AV,X,9.1,6.9,8.1
NISSAN,Altima SR/Platinum,MID-SIZE,2.5,4,AV,X,8.5,6.3,7.5
NISSAN,Altima AWD,MID-SIZE,2.5,4,AV,X,9.1,6.5,7.9
NISSAN,Altima AWD SR/Platinum,MID-SIZE,2.5,4,AV,X,9.3,6.7,8.1
NISSAN,Armada 4WD,SUV - STANDARD,5.6,8,AS7,X,17.7,12.9,15.5
NISSAN,Frontier,PICKUP TRUCK - SMALL,2.5,4,A5,X,13.7,10.7,12.3
NISSAN,Frontier,PICKUP TRUCK - SMALL,4,6,A5,X,14.7,10.3,12.7
NISSAN,Frontier 4WD,PICKUP TRUCK - SMALL,4,6,A5,X,15.8,11.5,13.9
NISSAN,Frontier 4WD,PICKUP TRUCK - SMALL,4,6,M6,X,15.1,11.5,13.5
NISSAN,GT-R,SUBCOMPACT,3.8,6,AM6,Z,14.2,10.7,12.6
NISSAN,Kicks,MID-SIZE,1.6,4,AV,X,7.7,6.6,7.2
NISSAN,Maxima,MID-SIZE,3.5,6,AV7,Z,11.6,7.9,9.9
NISSAN,Micra,COMPACT,1.6,4,A4,X,9,6.8,8
NISSAN,Micra,COMPACT,1.6,4,M5,X,8.7,6.8,7.9
NISSAN,Murano,STATION WAGON - MID-SIZE,3.5,6,AV7,X,11.7,8.3,10.2
NISSAN,Murano AWD,STATION WAGON - MID-SIZE,3.5,6,AV7,X,11.7,8.5,10.3
NISSAN,NV200 Cargo Van,SPECIAL PURPOSE VEHICLE,2,4,AV,X,9.8,8.8,9.3
NISSAN,Pathfinder,SUV - SMALL,3.5,6,AV,X,11.6,8.5,10.2
NISSAN,Pathfinder 4WD,SUV - SMALL,3.5,6,AV,X,12.1,8.9,10.7
NISSAN,Pathfinder 4WD Platinum,SUV - SMALL,3.5,6,AV,X,12.4,9.2,11
NISSAN,Qashqai,STATION WAGON - SMALL,2,4,AV7,X,8.6,7.2,8
NISSAN,Qashqai,STATION WAGON - SMALL,2,4,M6,X,10.1,8.1,9.2
NISSAN,Qashqai AWD,STATION WAGON - SMALL,2,4,AV7,X,9.1,7.6,8.4
NISSAN,Rogue,SUV - SMALL,2.5,4,AV,X,9.1,7.1,8.2
NISSAN,Rogue AWD,SUV - SMALL,2.5,4,AV,X,9.6,7.5,8.7
NISSAN,Sentra,MID-SIZE,1.8,4,AV,X,8.1,6.3,7.3
NISSAN,Sentra,MID-SIZE,1.8,4,M6,X,8.8,6.6,7.8
NISSAN,Sentra (Turbo),MID-SIZE,1.6,4,AV7,Z,8.9,7.3,8.2
NISSAN,Sentra (Turbo),MID-SIZE,1.6,4,M6,Z,9.1,7.3,8.3
NISSAN,Sentra Nismo,MID-SIZE,1.6,4,AV7,Z,9.4,7.8,8.7
NISSAN,Sentra Nismo,MID-SIZE,1.6,4,M6,Z,9.5,7.6,8.7
NISSAN,Titan,PICKUP TRUCK - STANDARD,5.6,8,AS7,X,15,11.2,13.3
NISSAN,Titan 4WD,PICKUP TRUCK - STANDARD,5.6,8,AS7,X,15.2,11.1,13.4
NISSAN,Titan 4WD Pro-4X,PICKUP TRUCK - STANDARD,5.6,8,AS7,X,15.9,11.9,14.1
NISSAN,Versa,MID-SIZE,1.6,4,AV,X,7.6,6.2,7
NISSAN,Versa,MID-SIZE,1.6,4,M5,X,8.6,6.6,7.7
PORSCHE,911 Carrera,MINICOMPACT,3,6,AM7,Z,10.6,8,9.4
PORSCHE,911 Carrera,MINICOMPACT,3,6,M7,Z,11.8,8.1,10.1
PORSCHE,911 Carrera Cabriolet,MINICOMPACT,3,6,AM7,Z,10.8,8.3,9.7
PORSCHE,911 Carrera Cabriolet,MINICOMPACT,3,6,M7,Z,12,8.2,10.3
PORSCHE,911 Carrera GTS,MINICOMPACT,3,6,AM7,Z,11.5,9.1,10.4
PORSCHE,911 Carrera GTS,MINICOMPACT,3,6,M7,Z,13,8.9,11.2
PORSCHE,911 Carrera GTS Cabriolet,MINICOMPACT,3,6,AM7,Z,11.8,9.2,10.7
PORSCHE,911 Carrera GTS Cabriolet,MINICOMPACT,3,6,M7,Z,12.7,9,11
PORSCHE,911 Carrera S,MINICOMPACT,3,6,AM7,Z,10.8,8.3,9.7
PORSCHE,911 Carrera S,MINICOMPACT,3,6,M7,Z,12.1,8.3,10.3
PORSCHE,911 Carrera S Cabriolet,MINICOMPACT,3,6,AM7,Z,10.8,8.4,9.7
PORSCHE,911 Carrera S Cabriolet,MINICOMPACT,3,6,M7,Z,12.1,8.3,10.4
PORSCHE,911 Carrera T,MINICOMPACT,3,6,AM7,Z,11.9,9.1,10.6
PORSCHE,911 Carrera T,MINICOMPACT,3,6,M7,Z,14.6,9.4,12.3
PORSCHE,911 Carrera 4,MINICOMPACT,3,6,AM7,Z,10.7,8.3,9.6
PORSCHE,911 Carrera 4,MINICOMPACT,3,6,M7,Z,12.1,8.3,10.4
PORSCHE,911 Carrera 4 Cabriolet,MINICOMPACT,3,6,AM7,Z,11,8.4,9.8
PORSCHE,911 Carrera 4 Cabriolet,MINICOMPACT,3,6,M7,Z,12.2,8.5,10.5
PORSCHE,911 Carrera 4 GTS,MINICOMPACT,3,6,AM7,Z,11.8,9.2,10.6
PORSCHE,911 Carrera 4 GTS,MINICOMPACT,3,6,M7,Z,12.8,8.9,11
PORSCHE,911 Carrera 4 GTS Cabriolet,MINICOMPACT,3,6,AM7,Z,11.9,9.3,10.7
PORSCHE,911 Carrera 4 GTS Cabriolet,MINICOMPACT,3,6,M7,Z,12.9,9.1,11.2
PORSCHE,911 Carrera 4S,MINICOMPACT,3,6,AM7,Z,11.1,8.5,9.9
PORSCHE,911 Carrera 4S,MINICOMPACT,3,6,M7,Z,12.1,8.4,10.4
PORSCHE,911 Carrera 4S Cabriolet,MINICOMPACT,3,6,AM7,Z,11,8.5,9.9
PORSCHE,911 Carrera 4S Cabriolet,MINICOMPACT,3,6,M7,Z,12.2,8.5,10.5
PORSCHE,911 GT2 RS,TWO-SEATER,3.8,6,AM7,Z,15.3,11.2,13.5
PORSCHE,911 GT3,TWO-SEATER,4,6,AM7,Z,15.8,11.7,13.9
PORSCHE,911 GT3,TWO-SEATER,4,6,M6,Z,18,11.5,15.1
PORSCHE,911 GT3 RS,TWO-SEATER,4,6,AM7,Z,16.1,12.2,14.4
PORSCHE,911 GT3 Touring,TWO-SEATER,4,6,M6,Z,16.4,11.2,14.1
PORSCHE,911 Speedster,TWO-SEATER,4,6,M6,Z,17.4,12.4,15.1
PORSCHE,911 Targa 4,MINICOMPACT,3,6,AM7,Z,10.9,8.4,9.8
PORSCHE,911 Targa 4,MINICOMPACT,3,6,M7,Z,12.2,8.5,10.5
PORSCHE,911 Targa 4 GTS,MINICOMPACT,3,6,AM7,Z,12.1,9.2,10.8
PORSCHE,911 Targa 4 GTS,MINICOMPACT,3,6,M7,Z,13.2,9.2,11.4
PORSCHE,911 Targa 4S,MINICOMPACT,3,6,AM7,Z,11.1,8.6,10
PORSCHE,911 Targa 4S,MINICOMPACT,3,6,M7,Z,12.2,8.5,10.5
PORSCHE,911 Turbo,MINICOMPACT,3.8,6,AM7,Z,12.6,9.9,11.4
PORSCHE,911 Turbo Cabriolet,MINICOMPACT,3.8,6,AM7,Z,12.7,9.9,11.4
PORSCHE,911 Turbo S,MINICOMPACT,3.8,6,AM7,Z,12.6,9.9,11.4
PORSCHE,911 Turbo S Cabriolet,MINICOMPACT,3.8,6,AM7,Z,12.7,9.9,11.4
PORSCHE,911 Turbo S Exclusive Cabriolet,MINICOMPACT,3.8,6,AM7,Z,14.3,10.9,12.7
PORSCHE,Boxster,TWO-SEATER,2,4,AM7,Z,10.5,8,9.4
PORSCHE,Boxster,TWO-SEATER,2,4,M6,Z,11,8.3,9.8
PORSCHE,Boxster GTS,TWO-SEATER,2.5,4,AM7,Z,11.8,9.2,10.6
PORSCHE,Boxster GTS,TWO-SEATER,2.5,4,M6,Z,12.3,9.4,11
PORSCHE,Boxster S,TWO-SEATER,2.5,4,AM7,Z,11.1,8.4,9.9
PORSCHE,Boxster S,TWO-SEATER,2.5,4,M6,Z,12.1,9,10.7
PORSCHE,Cayenne,SUV - STANDARD,3,6,AS8,Z,12.5,10,11.4
PORSCHE,Cayenne S,SUV - STANDARD,2.9,6,AS8,Z,12.9,10.4,11.8
PORSCHE,Cayenne Turbo,SUV - STANDARD,4,8,AS8,Z,15.6,12.4,14.1
PORSCHE,Cayman,TWO-SEATER,2,4,AM7,Z,10.5,8,9.4
PORSCHE,Cayman,TWO-SEATER,2,4,M6,Z,11,8.3,9.8
PORSCHE,Cayman GTS,TWO-SEATER,2.5,4,AM7,Z,11.8,9.2,10.6
PORSCHE,Cayman GTS,TWO-SEATER,2.5,4,M6,Z,12.3,9.4,11
PORSCHE,Cayman S,TWO-SEATER,2.5,4,AM7,Z,11.1,8.4,9.9
PORSCHE,Cayman S,TWO-SEATER,2.5,4,M6,Z,12.1,9,10.7
PORSCHE,Macan,SUV - SMALL,2,4,AM7,Z,12.2,10.2,11.3
PORSCHE,Macan S,SUV - SMALL,3,6,AM7,Z,12.9,10.2,11.7
PORSCHE,Panamera,FULL-SIZE,3,6,AM8,Z,12.4,8.7,10.7
PORSCHE,Panamera 4,FULL-SIZE,3,6,AM8,Z,12.4,9,10.9
PORSCHE,Panamera 4 Executive,FULL-SIZE,3,6,AM8,Z,12.4,9,10.9
PORSCHE,Panamera 4 ST,FULL-SIZE,3,6,AM8,Z,12.2,8.9,10.7
PORSCHE,Panamera 4S,FULL-SIZE,2.9,6,AM8,Z,13.1,8.9,11.2
PORSCHE,Panamera 4S Executive,FULL-SIZE,2.9,6,AM8,Z,13.1,8.9,11.2
PORSCHE,Panamera 4S ST,FULL-SIZE,2.9,6,AM8,Z,13.1,9.8,11.6
PORSCHE,Panamera GTS,FULL-SIZE,4,8,AM8,Z,14.5,10.2,12.6
PORSCHE,Panamera GTS ST,FULL-SIZE,4,8,AM8,Z,15.7,10.5,13.4
PORSCHE,Panamera Turbo,FULL-SIZE,4,8,AM8,Z,12.8,9.2,11.2
PORSCHE,Panamera Turbo Executive,FULL-SIZE,4,8,AM8,Z,12.8,9.2,11.2
PORSCHE,Panamera Turbo ST,FULL-SIZE,4,8,AM8,Z,13.4,10.1,11.9
RAM,1500 eTorque,PICKUP TRUCK - STANDARD,3.6,6,A8,X,11.9,9.4,10.8
RAM,1500 HFE eTorque,PICKUP TRUCK - STANDARD,3.6,6,A8,X,11.6,9,10.4
RAM,1500,PICKUP TRUCK - STANDARD,5.7,8,A8,X,16.2,10.5,13.6
RAM,1500 eTorque,PICKUP TRUCK - STANDARD,5.7,8,A8,X,14.1,10.3,12.4
RAM,1500 4X4 eTorque,PICKUP TRUCK - STANDARD,3.6,6,A8,X,12.2,9.7,11.1
RAM,1500 4X4,PICKUP TRUCK - STANDARD,5.7,8,A8,X,16.1,11,13.8
RAM,1500 4X4 eTorque,PICKUP TRUCK - STANDARD,5.7,8,A8,X,14.3,11.1,12.9
RAM,1500 Classic EcoDiesel,PICKUP TRUCK - STANDARD,3,6,A8,D,11.8,8.6,10.4
RAM,1500 Classic FFV,PICKUP TRUCK - STANDARD,3.6,6,A8,X,13.9,9.6,11.9
RAM,1500 Classic FFV,PICKUP TRUCK - STANDARD,3.6,6,A8,E,19.7,13.8,17
RAM,1500 Classic,PICKUP TRUCK - STANDARD,5.7,8,A6,X,17,12,14.8
RAM,1500 Classic,PICKUP TRUCK - STANDARD,5.7,8,A8,X,15.7,11,13.6
RAM,1500 Classic 4X4 EcoDiesel,PICKUP TRUCK - STANDARD,3,6,A8,D,12.3,8.8,10.8
RAM,1500 Classic 4X4 FFV,PICKUP TRUCK - STANDARD,3.6,6,A8,X,14.5,10.2,12.6
RAM,1500 Classic 4X4 FFV,PICKUP TRUCK - STANDARD,3.6,6,A8,E,20.7,14.7,18
RAM,1500 Classic 4X4,PICKUP TRUCK - STANDARD,5.7,8,A6,X,18.7,13.3,16.3
RAM,1500 Classic 4X4,PICKUP TRUCK - STANDARD,5.7,8,A8,X,16.1,11.5,14
RAM,ProMaster City,SPECIAL PURPOSE VEHICLE,2.4,4,A9,X,11.2,8.3,9.9
ROLLS-ROYCE,Cullinan,STATION WAGON - MID-SIZE,6.7,12,AS8,Z,20,11.8,16.3
ROLLS-ROYCE,Dawn,COMPACT,6.6,12,AS8,Z,20.3,13,17
ROLLS-ROYCE,Ghost,FULL-SIZE,6.6,12,AS8,Z,20.3,13,17
ROLLS-ROYCE,Ghost EWB,FULL-SIZE,6.6,12,AS8,Z,20.3,13,17
ROLLS-ROYCE,Phantom,FULL-SIZE,6.7,12,AS8,Z,20,11.8,16.3
ROLLS-ROYCE,Phantom EWB,FULL-SIZE,6.7,12,AS8,Z,20,11.8,16.3
ROLLS-ROYCE,Wraith,MID-SIZE,6.6,12,AS8,Z,19.6,12.9,16.6
SUBARU,Ascent AWD,SUV - STANDARD,2.4,4,AV8,X,11.6,9,10.4
SUBARU,BRZ,MINICOMPACT,2,4,AS6,Z,9.7,7.2,8.6
SUBARU,BRZ,MINICOMPACT,2,4,M6,Z,11.2,8.3,9.9
SUBARU,Crosstrek AWD,SUV - SMALL,2,4,AV7,X,8.8,7.2,8.1
SUBARU,Crosstrek AWD,SUV - SMALL,2,4,M6,X,10.5,8.1,9.4
SUBARU,Forester AWD,SUV - SMALL,2.5,4,AV7,X,9,7.2,8.2
SUBARU,Impreza 4-Door AWD,MID-SIZE,2,4,AV7,X,8.3,6.4,7.5
SUBARU,Impreza 4-Door AWD,MID-SIZE,2,4,M5,X,10.1,7.5,8.9
SUBARU,Impreza 5-Door AWD,STATION WAGON - SMALL,2,4,AV7,X,8.4,6.6,7.6
SUBARU,Impreza 5-Door AWD,STATION WAGON - SMALL,2,4,M5,X,10.1,7.7,9
SUBARU,Legacy AWD,MID-SIZE,2.5,4,AV7,X,9.3,7,8.2
SUBARU,Legacy AWD,MID-SIZE,3.6,6,AV6,X,11.9,8.3,10.3
SUBARU,Outback AWD,SUV - SMALL,2.5,4,AV7,X,9.4,7.3,8.5
SUBARU,Outback AWD,SUV - SMALL,3.6,6,AV6,X,12,8.7,10.5
SUBARU,WRX AWD,COMPACT,2,4,AV8,Z,12.6,9.6,11.2
SUBARU,WRX AWD,COMPACT,2,4,M6,Z,11.3,8.5,10
SUBARU,WRX STI AWD,COMPACT,2.5,4,M6,Z,14.3,10.7,12.7
TOYOTA,4Runner 4WD,SUV - STANDARD,4,6,AS5,X,14.3,11.9,13.2
TOYOTA,4Runner 4WD (Part-Time 4WD),SUV - STANDARD,4,6,AS5,X,14.3,11.9,13.2
TOYOTA,86,MINICOMPACT,2,4,AS6,Z,9.9,7.3,8.7
TOYOTA,86,MINICOMPACT,2,4,M6,Z,11.3,8.3,9.9
TOYOTA,Avalon,MID-SIZE,3.5,6,AS8,X,10.9,7.6,9.4
TOYOTA,Camry,MID-SIZE,2.5,4,AS8,X,8.1,5.7,6.9
TOYOTA,Camry LE/SE,MID-SIZE,2.5,4,AS8,X,8.4,6.1,7.4
TOYOTA,Camry XLE/XSE,MID-SIZE,2.5,4,AS8,X,8.5,6.2,7.5
TOYOTA,Camry,MID-SIZE,3.5,6,AS8,X,10.5,7.1,9
TOYOTA,Camry XSE,MID-SIZE,3.5,6,AS8,X,10.7,7.4,9.2
TOYOTA,Camry Hybrid LE,MID-SIZE,2.5,4,AV6,X,4.9,4.8,4.9
TOYOTA,Camry Hybrid XLE/SE,MID-SIZE,2.5,4,AV6,X,5.3,5,5.1
TOYOTA,C-HR,COMPACT,2,4,AS7,X,8.7,7.5,8.2
TOYOTA,Corolla,MID-SIZE,1.8,4,AV,X,8.3,6.5,7.5
TOYOTA,Corolla,MID-SIZE,1.8,4,AV7,X,8.3,6.7,7.6
TOYOTA,Corolla,MID-SIZE,1.8,4,M6,X,8.5,6.6,7.6
TOYOTA,Corolla LE Eco,MID-SIZE,1.8,4,AV,X,7.8,5.9,6.9
TOYOTA,Corolla Hatchback,COMPACT,2,4,AV10,X,7.5,5.8,6.7
TOYOTA,Corolla Hatchback,COMPACT,2,4,M6,X,8.4,6.3,7.5
TOYOTA,Highlander,SUV - SMALL,3.5,6,AS8,X,11.8,8.7,10.3
TOYOTA,Highlander AWD,SUV - STANDARD,3.5,6,AS8,X,12.1,9,10.6
TOYOTA,Highlander AWD (Start/Stop System),SUV - STANDARD,3.5,6,AS8,X,12,8.9,10.6
TOYOTA,Highlander AWD LE,SUV - STANDARD,3.5,6,AS8,X,11.7,8.8,10.4
TOYOTA,Highlander Hybrid AWD,SUV - STANDARD,3.5,6,AV6,X,8.1,8.5,8.3
TOYOTA,Prius,MID-SIZE,1.8,4,AV,X,4.4,4.6,4.4
TOYOTA,Prius AWD,MID-SIZE,1.8,4,AV,X,4.5,4.9,4.7
TOYOTA,Prius c,COMPACT,1.5,4,AV,X,4.9,5.5,5.1
TOYOTA,RAV4,SUV - SMALL,2.5,4,AS8,X,8.8,6.7,7.8
TOYOTA,RAV4 AWD,SUV - SMALL,2.5,4,AS8,X,9.2,7.1,8.3
TOYOTA,RAV4 Hybrid AWD,SUV - SMALL,2.5,4,AV6,X,5.8,6.3,6
TOYOTA,Sequoia 4WD,SUV - STANDARD,5.7,8,AS6,X,18.4,13.8,16.4
TOYOTA,Sienna,MINIVAN,3.5,6,AS8,X,12.4,8.9,10.8
TOYOTA,Sienna AWD,MINIVAN,3.5,6,AS8,X,13.4,9.6,11.7
TOYOTA,Tacoma,PICKUP TRUCK - SMALL,2.7,4,AS6,X,12.1,10.1,11.2
TOYOTA,Tacoma 4WD,PICKUP TRUCK - SMALL,2.7,4,AS6,X,12.7,10.6,11.7
TOYOTA,Tacoma 4WD,PICKUP TRUCK - SMALL,3.5,6,AS6,X,13,10.5,11.9
TOYOTA,Tacoma 4WD,PICKUP TRUCK - SMALL,3.5,6,M6,X,13.8,11.4,12.7
TOYOTA,Tacoma 4WD D-Cab Off-Road,PICKUP TRUCK - SMALL,3.5,6,M6,X,13.8,11.7,12.9
TOYOTA,Tundra,PICKUP TRUCK - STANDARD,5.7,8,AS6,X,17.7,13.6,15.9
TOYOTA,Tundra 4WD,PICKUP TRUCK - STANDARD,4.6,8,AS6,X,16.8,13.1,14.9
TOYOTA,Tundra 4WD,PICKUP TRUCK - STANDARD,5.7,8,AS6,X,18,14.1,16.3
TOYOTA,Yaris,COMPACT,1.5,4,AS6,X,7.3,5.8,6.6
TOYOTA,Yaris (SIL),COMPACT,1.5,4,M6,X,7.8,6,6.8
TOYOTA,Yaris Hatchback,COMPACT,1.5,4,A4,X,7.9,6.8,7.4
TOYOTA,Yaris Hatchback,COMPACT,1.5,4,M5,X,7.8,6.5,7.2
VOLKSWAGEN,Arteon 4MOTION,FULL-SIZE,2,4,AS8,Z,12,8.6,10.4
VOLKSWAGEN,Atlas,SUV - SMALL,2,4,AS8,X,11.6,9.1,10.5
VOLKSWAGEN,Atlas 4MOTION,SUV - STANDARD,3.6,6,AS8,X,13.8,10.2,12.2
VOLKSWAGEN,Beetle,COMPACT,2,4,AS6,X,9,7.1,8.2
VOLKSWAGEN,Beetle Convertible,SUBCOMPACT,2,4,AS6,X,9,7.1,8.2
VOLKSWAGEN,Beetle Dune,COMPACT,2,4,AS6,X,9.1,6.9,8.1
VOLKSWAGEN,Beetle Dune Convertible,SUBCOMPACT,2,4,AS6,X,9.1,6.9,8.1
VOLKSWAGEN,Golf,COMPACT,1.4,4,AS8,X,8.1,6.4,7.4
VOLKSWAGEN,Golf,COMPACT,1.4,4,M6,X,8.2,6.3,7.4
VOLKSWAGEN,Golf GTI,COMPACT,2,4,AM7,X,9.6,7.5,8.6
VOLKSWAGEN,Golf GTI,COMPACT,2,4,M6,X,9.8,7.3,8.7
VOLKSWAGEN,Golf R,COMPACT,2,4,AM7,Z,10.2,7.9,9.2
VOLKSWAGEN,Golf R,COMPACT,2,4,M6,Z,11.4,8.2,9.9
VOLKSWAGEN,Golf Alltrack,STATION WAGON - SMALL,1.8,4,AM6,X,10.7,8,9.4
VOLKSWAGEN,Golf Alltrack,STATION WAGON - SMALL,1.8,4,M6,X,11.1,7.8,9.6
VOLKSWAGEN,Golf SportWagen,STATION WAGON - SMALL,1.4,4,AS8,X,8.6,6.5,7.6
VOLKSWAGEN,Golf SportWagen,STATION WAGON - SMALL,1.4,4,M6,X,8.2,6.3,7.4
VOLKSWAGEN,Golf SportWagen 4MOTION,STATION WAGON - SMALL,1.8,4,AM6,X,10.8,8.1,9.6
VOLKSWAGEN,Golf SportWagen 4MOTION,STATION WAGON - SMALL,1.8,4,M6,X,10.8,7.6,9.3
VOLKSWAGEN,Jetta,COMPACT,1.4,4,AS8,X,7.8,5.9,7
VOLKSWAGEN,Jetta,COMPACT,1.4,4,M6,X,7.9,5.9,7
VOLKSWAGEN,Jetta GLI,COMPACT,2,4,AM7,X,9.3,7.2,8.4
VOLKSWAGEN,Jetta GLI,COMPACT,2,4,M6,X,9.6,7.3,8.5
VOLKSWAGEN,Passat,MID-SIZE,2,4,AS6,X,9.3,6.5,8.1
VOLKSWAGEN,Tiguan,SUV - SMALL,2,4,AS8,X,10.7,8,9.5
VOLKSWAGEN,Tiguan 4MOTION,SUV - SMALL,2,4,AS8,X,11.1,8.1,9.8
VOLVO,S60 T5,COMPACT,2,4,AS8,Z,9.9,6.6,8.4
VOLVO,S60 T6 AWD,COMPACT,2,4,AS8,Z,11.1,7.3,9.4
VOLVO,S90 T5 AWD,MID-SIZE,2,4,AS8,Z,10.6,7.4,9.2
VOLVO,S90 T6 AWD,MID-SIZE,2,4,AS8,Z,11.1,7.3,9.4
VOLVO,V60 T5,STATION WAGON - SMALL,2,4,AS8,Z,9.9,6.6,8.4
VOLVO,V60 T6 AWD,STATION WAGON - SMALL,2,4,AS8,Z,11.1,7.3,9.4
VOLVO,V60 CC T5 AWD,STATION WAGON - SMALL,2,4,AS8,Z,10.8,7.6,9.3
VOLVO,V90 T6 AWD,STATION WAGON - MID-SIZE,2,4,AS8,Z,11.1,7.3,9.4
VOLVO,V90 CC T6 AWD,STATION WAGON - MID-SIZE,2,4,AS8,Z,11.6,8.1,10
VOLVO,XC40 T5 AWD,SUV - SMALL,2,4,AS8,Z,10.3,7.5,9
VOLVO,XC60 T5 AWD,SUV - SMALL,2,4,AS8,Z,11.3,8.5,10
VOLVO,XC60 T6 AWD,SUV - SMALL,2,4,AS8,Z,11.8,8.6,10.4
VOLVO,XC90 T5 AWD,SUV - STANDARD,2,4,AS8,Z,11.3,8.5,10
VOLVO,XC90 T6 AWD,SUV - STANDARD,2,4,AS8,Z,12.1,8.9,10.7
ACURA,ILX,COMPACT,2.4,4,AM8,Z,9.9,7,8.6
ACURA,MDX SH-AWD,SUV - SMALL,3.5,6,AS9,Z,12.3,9.2,10.9
ACURA,MDX SH-AWD A-SPEC,SUV - SMALL,3.5,6,AS9,Z,12.2,9.5,11
ACURA,MDX Hybrid AWD,SUV - SMALL,3,6,AM7,Z,9.1,9,9
ACURA,RDX AWD,SUV - SMALL,2,4,AS10,Z,11,8.6,9.9
ACURA,RDX AWD A-SPEC,SUV - SMALL,2,4,AS10,Z,11.3,9.1,10.3
ACURA,RLX Hybrid,MID-SIZE,3.5,6,AM7,Z,8.4,8.2,8.4
ACURA,TLX A-SPEC,COMPACT,2.4,4,AM8,Z,10.2,7.4,8.9
ACURA,TLX SH-AWD,COMPACT,3.5,6,AS9,Z,11.4,7.7,9.8
ACURA,TLX SH-AWD A-SPEC/Limited Edition,COMPACT,3.5,6,AS9,Z,12,8.2,10.3
ALFA ROMEO,4C Spider,TWO-SEATER,1.8,4,AM6,Z,9.7,6.9,8.4
ALFA ROMEO,Giulia,MID-SIZE,2,4,A8,Z,10,7.2,8.7
ALFA ROMEO,Giulia AWD,MID-SIZE,2,4,A8,Z,10.5,7.7,9.2
ALFA ROMEO,Giulia Quadrifoglio,MID-SIZE,2.9,6,A8,Z,13.5,9.3,11.6
ALFA ROMEO,Stelvio,SUV - SMALL,2,4,A8,Z,10.3,8.1,9.3
ALFA ROMEO,Stelvio AWD,SUV - SMALL,2,4,A8,Z,10.8,8.3,9.6
ALFA ROMEO,Stelvio AWD Quadrifoglio,SUV - SMALL,2.9,6,A8,Z,13.9,10.3,12.3
ASTON MARTIN,DB11 V8,MINICOMPACT,4,8,A8,Z,13,9.8,11.5
ASTON MARTIN,DB11 AMR,MINICOMPACT,5.2,12,A8,Z,15.5,10.6,13.3
ASTON MARTIN,DBS Superleggera,MINICOMPACT,5.2,12,A8,Z,16.4,10.7,13.8
ASTON MARTIN,Vantage V8,TWO-SEATER,4,8,A8,Z,13.1,9.6,11.5
ASTON MARTIN,Vantage V8,TWO-SEATER,4,8,M7,Z,16.7,11.2,14.2
AUDI,A3,SUBCOMPACT,2,4,AM7,X,8.8,6.5,7.8
AUDI,A3 quattro,SUBCOMPACT,2,4,AM7,X,10.8,8,9.5
AUDI,A3 Cabriolet quattro,SUBCOMPACT,2,4,AM7,X,10.8,8,9.5
AUDI,A4 quattro,COMPACT,2,4,AM7,Z,10,7.3,8.8
AUDI,A4 allroad quattro,STATION WAGON - SMALL,2,4,AM7,Z,10,7.4,8.8
AUDI,A5 quattro,SUBCOMPACT,2,4,AM7,Z,10,7.3,8.8
AUDI,A5 Cabriolet quattro,SUBCOMPACT,2,4,AM7,Z,10,7.4,8.8
AUDI,A5 Sportback quattro,MID-SIZE,2,4,AM7,Z,10,7.3,8.8
AUDI,A6 quattro,MID-SIZE,2,4,AM7,Z,9.8,7.4,8.7
AUDI,A6 quattro,MID-SIZE,3,6,AM7,Z,10.9,8.2,9.7
AUDI,A6 allroad,MID-SIZE,3,6,AM7,Z,11.8,9.1,10.6
AUDI,A7 quattro,MID-SIZE,3,6,AM7,Z,10.9,8.2,9.7
AUDI,A8L,FULL-SIZE,3,6,AS8,Z,13.5,8.9,11.5
AUDI,A8L,FULL-SIZE,4,8,AS8,Z,15.4,10.4,13.2
AUDI,Q3 quattro,SUV - SMALL,2,4,AS8,X,12.3,8.6,10.6
AUDI,Q5,SUV - SMALL,2,4,AM7,Z,10.7,8.4,9.7
AUDI,Q7,SUV - STANDARD,3,6,AS8,Z,13.8,11.4,12.7
AUDI,Q8,SUV - STANDARD,3,6,AS8,Z,13.8,11.4,12.7
AUDI,R8 Coupe,TWO-SEATER,5.2,10,AM7,Z,17.5,11.7,14.9
AUDI,R8 Spyder,TWO-SEATER,5.2,10,AM7,Z,17.5,11.7,14.9
AUDI,RS 3,SUBCOMPACT,2.5,5,AM7,Z,12.1,8.4,10.4
AUDI,S3,SUBCOMPACT,2,4,AM7,Z,10.7,8,9.5
AUDI,S4,COMPACT,3,6,AS8,Z,11.8,8.9,10.5
AUDI,S5,SUBCOMPACT,3,6,AS8,Z,11.8,8.9,10.5
AUDI,S5 Cabriolet,SUBCOMPACT,3,6,AS8,Z,12.1,9.1,10.8
AUDI,S5 Sportback,MID-SIZE,3,6,AS8,Z,11.8,8.9,10.5
AUDI,S6,MID-SIZE,2.9,6,AS8,Z,12.9,8.5,10.9
AUDI,S7,MID-SIZE,2.9,6,AS8,Z,12.9,8.5,10.9
AUDI,S8,FULL-SIZE,4,8,AS8,Z,17.6,10.7,14.5
AUDI,SQ5,SUV - SMALL,3,6,AS8,Z,13.1,10.3,11.8
AUDI,TT Coupe quattro,SUBCOMPACT,2,4,AM7,X,10.3,7.7,9.1
AUDI,TT Roadster quattro,TWO-SEATER,2,4,AM7,X,10.3,7.7,9.1
AUDI,TT RS,SUBCOMPACT,2.5,5,AM7,Z,12.1,8.2,10.3
AUDI,TTS Coupe,SUBCOMPACT,2,4,AM7,Z,10.4,8.2,9.4
BENTLEY,Bentayga,SUV - STANDARD,4,8,AS8,Z,16.4,10.1,13.6
BENTLEY,Bentayga,SUV - STANDARD,6,12,AS8,Z,20,13.8,17.2
BENTLEY,Continental GT,COMPACT,4,8,AM8,Z,15.1,9.1,12.4
BENTLEY,Continental GT,COMPACT,6,12,AM8,Z,19,11.6,15.7
BENTLEY,Continental GT Convertible,SUBCOMPACT,4,8,AM8,Z,15.1,9.1,12.4
BENTLEY,Continental GT Convertible,SUBCOMPACT,6,12,AM8,Z,19.2,12.2,16
BENTLEY,Flying Spur,MID-SIZE,6,12,AM8,Z,19.2,12.2,16
BMW,230i Cabriolet,SUBCOMPACT,2,4,AS8,Z,10.1,7,8.7
BMW,230i xDrive Cabriolet,SUBCOMPACT,2,4,AS8,Z,10.9,7.5,9.4
BMW,230i Coupe,SUBCOMPACT,2,4,AS8,Z,9.5,7.4,8.5
BMW,230i xDrive Coupe,SUBCOMPACT,2,4,AS8,Z,10.9,7.5,9.4
BMW,330i xDrive Sedan,COMPACT,2,4,AS8,Z,9.5,6.9,8.3
BMW,430i xDrive Cabriolet,SUBCOMPACT,2,4,AS8,Z,10.6,7.3,9.1
BMW,430i Coupe,COMPACT,2,4,AS8,Z,10.1,7,8.7
BMW,430i xDrive Coupe,COMPACT,2,4,AS8,Z,10.9,7.5,9.4
BMW,430i xDrive Gran Coupe,COMPACT,2,4,AS8,Z,10.9,7.5,9.4
BMW,440i xDrive Cabriolet,SUBCOMPACT,3,6,AS8,Z,12.4,8.5,10.7
BMW,440i Coupe,COMPACT,3,6,AS8,Z,11.4,8.1,9.9
BMW,440i xDrive Coupe,COMPACT,3,6,AS8,Z,11.4,8.3,10
BMW,440i xDrive Coupe,COMPACT,3,6,M6,Z,13,8.5,11
BMW,440i xDrive Gran Coupe,COMPACT,3,6,AS8,Z,11.4,8.3,10
BMW,530i xDrive Sedan,MID-SIZE,2,4,AS8,Z,9.9,7.5,8.8
BMW,540i xDrive Sedan,MID-SIZE,3,6,AS8,Z,10.7,8.1,9.5
BMW,750i xDrive Sedan,FULL-SIZE,4.4,8,AS8,Z,14.5,9.9,12.4
BMW,750Li xDrive Sedan,FULL-SIZE,4.4,8,AS8,Z,14.5,9.9,12.4
BMW,Alpina B7 xDrive,FULL-SIZE,4.4,8,AS8,Z,14.5,9.9,12.4
BMW,M2 Competition,SUBCOMPACT,3,6,AM7,Z,14.1,10.3,12.4
BMW,M2 Competition,SUBCOMPACT,3,6,M6,Z,13.4,9.6,11.7
BMW,M240i Cabriolet,SUBCOMPACT,3,6,AS8,Z,11.4,8.1,9.9
BMW,M240i Cabriolet,SUBCOMPACT,3,6,M6,Z,12.7,8.8,10.9
BMW,M240i xDrive Cabriolet,SUBCOMPACT,3,6,AS8,Z,11.4,8.3,10
BMW,M240i Coupe,SUBCOMPACT,3,6,AS8,Z,11.4,8.1,9.9
BMW,M240i Coupe M Performance,SUBCOMPACT,3,6,AS8,Z,11.4,8.1,9.9
BMW,M240i Coupe,SUBCOMPACT,3,6,M6,Z,12.7,8.8,10.9
BMW,M240i Coupe M Performance,SUBCOMPACT,3,6,M6,Z,12.7,8.8,10.9
BMW,M240i xDrive Coupe,SUBCOMPACT,3,6,AS8,Z,11.4,8.3,10
BMW,M240i xDrive Coupe M Performance,SUBCOMPACT,3,6,AS8,Z,11.4,8.3,10
BMW,M340i xDrive Sedan,COMPACT,3,6,AS8,Z,11.4,8.3,10
BMW,M4 Cabriolet,SUBCOMPACT,3,6,AM7,Z,14.5,10.5,12.7
BMW,M4 Cabriolet Competition,SUBCOMPACT,3,6,AM7,Z,14.5,10.5,12.7
BMW,M4 Cabriolet,SUBCOMPACT,3,6,M6,Z,13.8,9.4,11.9
BMW,M4 Cabriolet Competition,SUBCOMPACT,3,6,M6,Z,13.8,9.4,11.9
BMW,M4 Coupe,COMPACT,3,6,AM7,Z,14.1,10.3,12.4
BMW,M4 Coupe Competition,COMPACT,3,6,AM7,Z,14.1,10.3,12.4
BMW,M4 Coupe,COMPACT,3,6,M6,Z,13.4,9.6,11.7
BMW,M4 Coupe Competition,COMPACT,3,6,M6,Z,13.4,9.6,11.7
BMW,M4 CS,COMPACT,3,6,AM7,Z,14.1,10.3,12.4
BMW,M5 Sedan,MID-SIZE,4.4,8,AS8,Z,16,11,13.8
BMW,M5 Competition,MID-SIZE,4.4,8,AS8,Z,16,11,13.8
BMW,M550i xDrive Sedan,MID-SIZE,4.4,8,AS8,Z,13.6,9.3,11.7
BMW,M760i xDrive Sedan,FULL-SIZE,6.6,12,AS8,Z,17.8,11.9,15.1
BMW,M8 Cabriolet,SUBCOMPACT,4.4,8,AS8,Z,16,11,13.8
BMW,M8 Cabriolet Competition,SUBCOMPACT,4.4,8,AS8,Z,16,11,13.8
BMW,M8 Coupe,SUBCOMPACT,4.4,8,AS8,Z,16,11,13.8
BMW,M8 Coupe Competition,SUBCOMPACT,4.4,8,AS8,Z,16,11,13.8
BMW,M8 Gran Coupe,MID-SIZE,4.4,8,AS8,Z,16,11,13.8
BMW,M8 Gran Coupe Competition,MID-SIZE,4.4,8,AS8,Z,16,11,13.8
BMW,M850i xDrive Cabriolet,SUBCOMPACT,4.4,8,AS8,Z,14.5,9.9,12.4
BMW,M850i xDrive Coupe,SUBCOMPACT,4.4,8,AS8,Z,13.6,9.3,11.7
BMW,M850i xDrive Gran Coupe,MID-SIZE,4.4,8,AS8,Z,14.5,9.9,12.4
BMW,X1 xDrive28i,SUV - SMALL,2,4,AS8,Z,10.3,7.7,9.1
BMW,X2 xDrive28i,SUV - SMALL,2,4,AS8,Z,9.9,7.6,8.8
BMW,X2 M35i,SUV - SMALL,2,4,AS8,Z,10,7.8,9
BMW,X3 xDrive30i,SUV - SMALL,2,4,AS8,Z,10,8.2,9.2
BMW,X3 M,SUV - SMALL,3,6,AS8,Z,16.6,12.1,14.6
BMW,X3 M Competition,SUV - SMALL,3,6,AS8,Z,16.6,12.1,14.6
BMW,X3 M40i,SUV - SMALL,3,6,AS8,Z,11.3,8.7,10.1
BMW,X4 xDrive30i,SUV - SMALL,2,4,AS8,Z,10,8.2,9.2
BMW,X4 M,SUV - SMALL,3,6,AS8,Z,16.6,12.1,14.6
BMW,X4 M Competition,SUV - SMALL,3,6,AS8,Z,16.6,12.1,14.6
BMW,X4 M40i,SUV - SMALL,3,6,AS8,Z,11.3,8.7,10.1
BMW,X5 xDrive40i,SUV - STANDARD,3,6,AS8,Z,11.7,9.1,10.5
BMW,X5 xDrive50i,SUV - STANDARD,4.4,8,AS8,Z,14.5,10.7,12.8
BMW,X5 M50i,SUV - STANDARD,4.4,8,AS8,Z,14.5,10.7,12.8
BMW,X6 xDrive40i,SUV - STANDARD,3,6,AS8,Z,11.7,9.1,10.5
BMW,X6 M50i,SUV - STANDARD,4.4,8,AS8,Z,14.5,10.7,12.8
BMW,X7 xDrive40i,SUV - STANDARD,3,6,AS8,Z,12,9.4,10.8
BMW,X7 xDrive50i,SUV - STANDARD,4.4,8,AS8,Z,15.5,11.4,13.6
BMW,X7 M50i,SUV - STANDARD,4.4,8,AS8,Z,15.5,11.4,13.6
BMW,Z4 sDrive30i,TWO-SEATER,2,4,AS8,Z,9.5,7.4,8.5
BMW,Z4 M40i,TWO-SEATER,3,6,AS8,Z,10.3,8,9.3
BUGATTI,Chiron,TWO-SEATER,8,16,AM7,Z,26.8,16.6,22.2
BUICK,Enclave,SUV - STANDARD,3.6,6,A9,X,13,9.1,11.2
BUICK,Enclave AWD,SUV - STANDARD,3.6,6,A9,X,13.6,9.6,11.8
BUICK,Encore,SUV - SMALL,1.4,4,AS6,X,9.4,7.8,8.7
BUICK,Encore AWD,SUV - SMALL,1.4,4,AS6,X,10,8,9.1
BUICK,Encore GX,SUV - SMALL,1.2,3,AV,X,9,7.7,8.4
BUICK,Encore GX AWD,SUV - SMALL,1.3,3,A9,X,9,8,8.5
BUICK,Envision AWD,SUV - SMALL,2,4,A9,Z,11.7,9.4,10.7
BUICK,Envision AWD,SUV - SMALL,2.5,4,A6,X,11.1,8.6,10
BUICK,Regal,MID-SIZE,2,4,AS9,Z,10.3,7.4,9
BUICK,Regal AWD,MID-SIZE,2,4,AS8,Z,11,8,9.6
BUICK,Regal AWD,MID-SIZE,3.6,6,AS9,X,12.5,8.8,10.9
CADILLAC,CT4,COMPACT,2,4,AS8,Z,10.1,6.8,8.7
CADILLAC,CT4,COMPACT,2.7,4,AS10,Z,11.5,8,9.9
CADILLAC,CT4 AWD,COMPACT,2,4,AS8,Z,10.4,7.4,9.1
CADILLAC,CT4 AWD,COMPACT,2.7,4,AS10,Z,11.7,8.4,10.2
CADILLAC,CT4-V,COMPACT,2.7,4,AS10,Z,11.5,8.2,10
CADILLAC,CT4-V AWD,COMPACT,2.7,4,AS10,Z,11.7,8.4,10.2
CADILLAC,CT5,MID-SIZE,2,4,AS10,Z,10.4,7.3,9
CADILLAC,CT5,MID-SIZE,3,6,AS10,Z,12.6,9.1,11
CADILLAC,CT5 AWD,MID-SIZE,2,4,AS10,Z,11,7.7,9.5
CADILLAC,CT5 AWD,MID-SIZE,3,6,AS10,Z,13.3,9.3,11.5
CADILLAC,CT5-V,MID-SIZE,3,6,AS10,Z,13.1,9.1,11.3
CADILLAC,CT5-V AWD,MID-SIZE,3,6,AS10,Z,13.8,9.4,11.8
CADILLAC,CT6 AWD,FULL-SIZE,3.6,6,AS10,X,12.9,8.7,11
CADILLAC,CT6 AWD,FULL-SIZE,4.2,8,AS10,Z,17.3,9.5,13.8
CADILLAC,Escalade 4WD,SUV - STANDARD,6.2,8,A10,Z,16.7,11.1,14.2
CADILLAC,XT4,SUV - SMALL,2,4,AS9,Z,9.8,7.8,8.9
CADILLAC,XT4 AWD,SUV - SMALL,2,4,AS9,Z,10.9,8.2,9.7
CADILLAC,XT5,SUV - SMALL,2,4,AS9,Z,11,8.3,9.8
CADILLAC,XT5 AWD,SUV - SMALL,2,4,AS9,Z,11.2,8.9,10.1
CADILLAC,XT5 AWD,SUV - SMALL,3.6,6,AS9,X,13.4,9.4,11.6
CADILLAC,XT6 AWD,SUV - SMALL,3.6,6,AS9,X,13.5,9.7,11.8
CHEVROLET,Blazer,SUV - SMALL,2,4,A9,X,11,8.3,9.8
CHEVROLET,Blazer,SUV - SMALL,2.5,4,A9,X,11.3,8.9,10.2
CHEVROLET,Blazer AWD,SUV - SMALL,2,4,A9,X,11.3,8.7,10.1
CHEVROLET,Blazer AWD,SUV - SMALL,3.6,6,A9,X,13.1,9.4,11.4
CHEVROLET,Camaro,SUBCOMPACT,2,4,AS8,Z,10.9,7.6,9.4
CHEVROLET,Camaro,SUBCOMPACT,2,4,M6,Z,11.9,7.9,10.1
CHEVROLET,Camaro,SUBCOMPACT,3.6,6,AS10,X,12.5,8.1,10.5
CHEVROLET,Camaro,SUBCOMPACT,3.6,6,M6,X,14.3,9,11.9
CHEVROLET,Camaro SS,SUBCOMPACT,6.2,8,AS10,Z,14.6,8.9,12.1
CHEVROLET,Camaro SS,SUBCOMPACT,6.2,8,M6,Z,14.9,9.9,12.6
CHEVROLET,Camaro ZL1,SUBCOMPACT,6.2,8,AS10,Z,18.3,11.2,15.1
CHEVROLET,Camaro ZL1,SUBCOMPACT,6.2,8,M6,Z,17.2,12,14.8
CHEVROLET,Colorado,PICKUP TRUCK - SMALL,2.5,4,A6,X,12.1,9.2,10.8
CHEVROLET,Colorado,PICKUP TRUCK - SMALL,2.8,4,A6,D,11.8,7.9,10.1
CHEVROLET,Colorado,PICKUP TRUCK - SMALL,3.6,6,A8,X,13.4,9.6,11.7
CHEVROLET,Colorado 4WD,PICKUP TRUCK - SMALL,2.5,4,A6,X,12.6,9.7,11.3
CHEVROLET,Colorado 4WD,PICKUP TRUCK - SMALL,2.8,4,A6,D,12.3,8.5,10.6
CHEVROLET,Colorado 4WD,PICKUP TRUCK - SMALL,3.6,6,A8,X,14,9.9,12.2
CHEVROLET,Colorado ZR2 4WD,PICKUP TRUCK - SMALL,2.8,4,A6,D,13.3,10.6,12.1
CHEVROLET,Colorado ZR2 4WD,PICKUP TRUCK - SMALL,3.6,6,A8,X,15,13,14.1
CHEVROLET,Corvette,TWO-SEATER,6.2,8,AS8,Z,15.4,8.7,12.4
CHEVROLET,Equinox,SUV - SMALL,1.5,4,A6,X,8.9,7.7,8.4
CHEVROLET,Equinox AWD,SUV - SMALL,1.5,4,A6,X,9.3,8,8.7
CHEVROLET,Equinox AWD,SUV - SMALL,2,4,A9,Z,10.9,8.3,9.7
CHEVROLET,Impala,FULL-SIZE,3.6,6,AS6,X,12.8,8.5,10.9
CHEVROLET,Impala,FULL-SIZE,3.6,6,AS6,E,17.2,11.6,14.7
CHEVROLET,Malibu,MID-SIZE,1.5,4,AV,X,8.2,6.6,7.5
CHEVROLET,Malibu,MID-SIZE,2,4,A9,Z,10.5,7.4,9.1
CHEVROLET,Silverado,PICKUP TRUCK - STANDARD,2.7,4,A8,X,11.9,10.3,11.1
CHEVROLET,Silverado WT,PICKUP TRUCK - STANDARD,2.7,4,A8,X,12.5,10.8,11.7
CHEVROLET,Silverado,PICKUP TRUCK - STANDARD,3,6,A10,D,10.2,7.2,8.9
CHEVROLET,Silverado,PICKUP TRUCK - STANDARD,4.3,6,A6,X,15.1,11.5,13.5
CHEVROLET,Silverado,PICKUP TRUCK - STANDARD,5.3,8,A6,X,15.9,11.4,13.9
CHEVROLET,Silverado FFV,PICKUP TRUCK - STANDARD,5.3,8,A6,X,16,12.6,14.4
CHEVROLET,Silverado FFV,PICKUP TRUCK - STANDARD,5.3,8,A6,E,22.2,16.2,19.5
CHEVROLET,Silverado,PICKUP TRUCK - STANDARD,5.3,8,A8,X,13.9,10.1,12.2
CHEVROLET,Silverado 4WD,PICKUP TRUCK - STANDARD,2.7,4,A8,X,12.5,10.8,11.7
CHEVROLET,Silverado WT 4WD,PICKUP TRUCK - STANDARD,2.7,4,A8,X,12.7,11,12
CHEVROLET,Silverado 4WD,PICKUP TRUCK - STANDARD,3,6,A10,D,10.4,8,9.4
CHEVROLET,Silverado 4WD,PICKUP TRUCK - STANDARD,4.3,6,A6,X,15.7,12,14.1
CHEVROLET,Silverado 4WD Custom Trail Boss,PICKUP TRUCK - STANDARD,4.3,6,A6,X,16.3,12.9,14.8
CHEVROLET,Silverado 4WD,PICKUP TRUCK - STANDARD,5.3,8,A6,X,15.9,11.8,14.1
CHEVROLET,Silverado 4WD FFV,PICKUP TRUCK - STANDARD,5.3,8,A6,X,16.6,13,15
CHEVROLET,Silverado 4WD FFV,PICKUP TRUCK - STANDARD,5.3,8,A6,E,22.3,18.1,20.5
CHEVROLET,Silverado 4WD Custom Trail Boss,PICKUP TRUCK - STANDARD,5.3,8,A6,X,16.7,13.1,15.1
CHEVROLET,Silverado 4WD,PICKUP TRUCK - STANDARD,5.3,8,A8,X,14.7,10.7,12.9
CHEVROLET,Silverado 4WD,PICKUP TRUCK - STANDARD,5.3,8,A10,X,14.3,10.6,12.6
CHEVROLET,Silverado 4WD LT Trail Boss,PICKUP TRUCK - STANDARD,5.3,8,A10,X,14.7,11.2,13.1
CHEVROLET,Silverado 4WD,PICKUP TRUCK - STANDARD,6.2,8,A10,Z,15,12,13.7
CHEVROLET,Silverado 4WD Custom Trail Boss,PICKUP TRUCK - STANDARD,6.2,8,A10,Z,16.8,13.3,15.2
CHEVROLET,Silverado 4WD LT Trail Boss,PICKUP TRUCK - STANDARD,6.2,8,A10,Z,15.7,12.4,14.2
CHEVROLET,Spark,SUBCOMPACT,1.4,4,AV,X,7.9,6.2,7.1
CHEVROLET,Spark,SUBCOMPACT,1.4,4,M5,X,8,6.2,7.2
CHEVROLET,Suburban,SUV - STANDARD,5.3,8,A6,X,15.7,10.5,13.4
CHEVROLET,Suburban FFV,SUV - STANDARD,5.3,8,A6,X,15.7,10.5,13.4
CHEVROLET,Suburban FFV,SUV - STANDARD,5.3,8,A6,E,21.2,13.9,17.9
CHEVROLET,Suburban 4WD,SUV - STANDARD,5.3,8,A6,X,16.8,11.3,14.4
CHEVROLET,Suburban 4WD FFV,SUV - STANDARD,5.3,8,A6,X,16.8,11.3,14.4
CHEVROLET,Suburban 4WD FFV,SUV - STANDARD,5.3,8,A6,E,22.2,15.3,19.1
CHEVROLET,Suburban 4WD,SUV - STANDARD,6.2,8,A10,Z,17.2,11.4,14.6
CHEVROLET,Tahoe,SUV - STANDARD,5.3,8,A6,X,15.7,10.5,13.4
CHEVROLET,Tahoe FFV,SUV - STANDARD,5.3,8,A6,X,15.7,10.5,13.4
CHEVROLET,Tahoe FFV,SUV - STANDARD,5.3,8,A6,E,21.2,13.9,17.9
CHEVROLET,Tahoe 4WD,SUV - STANDARD,5.3,8,A6,X,16,11.2,13.8
CHEVROLET,Tahoe 4WD FFV,SUV - STANDARD,5.3,8,A6,X,16,11.2,13.8
CHEVROLET,Tahoe 4WD FFV,SUV - STANDARD,5.3,8,A6,E,21.7,14.3,18.4
CHEVROLET,Tahoe 4WD,SUV - STANDARD,6.2,8,A10,Z,16.5,10.9,13.9
CHEVROLET,Traverse,SUV - STANDARD,3.6,6,A9,X,13,8.8,11.1
CHEVROLET,Traverse AWD,SUV - STANDARD,3.6,6,A9,X,13.6,9.6,11.8
CHEVROLET,Trax,SUV - SMALL,1.4,4,AS6,X,9.1,7.6,8.4
CHEVROLET,Trax AWD,SUV - SMALL,1.4,4,AS6,X,10,8,9.1
CHRYSLER,300,FULL-SIZE,3.6,6,A8,X,12.4,7.8,10.3
CHRYSLER,300,FULL-SIZE,5.7,8,A8,X,14.7,9.4,12.3
CHRYSLER,300 AWD,FULL-SIZE,3.6,6,A8,X,12.8,8.7,11
CHRYSLER,Pacifica (Stop-Start),MINIVAN,3.6,6,A9,X,12.4,8.4,10.6
CHRYSLER,Voyager (Stop-Start),MINIVAN,3.6,6,A9,X,12.4,8.4,10.6
DODGE,Challenger,MID-SIZE,3.6,6,A8,X,12.4,7.8,10.3
DODGE,Challenger (MDS),MID-SIZE,5.7,8,A8,X,14.7,9.4,12.3
DODGE,Challenger,MID-SIZE,5.7,8,M6,Z,15.6,10.1,13.1
DODGE,Challenger (MDS),MID-SIZE,6.4,8,A8,Z,15.8,9.6,13
DODGE,Challenger,MID-SIZE,6.4,8,M6,Z,16.7,10.4,13.9
DODGE,Challenger AWD,MID-SIZE,3.6,6,A8,X,12.8,8.7,11
DODGE,Challenger Widebody (MDS),MID-SIZE,6.4,8,A8,Z,15.8,9.6,13
DODGE,Challenger Widebody (MDS),MID-SIZE,6.4,8,M6,Z,16.7,10.4,13.9
DODGE,Challenger SRT Hellcat,MID-SIZE,6.2,8,A8,Z,17.6,10.7,14.5
DODGE,Challenger SRT Hellcat,MID-SIZE,6.2,8,M6,Z,18.1,11.4,15.1
DODGE,Challenger SRT Hellcat Widebody,MID-SIZE,6.2,8,A8,Z,18.6,11.2,15.3
DODGE,Challenger SRT Hellcat Widebody,MID-SIZE,6.2,8,M6,Z,18.1,11.4,15.1
DODGE,Charger,FULL-SIZE,3.6,6,A5,X,13.7,9,11.6
DODGE,Charger,FULL-SIZE,3.6,6,A8,X,12.4,7.8,10.3
DODGE,Charger (MDS),FULL-SIZE,5.7,8,A8,X,14.7,9.4,12.3
DODGE,Charger (MDS),FULL-SIZE,6.4,8,A8,Z,15.8,9.6,13
DODGE,Charger AWD,FULL-SIZE,3.6,6,A8,X,12.8,8.7,11
DODGE,Charger Widebody (MDS),FULL-SIZE,6.4,8,A8,Z,15.8,9.6,13
DODGE,Charger SRT Hellcat Widebody,FULL-SIZE,6.2,8,A8,Z,19,11.5,15.6
DODGE,Durango AWD,SUV - STANDARD,3.6,6,A8,X,12.7,9.6,11.3
DODGE,Durango AWD,SUV - STANDARD,5.7,8,A8,X,16.7,10.9,14.1
DODGE,Durango AWD SRT,SUV - STANDARD,6.4,8,A8,Z,18.3,12.2,15.6
DODGE,Grand Caravan,MINIVAN,3.6,6,A6,X,13.7,9.4,11.8
DODGE,Journey,SUV - SMALL,2.4,4,A4,X,12.7,9.2,11.1
FIAT,124 Spider,TWO-SEATER,1.4,4,A6,X,9.3,6.5,8
FIAT,124 Spider,TWO-SEATER,1.4,4,M6,X,9,6.7,7.9
FIAT,500L,STATION WAGON - SMALL,1.4,4,A6,X,10.7,7.9,9.4
FIAT,500X AWD,SUV - SMALL,1.3,4,A9,X,10,7.9,9.1
FORD,EcoSport,SUV - SMALL,1,3,AS6,X,8.6,8.1,8.4
FORD,EcoSport AWD,SUV - SMALL,2,4,AS6,X,10.2,8.1,9.2
FORD,Edge,SUV - SMALL,2,4,A8,X,11.2,8.1,9.8
FORD,Edge AWD,SUV - SMALL,2,4,A8,X,11.4,8.3,10
FORD,Edge AWD,SUV - SMALL,2,4,AS8,X,11.4,8.3,10
FORD,Edge AWD,SUV - SMALL,2.7,6,AS8,X,12.5,9.2,11
FORD,Escape,SUV - SMALL,1.5,3,A8,X,8.6,7.1,7.9
FORD,Escape AWD,SUV - SMALL,1.5,3,A8,X,8.9,7.6,8.3
FORD,Escape AWD,SUV - SMALL,2,4,AS8,X,10.4,7.5,9.1
FORD,Escape Hybrid,SUV - SMALL,2.5,4,AV,X,5.4,6.3,5.8
FORD,Escape Hybrid AWD,SUV - SMALL,2.5,4,AV,X,5.5,6.4,5.9
FORD,Expedition 4X4,SUV - STANDARD,3.5,6,AS10,X,14.1,10.6,12.5
FORD,Expedition MAX 4X4,SUV - STANDARD,3.5,6,AS10,X,14.7,11.2,13.1
FORD,Explorer AWD,SUV - STANDARD,2.3,4,AS10,X,11.6,8.7,10.3
FORD,Explorer AWD,SUV - STANDARD,3,6,AS10,X,13.3,9.8,11.8
FORD,Explorer Hybrid AWD,SUV - STANDARD,3.3,6,AS10,X,10.1,9,9.6
FORD,F-150,PICKUP TRUCK - STANDARD,2.7,6,AS10,X,12,8.9,10.6
FORD,F-150,PICKUP TRUCK - STANDARD,3,6,AS10,D,11.1,8.3,9.8
FORD,F-150 (LT Tire Pkg),PICKUP TRUCK - STANDARD,3,6,AS10,D,11.1,8.3,9.8
FORD,F-150 FFV,PICKUP TRUCK - STANDARD,3.3,6,AS6,X,12.1,9.3,10.8
FORD,F-150 FFV,PICKUP TRUCK - STANDARD,3.3,6,AS6,E,16.6,12.6,14.8
FORD,F-150,PICKUP TRUCK - STANDARD,3.5,6,AS10,X,14.3,10.7,12.7
FORD,F-150 FFV,PICKUP TRUCK - STANDARD,5,8,AS10,X,14.3,10.6,12.6
FORD,F-150 FFV,PICKUP TRUCK - STANDARD,5,8,AS10,E,20,14.8,17.6
FORD,F-150 FFV (LT Tire Pkg),PICKUP TRUCK - STANDARD,5,8,AS10,X,14.4,11.2,13
FORD,F-150 FFV (LT Tire Pkg),PICKUP TRUCK - STANDARD,5,8,AS10,E,20,14.9,17.7
FORD,F-150 FFV (Payload Pkg),PICKUP TRUCK - STANDARD,5,8,AS10,X,15.1,11.8,13.6
FORD,F-150 FFV (Payload Pkg),PICKUP TRUCK - STANDARD,5,8,AS10,E,19.9,15.8,18
FORD,F-150 4X4,PICKUP TRUCK - STANDARD,2.7,6,AS10,X,13.1,10.2,11.8
FORD,F-150 4X4,PICKUP TRUCK - STANDARD,3,6,AS10,D,11.9,9.4,10.8
FORD,F-150 4X4 XL/XLT,PICKUP TRUCK - STANDARD,3,6,AS10,D,11.3,8.5,10
FORD,F-150 FFV 4X4,PICKUP TRUCK - STANDARD,3.3,6,AS6,X,12.9,10.2,11.7
FORD,F-150 FFV 4X4,PICKUP TRUCK - STANDARD,3.3,6,AS6,E,17.6,13.8,15.9
FORD,F-150 4X4,PICKUP TRUCK - STANDARD,3.5,6,AS10,X,14.6,10.9,13
FORD,F-150 4X4 Limited,PICKUP TRUCK - STANDARD,3.5,6,AS10,X,13.8,11.2,12.6
FORD,F-150 FFV 4X4,PICKUP TRUCK - STANDARD,5,8,AS10,X,15.1,11.6,13.5
FORD,F-150 FFV 4X4,PICKUP TRUCK - STANDARD,5,8,AS10,E,20.3,14.7,17.8
FORD,F-150 Raptor 4X4,PICKUP TRUCK - STANDARD,3.5,6,AS10,X,15.3,13.1,14.3
FORD,Fusion,MID-SIZE,1.5,4,AS6,X,10,7,8.7
FORD,Fusion Hybrid,MID-SIZE,2,4,AV,X,5.5,5.7,5.6
FORD,GT,TWO-SEATER,3.5,6,AM7,Z,19.8,12.8,16.6
FORD,Mustang,SUBCOMPACT,2.3,4,AS10,X,11.2,7.3,9.4
FORD,Mustang (Performance Pkg),SUBCOMPACT,2.3,4,AS10,X,11.8,8.4,10.3
FORD,Mustang,SUBCOMPACT,2.3,4,M6,X,11.2,7.9,9.7
FORD,Mustang (Performance Pkg),SUBCOMPACT,2.3,4,M6,X,11.8,8.7,10.4
FORD,Mustang,SUBCOMPACT,5,8,AS10,X,15,9.1,12.3
FORD,Mustang,SUBCOMPACT,5,8,M6,X,16.1,9.9,13.3
FORD,Mustang Bullitt,SUBCOMPACT,5,8,M6,X,16.4,10.2,13.6
FORD,Mustang Convertible,SUBCOMPACT,2.3,4,AS10,X,11.8,8.4,10.3
FORD,Mustang Convertible (Performance Pkg),SUBCOMPACT,2.3,4,AS10,X,11.8,8.7,10.4
FORD,Mustang Convertible,SUBCOMPACT,2.3,4,M6,X,11.8,8.4,10.3
FORD,Mustang Convertible (Performance Pkg),SUBCOMPACT,2.3,4,M6,X,12.1,9.1,10.7
FORD,Mustang Convertible,SUBCOMPACT,5,8,AS10,X,15.4,9.7,12.9
FORD,Ranger 4WD,PICKUP TRUCK - STANDARD,2.3,4,AS10,X,11.8,9.8,10.9
FORD,Shelby GT350 Mustang,SUBCOMPACT,5.2,8,M6,Z,17.1,11.4,14.5
FORD,Shelby GT500 Mustang,SUBCOMPACT,5.2,8,AM7,Z,19.9,12.7,16.7
FORD,T-150 Wagon FFV,VAN - PASSENGER,3.5,6,AS10,X,16.2,12.3,14.5
FORD,T-150 Wagon FFV,VAN - PASSENGER,3.5,6,AS10,E,21.5,16.2,19.1
FORD,T-150 Wagon FFV 4WD,VAN - PASSENGER,3.5,6,AS10,X,16.7,12.8,15
FORD,T-150 Wagon FFV 4WD,VAN - PASSENGER,3.5,6,AS10,E,22.1,16.8,19.8
FORD,Transit Connect Van FFV,SPECIAL PURPOSE VEHICLE,2,4,AS8,X,9.8,8.8,9.3
FORD,Transit Connect Van FFV,SPECIAL PURPOSE VEHICLE,2,4,AS8,E,13.3,11.8,12.6
FORD,Transit Connect Van LWB,SPECIAL PURPOSE VEHICLE,2,4,AS8,X,9.8,8.8,9.3
FORD,Transit Connect Van LWB,SPECIAL PURPOSE VEHICLE,2.5,4,AS6,X,12,8.8,10.6
FORD,Transit Connect Wagon LWB,SPECIAL PURPOSE VEHICLE,2,4,AS8,X,9.9,8.2,9.2
FORD,Transit Connect Wagon LWB FFV,SPECIAL PURPOSE VEHICLE,2,4,AS8,X,9.9,8.2,9.2
FORD,Transit Connect Wagon LWB FFV,SPECIAL PURPOSE VEHICLE,2,4,AS8,E,13.7,11.1,12.5
FORD,Transit Connect Wagon LWB,SPECIAL PURPOSE VEHICLE,2.5,4,AS6,X,12.1,9,10.7
GENESIS,G70,COMPACT,2,4,M6,Z,12.8,8.5,10.9
GENESIS,G70 AWD,COMPACT,2,4,AS8,Z,11.4,8.6,10.2
GENESIS,G70 AWD,COMPACT,3.3,6,AS8,Z,14.1,9.5,12
GENESIS,G80 AWD,FULL-SIZE,3.3,6,AS8,Z,13.8,9.7,11.9
GENESIS,G80 AWD,FULL-SIZE,3.8,6,AS8,X,13.4,9.6,11.7
GENESIS,G80 AWD,FULL-SIZE,5,8,AS8,Z,15.6,10.4,13.2
GENESIS,G90 AWD,FULL-SIZE,3.3,6,AS8,Z,13.6,9.5,11.8
GENESIS,G90 AWD,FULL-SIZE,5,8,AS8,Z,15.4,10.2,13.1
GMC,Acadia,SUV - STANDARD,2,4,A9,X,11,8.3,9.8
GMC,Acadia,SUV - STANDARD,2.5,4,A9,X,11.3,8.9,10.2
GMC,Acadia,SUV - STANDARD,3.6,6,A9,X,12.6,8.8,10.9
GMC,Acadia AWD,SUV - STANDARD,2,4,A9,X,11.3,8.7,10.1
GMC,Acadia AWD,SUV - STANDARD,3.6,6,A9,X,13.1,9.4,11.4
GMC,Canyon,PICKUP TRUCK - SMALL,2.5,4,A6,X,12.1,9.2,10.8
GMC,Canyon,PICKUP TRUCK - SMALL,2.8,4,A6,D,11.8,7.9,10.1
GMC,Canyon,PICKUP TRUCK - SMALL,3.6,6,A8,X,13.4,9.6,11.7
GMC,Canyon 4WD,PICKUP TRUCK - SMALL,2.5,4,A6,X,12.6,9.7,11.3
GMC,Canyon 4WD,PICKUP TRUCK - SMALL,2.8,4,A6,D,12.3,8.5,10.6
GMC,Canyon 4WD,PICKUP TRUCK - SMALL,3.6,6,A8,X,14,9.9,12.2
GMC,Sierra,PICKUP TRUCK - STANDARD,2.7,4,A8,X,11.9,10.3,11.1
GMC,Sierra WT,PICKUP TRUCK - STANDARD,2.7,4,A8,X,12.5,10.8,11.7
GMC,Sierra,PICKUP TRUCK - STANDARD,3,6,A10,D,10.2,7.8,9.1
GMC,Sierra,PICKUP TRUCK - STANDARD,4.3,6,A6,X,15.1,11.5,13.5
GMC,Sierra,PICKUP TRUCK - STANDARD,5.3,8,A6,X,15.9,11.4,13.9
GMC,Sierra FFV,PICKUP TRUCK - STANDARD,5.3,8,A6,X,16,12.6,14.4
GMC,Sierra FFV,PICKUP TRUCK - STANDARD,5.3,8,A6,E,22.2,16.2,19.5
GMC,Sierra,PICKUP TRUCK - STANDARD,5.3,8,A8,X,14,10.1,12.2
GMC,Sierra 4WD,PICKUP TRUCK - STANDARD,2.7,4,A8,X,12.5,10.8,11.7
GMC,Sierra WT 4WD,PICKUP TRUCK - STANDARD,2.7,4,A8,X,12.7,11,12
GMC,Sierra 4WD,PICKUP TRUCK - STANDARD,3,6,A10,D,10.5,9.1,9.9
GMC,Sierra 4WD AT4,PICKUP TRUCK - STANDARD,3,6,A10,D,10.5,9.1,9.9
GMC,Sierra 4WD,PICKUP TRUCK - STANDARD,4.3,6,A6,X,15.7,12,14.1
GMC,Sierra 4WD,PICKUP TRUCK - STANDARD,5.3,8,A6,X,15.9,11.8,14.1
GMC,Sierra 4WD FFV,PICKUP TRUCK - STANDARD,5.3,8,A6,X,16.4,12.6,14.7
GMC,Sierra 4WD FFV,PICKUP TRUCK - STANDARD,5.3,8,A6,E,21.8,16.8,19.5
GMC,Sierra 4WD AT4,PICKUP TRUCK - STANDARD,5.3,8,A6,X,16.7,13.1,15.1
GMC,Sierra 4WD,PICKUP TRUCK - STANDARD,5.3,8,A8,X,14.7,10.8,13
GMC,Sierra 4WD AT4,PICKUP TRUCK - STANDARD,5.3,8,A8,X,15.1,11.4,13.4
GMC,Sierra 4WD,PICKUP TRUCK - STANDARD,5.3,8,A10,X,14.3,10.6,12.7
GMC,Sierra 4WD AT4,PICKUP TRUCK - STANDARD,5.3,8,A10,X,14.7,11.2,13.1
GMC,Sierra 4WD,PICKUP TRUCK - STANDARD,6.2,8,A10,Z,15.5,11.9,13.9
GMC,Sierra 4WD AT4,PICKUP TRUCK - STANDARD,6.2,8,A10,Z,15.7,12.4,14.2
GMC,Terrain,SUV - SMALL,1.5,4,A9,X,9.2,7.8,8.6
GMC,Terrain AWD,SUV - SMALL,1.5,4,A9,X,9.5,8.3,9
GMC,Terrain AWD,SUV - SMALL,2,4,A9,Z,11.2,9,10.2
GMC,Yukon,SUV - STANDARD,5.3,8,A6,X,15.7,10.5,13.4
GMC,Yukon FFV,SUV - STANDARD,5.3,8,A6,X,15.7,10.5,13.4
GMC,Yukon FFV,SUV - STANDARD,5.3,8,A6,E,21.2,13.9,17.9
GMC,Yukon 4WD,SUV - STANDARD,5.3,8,A6,X,16,11.2,13.8
GMC,Yukon 4WD FFV,SUV - STANDARD,5.3,8,A6,X,16,11.2,13.8
GMC,Yukon 4WD FFV,SUV - STANDARD,5.3,8,A6,E,21.7,14.3,18.4
GMC,Yukon 4WD,SUV - STANDARD,6.2,8,A10,Z,16.5,10.9,13.9
GMC,Yukon XL,SUV - STANDARD,5.3,8,A6,X,15.7,10.5,13.4
GMC,Yukon XL FFV,SUV - STANDARD,5.3,8,A6,X,15.7,10.5,13.4
GMC,Yukon XL FFV,SUV - STANDARD,5.3,8,A6,E,21.2,13.9,17.9
GMC,Yukon XL 4WD,SUV - STANDARD,5.3,8,A6,X,16.8,11.3,14.4
GMC,Yukon XL 4WD FFV,SUV - STANDARD,5.3,8,A6,X,16.8,11.3,14.4
GMC,Yukon XL 4WD FFV,SUV - STANDARD,5.3,8,A6,E,22.2,15.3,19.1
GMC,Yukon XL 4WD,SUV - STANDARD,6.2,8,A10,Z,17.2,11.4,14.6
HONDA,Accord,FULL-SIZE,1.5,4,AV,X,7.9,6.3,7.2
HONDA,Accord,FULL-SIZE,1.5,4,AV7,X,8.2,6.8,7.6
HONDA,Accord,FULL-SIZE,1.5,4,M6,X,8.9,6.7,7.9
HONDA,Accord,FULL-SIZE,2,4,M6,X,10.7,7.3,9.2
HONDA,Accord Sport/Touring,MID-SIZE,2,4,AS10,X,10.4,7.4,9.1
HONDA,Accord Hybrid,FULL-SIZE,2,4,AV,X,5,5,5
HONDA,Civic Coupe,COMPACT,1.5,4,AV7,X,7.8,6.4,7.2
HONDA,Civic Coupe,COMPACT,2,4,AV,X,7.8,6.1,7.1
HONDA,Civic Coupe,COMPACT,2,4,AV7,X,8.3,6.6,7.5
HONDA,Civic Coupe,COMPACT,2,4,M6,X,9.3,6.7,8.1
HONDA,Civic Coupe Si,COMPACT,1.5,4,M6,Z,8.9,6.4,7.8
HONDA,Civic Hatchback,FULL-SIZE,1.5,4,AV,X,7.7,6,6.9
HONDA,Civic Hatchback,FULL-SIZE,1.5,4,M6,X,8,6.2,7.2
HONDA,Civic Hatchback Sport,FULL-SIZE,1.5,4,AV7,Z,8,6.6,7.4
HONDA,Civic Hatchback Sport,FULL-SIZE,1.5,4,M6,Z,8,6.2,7.2
HONDA,Civic Sedan,MID-SIZE,1.5,4,AV7,X,7.8,6.2,7.1
HONDA,Civic Sedan,MID-SIZE,2,4,AV,X,7.9,6.1,7.1
HONDA,Civic Sedan,MID-SIZE,2,4,AV7,X,8.2,6.5,7.4
HONDA,Civic Sedan,MID-SIZE,2,4,M6,X,9.3,6.5,8
HONDA,Civic Sedan Si,MID-SIZE,1.5,4,M6,Z,8.9,6.4,7.8
HONDA,Civic Type R,FULL-SIZE,2,4,M6,Z,10.5,8.4,9.6
HONDA,CR-V,SUV - SMALL,1.5,4,AV,X,8.3,7,7.7
HONDA,CR-V AWD,SUV - SMALL,1.5,4,AV,X,8.7,7.4,8.1
HONDA,Fit,STATION WAGON - SMALL,1.5,4,AV,X,7,5.9,6.5
HONDA,Fit,STATION WAGON - SMALL,1.5,4,AV7,X,7.6,6.5,7
HONDA,Fit,STATION WAGON - SMALL,1.5,4,M6,X,8.1,6.6,7.4
HONDA,HR-V,STATION WAGON - SMALL,1.8,4,AV,X,8.4,7,7.8
HONDA,HR-V AWD,STATION WAGON - SMALL,1.8,4,AV,X,8.8,7.5,8.2
HONDA,HR-V AWD,STATION WAGON - SMALL,1.8,4,AV7,X,9.1,7.7,8.5
HONDA,Insight EX/Touring,MID-SIZE,1.5,4,AV,X,4.6,5.3,4.9
HONDA,Odyssey,MINIVAN,3.5,6,AS10,X,12.2,8.5,10.6
HONDA,Passport AWD,SUV - SMALL,3.5,6,AS9,X,12.5,9.8,11.3
HONDA,Pilot AWD,SUV - SMALL,3.5,6,A6,X,13,9.3,11.3
HONDA,Pilot AWD,SUV - SMALL,3.5,6,AS9,X,12.4,9.3,11
HONDA,Ridgeline AWD,PICKUP TRUCK - STANDARD,3.5,6,AS9,X,12.6,10,11.4
HYUNDAI,Accent,COMPACT,1.6,4,AV,X,7.3,6,6.7
HYUNDAI,Accent,COMPACT,1.6,4,M6,X,7.8,6.1,7
HYUNDAI,Elantra,MID-SIZE,1.6,4,AM7,X,8.9,7,8.1
HYUNDAI,Elantra,MID-SIZE,1.6,4,M6,X,10.1,7.6,9
HYUNDAI,Elantra,MID-SIZE,2,4,AV,X,7.8,5.6,6.8
HYUNDAI,Elantra,MID-SIZE,2,4,M6,X,9.1,6.3,7.9
HYUNDAI,Elantra GT,FULL-SIZE,1.6,4,AM7,X,9.7,7.4,8.6
HYUNDAI,Elantra GT,FULL-SIZE,1.6,4,M6,X,10.3,7.9,9.2
HYUNDAI,Elantra GT,FULL-SIZE,2,4,AS6,X,9.4,7.1,8.4
HYUNDAI,Elantra GT,FULL-SIZE,2,4,M6,X,9.8,7.4,8.7
HYUNDAI,IONIQ,FULL-SIZE,1.6,4,AM6,X,4.2,4.2,4.2
HYUNDAI,IONIQ Blue,FULL-SIZE,1.6,4,AM6,X,4.2,4,4.1
HYUNDAI,Kona,SUV - SMALL,2,4,AS6,X,8.6,7,7.9
HYUNDAI,Kona AWD,SUV - SMALL,1.6,4,AM7,X,9,8,8.6
HYUNDAI,Kona AWD,SUV - SMALL,2,4,AS6,X,9.2,7.8,8.6
HYUNDAI,Palisade,SUV - STANDARD,3.8,6,AS8,X,11.9,8.8,10.5
HYUNDAI,Palisade AWD,SUV - STANDARD,3.8,6,AS8,X,12.3,9.6,11.1
HYUNDAI,Santa Fe,SUV - SMALL,2.4,4,AS8,X,10.8,8,9.6
HYUNDAI,Santa Fe AWD,SUV - SMALL,2,4,AS8,X,12,9.2,10.7
HYUNDAI,Santa Fe AWD,SUV - SMALL,2.4,4,AS8,X,11.3,8.8,10.1
HYUNDAI,Sonata,FULL-SIZE,1.6,4,AS8,X,8.6,6.6,7.7
HYUNDAI,Sonata,FULL-SIZE,2.5,4,AS8,X,8.8,6.4,7.7
HYUNDAI,Sonata Hybrid,FULL-SIZE,2,4,AM6,X,5.3,4.6,5
HYUNDAI,Tucson,SUV - SMALL,2,4,AS6,X,10,7.9,9.1
HYUNDAI,Tucson AWD,SUV - SMALL,2,4,AS6,X,10.8,9.2,10.1
HYUNDAI,Tucson AWD,SUV - SMALL,2.4,4,AS6,X,11,9.1,10.1
HYUNDAI,Veloster Turbo,COMPACT,1.6,4,AM7,X,8.5,6.9,7.8
HYUNDAI,Veloster Turbo,COMPACT,1.6,4,M6,X,9.4,7,8.3
HYUNDAI,Veloster,COMPACT,2,4,AS6,X,9.1,7.1,8.2
HYUNDAI,Veloster N,COMPACT,2,4,M6,X,10.6,8.3,9.5
HYUNDAI,Venue,MID-SIZE,1.6,4,AV,X,8,7,7.5
HYUNDAI,Venue,MID-SIZE,1.6,4,M6,X,8.6,6.8,7.8
INFINITI,Q50 AWD,MID-SIZE,3,6,AS7,Z,12.5,8.7,10.8
INFINITI,Q50 AWD Red Sport,MID-SIZE,3,6,AS7,Z,12.5,9.3,11.1
INFINITI,Q60 AWD,SUBCOMPACT,3,6,AS7,Z,12.3,8.7,10.7
INFINITI,Q60 AWD Red Sport,SUBCOMPACT,3,6,AS7,Z,12.5,9.2,11
INFINITI,QX50 AWD,SUV - SMALL,2,4,AV8,Z,10.8,8.3,9.7
INFINITI,QX60 AWD,SUV - SMALL,3.5,6,AV7,Z,12.5,9,10.9
INFINITI,QX80 4WD,SUV - STANDARD,5.6,8,AS7,Z,17.8,12.3,15.3
JAGUAR,E-PACE P250,SUV - SMALL,2,4,AS9,Z,11,8.4,9.8
JAGUAR,E-PACE P300,SUV - SMALL,2,4,AS9,Z,11.2,8.6,10.1
JAGUAR,F-PACE 25t,SUV - SMALL,2,4,AS8,Z,10.7,8.8,9.9
JAGUAR,F-PACE 30t,SUV - SMALL,2,4,AS8,Z,10.9,8.7,9.9
JAGUAR,F-PACE S,SUV - SMALL,3,6,AS8,Z,13.3,10,11.8
JAGUAR,F-PACE SVR,SUV - SMALL,5,8,AS8,Z,14.5,11,12.9
JAGUAR,F-TYPE P300 Convertible,TWO-SEATER,2,4,AS8,Z,10.2,7.8,9.2
JAGUAR,F-TYPE Convertible,TWO-SEATER,3,6,AS8,Z,11.9,8.5,10.4
JAGUAR,F-TYPE Convertible R-Dynamic,TWO-SEATER,3,6,AS8,Z,12.4,8.8,10.8
JAGUAR,F-TYPE Convertible R-Dynamic AWD,TWO-SEATER,3,6,AS8,Z,13,9.2,11.3
JAGUAR,F-TYPE R AWD Convertible,TWO-SEATER,5,8,AS8,Z,15.2,9.8,12.7
JAGUAR,F-TYPE SVR AWD Convertible,TWO-SEATER,5,8,AS8,Z,15.2,9.8,12.7
JAGUAR,F-TYPE P300 Coupe,TWO-SEATER,2,4,AS8,Z,10.2,7.8,9.2
JAGUAR,F-TYPE Coupe,TWO-SEATER,3,6,AS8,Z,11.9,8.5,10.4
JAGUAR,F-TYPE Coupe R-Dynamic,TWO-SEATER,3,6,AS8,Z,12.4,8.8,10.8
JAGUAR,F-TYPE Coupe R-Dynamic AWD,TWO-SEATER,3,6,AS8,Z,13,9.2,11.3
JAGUAR,F-TYPE R AWD Coupe,TWO-SEATER,5,8,AS8,Z,15.2,9.8,12.7
JAGUAR,F-TYPE SVR AWD Coupe,TWO-SEATER,5,8,AS8,Z,15.2,9.8,12.7
JAGUAR,XE P250 AWD,COMPACT,2,4,AS8,Z,9.8,6.9,8.5
JAGUAR,XE P300 AWD,COMPACT,2,4,AS8,Z,10.7,7.7,9.4
JAGUAR,XF 25t AWD,MID-SIZE,2,4,AS8,Z,10.1,7.2,8.8
JAGUAR,XF 30t AWD,MID-SIZE,2,4,AS8,Z,10.6,7.6,9.2
JAGUAR,XF S AWD,MID-SIZE,3,6,AS8,Z,12,8.4,10.4
JEEP,Cherokee,SUV - SMALL,2,4,A9,X,10.4,7.6,9.1
JEEP,Cherokee,SUV - SMALL,2.4,4,A9,X,10.8,7.6,9.3
JEEP,Cherokee,SUV - SMALL,3.2,6,A9,X,11.9,8.2,10.2
JEEP,Cherokee 4X4 Active Drive I,SUV - SMALL,2,4,A9,X,11.2,8,9.8
JEEP,Cherokee 4X4 Active Drive I,SUV - SMALL,2.4,4,A9,X,11.2,8,9.8
JEEP,Cherokee 4X4 Active Drive I,SUV - SMALL,3.2,6,A9,X,12.2,8.6,10.6
JEEP,Cherokee 4X4 Active Drive II,SUV - SMALL,2,4,A9,X,11.5,8.6,10.2
JEEP,Cherokee 4X4 Active Drive II,SUV - SMALL,3.2,6,A9,X,12.8,9,11.1
JEEP,Cherokee 4X4 Active Drive Lock,SUV - SMALL,2,4,A9,X,11.8,9.2,10.6
JEEP,Cherokee 4X4 Active Drive Lock,SUV - SMALL,3.2,6,A9,X,12.9,9.9,11.6
JEEP,Compass,SUV - SMALL,2.4,4,A6,X,10.6,7.6,9.3
JEEP,Compass,SUV - SMALL,2.4,4,M6,X,10.4,7.3,9
JEEP,Compass 4X4,SUV - SMALL,2.4,4,A9,X,10.8,7.8,9.5
JEEP,Compass 4X4,SUV - SMALL,2.4,4,M6,X,10.8,7.6,9.4
JEEP,Gladiator 4X4,PICKUP TRUCK - STANDARD,3.6,6,A8,X,13.7,10.7,12.3
JEEP,Gladiator 4X4,PICKUP TRUCK - STANDARD,3.6,6,M6,X,14.3,10.4,12.6
JEEP,Grand Cherokee 4X4,SUV - STANDARD,3.6,6,A8,X,12.7,9.6,11.3
JEEP,Grand Cherokee 4X4,SUV - STANDARD,5.7,8,A8,X,16.7,10.9,14.1
JEEP,Grand Cherokee 4X4 Trackhawk,SUV - STANDARD,6.2,8,A8,Z,20.9,13.8,17.7
JEEP,Grand Cherokee 4X4 SRT,SUV - STANDARD,6.4,8,A8,Z,18.3,12.6,15.7
JEEP,Renegade,SUV - SMALL,1.3,4,A9,X,9.8,7.4,8.7
JEEP,Renegade,SUV - SMALL,2.4,4,A9,X,10.8,7.8,9.5
JEEP,Renegade 4X4,SUV - SMALL,1.3,4,A9,X,10.1,8.1,9.2
JEEP,Renegade 4X4 Trailhawk,SUV - SMALL,1.3,4,A9,X,10.8,8.7,9.9
JEEP,Renegade 4X4,SUV - SMALL,2.4,4,A9,X,11.2,8.2,9.8
JEEP,Wrangler 4X4,SUV - SMALL,2,4,A8,X,10.7,9.8,10.3
JEEP,Wrangler 4X4,SUV - SMALL,3.6,6,A8,X,12.8,10.4,11.8
JEEP,Wrangler 4X4 eTorque,SUV - SMALL,3.6,6,A8,X,12,9.8,11
JEEP,Wrangler 4X4,SUV - SMALL,3.6,6,M6,X,13.7,9.6,11.8
JEEP,Wrangler Unlimited 4X4,SUV - SMALL,2,4,A8,X,11.5,10.9,11.2
JEEP,Wrangler Unlimited 4X4 eTorque,SUV - SMALL,2,4,A8,X,11.3,10.5,10.9
JEEP,Wrangler Unlimited 4X4 EcoDiesel,SUV - SMALL,3,6,A8,D,10.6,8.1,9.5
JEEP,Wrangler Unlimited 4X4,SUV - SMALL,3.6,6,A8,X,12.9,10.7,11.9
JEEP,Wrangler Unlimited 4X4 eTorque,SUV - SMALL,3.6,6,A8,X,12.6,10.7,11.8
JEEP,Wrangler Unlimited 4X4,SUV - SMALL,3.6,6,M6,X,13.8,10.1,12.2
KIA,Forte,MID-SIZE,1.6,4,AM7,X,8.7,6.6,7.8
KIA,Forte,MID-SIZE,2,4,AV,X,7.9,5.9,7
KIA,Forte,MID-SIZE,2,4,M6,X,8.6,6.4,7.6
KIA,Forte 5,FULL-SIZE,1.6,4,AM7,X,8.9,6.9,8
KIA,Forte 5,FULL-SIZE,2,4,AV,X,8,6,7.1
KIA,Niro,STATION WAGON - SMALL,1.6,4,AM6,X,4.6,5.1,4.8
KIA,Niro FE,STATION WAGON - SMALL,1.6,4,AM6,X,4.5,4.8,4.7
KIA,Niro Touring,STATION WAGON - SMALL,1.6,4,AM6,X,5.1,5.8,5.4
KIA,Optima,FULL-SIZE,2.4,4,AS6,X,9.5,7.1,8.4
KIA,Optima Hybrid,MID-SIZE,2,4,AM6,X,5.9,5.2,5.6
KIA,Rio,COMPACT,1.6,4,AV,X,7.2,5.9,6.6
KIA,Rio,COMPACT,1.6,4,M6,X,7.8,6,7
KIA,Sedona,MINIVAN,3.3,6,AS8,X,12.7,9.9,11.5
KIA,Sorento AWD,SUV - SMALL,2.4,4,AS6,X,11.2,9,10.2
KIA,Sorento AWD,SUV - SMALL,3.3,6,AS8,X,12.3,9.5,11.1
KIA,Soul,STATION WAGON - SMALL,2,4,AV,X,8.6,7.1,7.9
KIA,Soul,STATION WAGON - SMALL,2,4,M6,X,9.6,7.6,8.7
KIA,Sportage,SUV - SMALL,2.4,4,AS6,X,10.1,7.6,9
KIA,Sportage AWD,SUV - SMALL,2,4,AS6,X,12.1,9.6,11
KIA,Sportage AWD,SUV - SMALL,2.4,4,AS6,X,10.8,9.1,10
KIA,Stinger AWD,MID-SIZE,3.3,6,AS8,Z,13.6,9.6,11.8
KIA,Telluride AWD,SUV - SMALL,3.8,6,AS8,X,12.5,9.6,11.2
LAMBORGHINI,Aventador Coupe,TWO-SEATER,6.5,12,AM7,Z,26.2,15.5,21.4
LAMBORGHINI,Aventador Roadster,TWO-SEATER,6.5,12,AM7,Z,26.6,15.8,21.7
LAMBORGHINI,Huracan Coupe,TWO-SEATER,5.2,10,AM7,Z,18,12.9,15.7
LAMBORGHINI,Huracan Coupe AWD,TWO-SEATER,5.2,10,AM7,Z,18,12.9,15.7
LAMBORGHINI,Huracan Spyder,TWO-SEATER,5.2,10,AM7,Z,18,12.9,15.7
LAMBORGHINI,Huracan Spyder AWD,TWO-SEATER,5.2,10,AM7,Z,18,12.9,15.7
LAMBORGHINI,Urus,SUV - STANDARD,4,8,AS8,Z,19.2,14.1,16.9
LAND ROVER,Discovery,SUV - STANDARD,3,6,AS8,Z,14.8,11.4,13.3
LAND ROVER,Discovery TD6 Diesel,SUV - STANDARD,3,6,AS8,D,11.3,9.2,10.4
LAND ROVER,Discovery Sport P250,SUV - SMALL,2,4,AS9,Z,12.6,9.7,11.3
LAND ROVER,Discovery Sport P290,SUV - SMALL,2,4,AS9,Z,12.3,9.8,11.1
LAND ROVER,Range Rover 3.0,SUV - STANDARD,3,6,AS8,Z,12.2,9.4,11
LAND ROVER,Range Rover TD6 Diesel,SUV - STANDARD,3,6,AS8,D,10.7,8.3,9.6
LAND ROVER,Range Rover 5.0 Supercharged,SUV - STANDARD,5,8,AS8,Z,14.4,11.2,12.9
LAND ROVER,Range Rover 5.0 Supercharged LWB,SUV - STANDARD,5,8,AS8,Z,14.4,11.3,13
LAND ROVER,Range Rover SVAutobiography Dynamic,SUV - STANDARD,5,8,AS8,Z,17.1,12.6,15.1
LAND ROVER,Range Rover SVAutobiography LWB,SUV - STANDARD,5,8,AS8,Z,17.9,12.7,15.5
LAND ROVER,Range Rover Sport 3.0,SUV - STANDARD,3,6,AS8,Z,12.6,9.6,11.3
LAND ROVER,Range Rover Sport TD6 Diesel,SUV - STANDARD,3,6,AS8,D,10.7,8.3,9.6
LAND ROVER,Range Rover Sport Supercharged,SUV - STANDARD,5,8,AS8,Z,14.1,10.7,12.6
LAND ROVER,Range Rover Sport SVR,SUV - STANDARD,5,8,AS8,Z,16.2,12,14.3
LAND ROVER,Range Rover Evoque P250,SUV - SMALL,2,4,AS9,Z,11.8,8.7,10.4
LAND ROVER,Range Rover Evoque P300,SUV - SMALL,2,4,AS9,Z,11.4,8.9,10.3
LAND ROVER,Range Rover Velar P250,SUV - SMALL,2,4,AS8,Z,11.2,8.9,10.2
LAND ROVER,Range Rover Velar P300,SUV - SMALL,2,4,AS8,Z,11.7,9.2,10.6
LAND ROVER,Range Rover Velar P340,SUV - SMALL,3,6,AS8,Z,13,10,11.6
LAND ROVER,Range Rover Velar P380,SUV - SMALL,3,6,AS8,Z,13,10,11.6
LAND ROVER,Range Rover Velar SVAutobiography Dynamic,SUV - SMALL,5,8,AS8,Z,15.2,11.5,13.5
LEXUS,ES 300h,MID-SIZE,2.5,4,AS6,X,5.5,5.2,5.3
LEXUS,ES 350,MID-SIZE,3.5,6,AS8,X,10.7,7.2,9.1
LEXUS,ES 350 F SPORT,MID-SIZE,3.5,6,AS8,X,10.9,7.5,9.4
LEXUS,GS 350 AWD,MID-SIZE,3.5,6,AS6,Z,12.3,9.1,10.9
LEXUS,GS F,COMPACT,5,8,AS8,Z,14.9,9.7,12.5
LEXUS,GX 460,SUV - STANDARD,4.6,8,AS6,Z,16.2,12.3,14.5
LEXUS,IS 300,COMPACT,2,4,AS8,Z,11,7.6,9.5
LEXUS,IS 300 AWD,COMPACT,3.5,6,AS6,Z,12.3,9.1,10.9
LEXUS,IS 350 AWD,COMPACT,3.5,6,AS6,Z,12.3,9.1,10.9
LEXUS,LC 500,SUBCOMPACT,5,8,AS10,Z,15.1,9.5,12.6
LEXUS,LC 500h,SUBCOMPACT,3.5,6,AV10,Z,9,7.1,8.1
LEXUS,LS 500 AWD,MID-SIZE,3.4,6,AS10,Z,13.2,8.7,11.1
LEXUS,LS 500h AWD,MID-SIZE,3.5,6,AV10,Z,10.3,7.7,9.1
LEXUS,LX 570,SUV - STANDARD,5.7,8,AS8,Z,19.2,14.3,16.9
LEXUS,NX 300 AWD,SUV - SMALL,2,4,AS6,Z,10.7,8.5,9.7
LEXUS,NX 300 AWD F SPORT,SUV - SMALL,2,4,AS6,Z,10.8,8.9,9.9
LEXUS,NX 300h AWD,SUV - SMALL,2.5,4,AV6,X,7.2,7.9,7.5
LEXUS,RC 300 AWD,SUBCOMPACT,3.5,6,AS6,Z,13.1,9.8,11.2
LEXUS,RC 350 AWD,SUBCOMPACT,3.5,6,AS6,Z,13.1,9.8,11.2
LEXUS,RC F,SUBCOMPACT,5,8,AS8,Z,14.4,9.6,12.2
LEXUS,RX 350 AWD,SUV - SMALL,3.5,6,AS8,X,12.2,9,10.8
LEXUS,RX 350 L AWD,SUV - SMALL,3.5,6,AS8,X,13.1,9.4,11.1
LEXUS,RX 450h AWD,SUV - STANDARD,3.5,6,AV6,Z,7.5,8.4,7.9
LEXUS,RX 450h L AWD,SUV - STANDARD,3.5,6,AV6,Z,8.1,8.4,8.1
LEXUS,UX 200,MID-SIZE,2,4,AS10,X,8,6.3,7.2
LEXUS,UX 250h AWD,COMPACT,2,4,AV6,X,5.7,6.2,6
LINCOLN,Aviator,SUV - STANDARD,3,6,AS10,X,13.7,9.7,11.9
LINCOLN,Continental AWD,FULL-SIZE,2.7,6,AS6,X,14,9.5,12
LINCOLN,Continental AWD,FULL-SIZE,3,6,AS6,X,14.5,9.8,12.3
LINCOLN,Continental AWD,FULL-SIZE,3.7,6,AS6,X,14.3,9.7,12.2
LINCOLN,Corsair AWD,SUV - SMALL,2,4,AS8,X,11.1,8.1,9.8
LINCOLN,Corsair AWD,SUV - SMALL,2.3,4,AS8,X,11.1,8.2,9.8
LINCOLN,MKZ AWD,MID-SIZE,2,4,AS6,X,12.1,8.4,10.4
LINCOLN,MKZ Hybrid,MID-SIZE,2,4,AV,X,5.5,5.7,5.6
LINCOLN,Nautilus AWD,SUV - SMALL,2,4,AS8,X,12,9.6,10.7
LINCOLN,Nautilus AWD,SUV - SMALL,2.7,6,AS8,X,12.5,9.2,11
LINCOLN,Navigator 4X4,SUV - STANDARD,3.5,6,AS10,X,15,11.5,13.4
MASERATI,Ghibli,MID-SIZE,3,6,AS8,Z,14.1,9.8,12.2
MASERATI,Ghibli S,MID-SIZE,3,6,AS8,Z,14.1,9.8,12.2
MASERATI,Ghibli S Q4,MID-SIZE,3,6,AS8,Z,14.7,9.9,12.6
MASERATI,Levante,SUV - STANDARD,3,6,AS8,Z,15.9,11.1,13.7
MASERATI,Levante S,SUV - STANDARD,3,6,AS8,Z,15.9,11.1,13.7
MASERATI,Levante GTS,SUV - STANDARD,3.8,8,AS8,Z,17.3,12.9,15.3
MASERATI,Levante Trofeo,SUV - STANDARD,3.8,8,AS8,Z,17.3,12.9,15.3
MASERATI,Quattroporte S,FULL-SIZE,3,6,AS8,Z,14.1,9.8,12.2
MASERATI,Quattroporte S Q4,FULL-SIZE,3,6,AS8,Z,15,10.3,12.8
MASERATI,Quattroporte GTS,FULL-SIZE,3.8,8,AS8,Z,16,10.8,13.7
MAZDA,CX-3,COMPACT,2,4,AS6,X,8.3,6.9,7.7
MAZDA,CX-3 (SIL),COMPACT,2,4,M6,X,8.8,7,8
MAZDA,CX-3 4WD,COMPACT,2,4,AS6,X,8.6,7.4,8.1
MAZDA,CX-30,SUV - SMALL,2,4,AS6,X,8.9,7.1,8.1
MAZDA,CX-30,SUV - SMALL,2.5,4,AS6,X,9.3,7.1,8.3
MAZDA,CX-30 4WD,SUV - SMALL,2,4,AS6,X,9.4,7.7,8.6
MAZDA,CX-30 4WD,SUV - SMALL,2.5,4,AS6,X,9.9,7.7,8.9
MAZDA,CX-30 4WD (Cylinder Deactivation),SUV - SMALL,2.5,4,AS6,X,9.5,7.4,8.6
MAZDA,CX-5,SUV - SMALL,2.5,4,AS6,X,9.7,7.8,8.8
MAZDA,CX-5 (Cylinder Deactivation),SUV - SMALL,2.5,4,AS6,X,9.3,7.6,8.5
MAZDA,CX-5 4WD,SUV - SMALL,2.5,4,AS6,X,10.2,8.2,9.3
MAZDA,CX-5 4WD (Cylinder Deactivation),SUV - SMALL,2.5,4,AS6,X,9.8,7.9,9
MAZDA,CX-5 Turbo 4WD,SUV - SMALL,2.5,4,AS6,X,10.8,8.7,9.8
MAZDA,CX-9 4WD,SUV - SMALL,2.5,4,AS6,X,11.6,9.1,10.5
MAZDA,Mazda3 4-Door,COMPACT,2,4,AS6,X,8.4,6.6,7.6
MAZDA,Mazda3 4-Door (SIL),COMPACT,2,4,M6,X,8.7,6.4,7.7
MAZDA,Mazda3 4-Door,COMPACT,2.5,4,AS6,X,8.8,6.4,7.7
MAZDA,Mazda3 4-Door (Cylinder Deactivation),COMPACT,2.5,4,AS6,X,8.8,6.6,7.8
MAZDA,Mazda3 4-Door 4WD,COMPACT,2.5,4,AS6,X,9.2,7,8.2
MAZDA,Mazda3 5-Door,MID-SIZE,2,4,AS6,X,8.6,6.7,7.7
MAZDA,Mazda3 5-Door (SIL),MID-SIZE,2,4,M6,X,8.7,6.6,7.8
MAZDA,Mazda3 5-Door,MID-SIZE,2.5,4,AS6,X,9,6.8,8
MAZDA,Mazda3 5-Door (SIL),MID-SIZE,2.5,4,M6,X,9.2,6.6,8.1
MAZDA,Mazda3 5-Door 4WD,MID-SIZE,2.5,4,AS6,X,9.8,7.4,8.7
MAZDA,Mazda6,MID-SIZE,2.5,4,AS6,X,9,6.7,8
MAZDA,Mazda6 Turbo,MID-SIZE,2.5,4,AS6,X,10,7.5,8.9
MAZDA,MX-5,TWO-SEATER,2,4,AS6,Z,9,6.6,7.9
MAZDA,MX-5 (SIL),TWO-SEATER,2,4,M6,Z,9,7,8.1
MERCEDES-BENZ,AMG C 43 4MATIC,COMPACT,3,6,A9,Z,12.4,8.7,10.7
MERCEDES-BENZ,AMG C 43 4MATIC Cabriolet,SUBCOMPACT,3,6,A9,Z,12.7,9.2,11.2
MERCEDES-BENZ,AMG C 43 4MATIC Coupe,SUBCOMPACT,3,6,A9,Z,12.9,8.8,11.1
MERCEDES-BENZ,AMG C 43 4MATIC Wagon,STATION WAGON - SMALL,3,6,A9,Z,12.4,8.9,10.8
MERCEDES-BENZ,AMG C 63,COMPACT,4,8,A9,Z,13.2,8.7,11.2
MERCEDES-BENZ,AMG C 63 S,COMPACT,4,8,A9,Z,13.2,8.7,11.2
MERCEDES-BENZ,AMG C 63 S Cabriolet,SUBCOMPACT,4,8,A9,Z,13.9,9.7,12
MERCEDES-BENZ,AMG C 63 S Coupe,SUBCOMPACT,4,8,A9,Z,13.9,9.2,11.8
MERCEDES-BENZ,AMG CLS 53 4MATIC+,COMPACT,3,6,A9,Z,12.4,8.7,10.7
MERCEDES-BENZ,AMG E 53 4MATIC+,MID-SIZE,3,6,A9,Z,11.2,8.3,9.9
MERCEDES-BENZ,AMG E 53 4MATIC+ Cabriolet,SUBCOMPACT,3,6,A9,Z,12.5,9,10.9
MERCEDES-BENZ,AMG E 53 4MATIC+ Coupe,SUBCOMPACT,3,6,A9,Z,12.3,8.5,10.6
MERCEDES-BENZ,AMG E 63 S 4MATIC+,MID-SIZE,4,8,A9,Z,16,10.5,13.5
MERCEDES-BENZ,AMG E 63 S 4MATIC+ Wagon,STATION WAGON - MID-SIZE,4,8,A9,Z,14.6,10.4,12.7
MERCEDES-BENZ,AMG G 63,SUV - STANDARD,4,8,A9,Z,18.1,15.6,17
MERCEDES-BENZ,AMG GLC 63 S 4MATIC+,SUV - SMALL,4,8,A9,Z,15,10.9,13.2
MERCEDES-BENZ,AMG GLC 63 S 4MATIC+ Coupe,SUV - SMALL,4,8,A9,Z,15,10.9,13.2
MERCEDES-BENZ,AMG GT R Coupe,TWO-SEATER,4,8,AM7,Z,15.9,11.8,14
MERCEDES-BENZ,AMG S 63 4MATIC+,FULL-SIZE,4,8,A9,Z,14.1,8.9,11.8
MERCEDES-BENZ,AMG S 63 4MATIC+ Cabriolet,SUBCOMPACT,4,8,A9,Z,15.8,9.8,13.1
MERCEDES-BENZ,AMG S 63 4MATIC+ Coupe,COMPACT,4,8,A9,Z,14,8.7,11.6
MERCEDES-BENZ,AMG S 65,FULL-SIZE,6,12,A7,Z,18.6,10.9,15.1
MERCEDES-BENZ,C 300 4MATIC,COMPACT,2,4,A9,Z,11,7.3,9.4
MERCEDES-BENZ,C 300 4MATIC Cabriolet,SUBCOMPACT,2,4,A9,Z,11.3,8.1,9.9
MERCEDES-BENZ,C 300 4MATIC Coupe,SUBCOMPACT,2,4,A9,Z,10.9,7.7,9.5
MERCEDES-BENZ,C 300 4MATIC Wagon,STATION WAGON - SMALL,2,4,A9,Z,10.9,7.7,9.5
MERCEDES-BENZ,CLS 450 4MATIC,COMPACT,3,6,A9,Z,11.3,7.9,9.8
MERCEDES-BENZ,E 450 4MATIC Cabriolet,SUBCOMPACT,3,6,A9,Z,12.7,10.1,11.6
MERCEDES-BENZ,E 450 4MATIC Coupe,SUBCOMPACT,3,6,A9,Z,12.5,9.1,11
MERCEDES-BENZ,G 550,SUV - STANDARD,4,8,A9,Z,18,14.1,16.3
MERCEDES-BENZ,Maybach S 560 4MATIC,FULL-SIZE,4,8,A9,Z,14.4,9.5,12.2
MERCEDES-BENZ,Maybach S 650,FULL-SIZE,6,12,A7,Z,18.4,11.1,15.1
MERCEDES-BENZ,S 450 4MATIC SWB,MID-SIZE,3,6,A9,Z,12.8,8.5,10.8
MERCEDES-BENZ,S 560 4MATIC,FULL-SIZE,4,8,A9,Z,13.5,8.6,11.3
MERCEDES-BENZ,S 560 4MATIC SWB,MID-SIZE,4,8,A9,Z,13.5,8.6,11.3
MERCEDES-BENZ,SL 550,TWO-SEATER,4.7,8,A9,Z,13.5,9.3,11.6
MERCEDES-BENZ,SLC 300,TWO-SEATER,2,4,A9,Z,10,7.3,8.8
MINI,Cooper 3 Door,SUBCOMPACT,1.5,3,AM7,Z,8.3,6.4,7.5
MINI,Cooper 5 Door,SUBCOMPACT,1.5,3,AM7,Z,8.3,6.4,7.5
MINI,Cooper Clubman ALL4,MID-SIZE,1.5,3,AS8,Z,9.7,7,8.5
MINI,Cooper Convertible,MINICOMPACT,1.5,3,AM7,Z,8.3,6.4,7.5
MINI,Cooper Countryman ALL4,MID-SIZE,1.5,3,AS8,Z,9.8,7.1,8.6
MINI,Cooper S 3 Door,SUBCOMPACT,2,4,AM7,Z,8.9,6.6,7.9
MINI,Cooper S 5 Door,SUBCOMPACT,2,4,AM7,Z,8.9,6.6,7.9
MINI,Cooper S Clubman ALL4,MID-SIZE,2,4,AS8,Z,10.2,7.4,8.9
MINI,Cooper S Convertible,MINICOMPACT,2,4,AM7,Z,9.2,6.9,8.1
MINI,Cooper S Countryman ALL4,MID-SIZE,2,4,AS8,Z,10.4,7.5,9.1
MINI,John Cooper Works 3 Door,SUBCOMPACT,2,4,AS8,Z,9.2,6.9,8.1
MINI,John Cooper Works Clubman ALL4,MID-SIZE,2,4,AS8,Z,10.1,7.6,9
MINI,John Cooper Works Convertible,MINICOMPACT,2,4,AS8,Z,9.4,7.1,8.3
MINI,John Cooper Works Countryman ALL4,MID-SIZE,2,4,AS8,Z,10,7.8,9
MITSUBISHI,Eclipse Cross 4WD,SUV - SMALL,1.5,4,AV8,X,9.6,8.9,9.3
MITSUBISHI,Mirage,COMPACT,1.2,3,AV,X,6.6,5.6,6.2
MITSUBISHI,Mirage,COMPACT,1.2,3,M5,X,7.1,5.8,6.5
MITSUBISHI,Outlander 4WD,SUV - SMALL,2.4,4,AV6,X,9.9,8.1,9.1
MITSUBISHI,Outlander 4WD,SUV - SMALL,3,6,A6,Z,12,8.8,10.6
MITSUBISHI,RVR,SUV - SMALL,2,4,AV6,X,9.7,7.8,8.8
MITSUBISHI,RVR 4WD,SUV - SMALL,2,4,AV6,X,10.1,8.2,9.2
MITSUBISHI,RVR 4WD,SUV - SMALL,2.4,4,AV6,X,10.3,8.3,9.4
NISSAN,370Z,TWO-SEATER,3.7,6,AS7,Z,12.6,9.3,11.1
NISSAN,370Z,TWO-SEATER,3.7,6,M6,Z,13.3,9.3,11.5
NISSAN,370Z Roadster,TWO-SEATER,3.7,6,AS7,Z,13,9.7,11.5
NISSAN,370Z Roadster,TWO-SEATER,3.7,6,M6,Z,13.6,9.7,11.8
NISSAN,Altima AWD,MID-SIZE,2.5,4,AV,X,9.1,6.5,7.9
NISSAN,Altima AWD SR/Platinum,MID-SIZE,2.5,4,AV,X,9.3,6.7,8.1
NISSAN,Armada 4WD,SUV - STANDARD,5.6,8,AS7,X,17.5,12.9,15.4
NISSAN,Frontier,PICKUP TRUCK - STANDARD,3.8,6,AS9,X,13.1,9.8,11.6
NISSAN,Frontier 4WD,PICKUP TRUCK - STANDARD,3.8,6,AS9,X,13.8,10.2,12.2
NISSAN,GT-R,SUBCOMPACT,3.8,6,AM6,Z,14.4,10.9,12.8
NISSAN,Kicks,MID-SIZE,1.6,4,AV,X,7.7,6.6,7.2
NISSAN,Maxima,MID-SIZE,3.5,6,AV7,Z,11.6,7.9,9.9
NISSAN,Murano,STATION WAGON - MID-SIZE,3.5,6,AV7,X,11.7,8.3,10.2
NISSAN,Murano AWD,STATION WAGON - MID-SIZE,3.5,6,AV7,X,11.7,8.5,10.3
NISSAN,NV200 Cargo Van,SPECIAL PURPOSE VEHICLE,2,4,AV,X,9.8,8.8,9.3
NISSAN,Qashqai,STATION WAGON - SMALL,2,4,AV8,X,8.8,7.4,8.2
NISSAN,Qashqai,STATION WAGON - SMALL,2,4,M6,X,10.1,8.2,9.2
NISSAN,Qashqai AWD,STATION WAGON - SMALL,2,4,AV8,X,9,7.7,8.4
NISSAN,Pathfinder,SUV - SMALL,3.5,6,AV,X,11.6,8.5,10.2
NISSAN,Pathfinder 4WD,SUV - SMALL,3.5,6,AV,X,12.1,8.9,10.7
NISSAN,Pathfinder 4WD Platinum,SUV - SMALL,3.5,6,AV,X,12.4,9.2,11
NISSAN,Rogue,SUV - SMALL,2.5,4,AV,X,9.1,7.1,8.2
NISSAN,Rogue AWD,SUV - SMALL,2.5,4,AV,X,9.6,7.5,8.7
NISSAN,Sentra,MID-SIZE,2,4,AV,X,8,6,7.1
NISSAN,Sentra SR,MID-SIZE,2,4,AV,X,8.2,6.2,7.3
NISSAN,Sentra,MID-SIZE,2,4,M6,X,9.4,6.4,8
NISSAN,Titan 4WD,PICKUP TRUCK - STANDARD,5.6,8,AS9,Z,15.1,11.1,13.3
NISSAN,Titan 4WD Pro-4X,PICKUP TRUCK - STANDARD,5.6,8,AS9,Z,15.1,11.2,13.3
NISSAN,Versa,COMPACT,1.6,4,AV,X,7.4,5.9,6.7
NISSAN,Versa,COMPACT,1.6,4,M5,X,8.6,6.7,7.7
PORSCHE,911 Carrera S,MINICOMPACT,3,6,AM8,Z,13.1,9.7,11.5
PORSCHE,911 Carrera S Cabriolet,MINICOMPACT,3,6,AM8,Z,12.7,10.2,11.6
PORSCHE,911 Carrera 4S,MINICOMPACT,3,6,AM8,Z,13.1,10.2,11.8
PORSCHE,911 Carrera 4S Cabriolet,MINICOMPACT,3,6,AM8,Z,13.1,10.2,11.8
PORSCHE,Cayenne,SUV - STANDARD,3,6,AS8,Z,12.5,10.3,11.5
PORSCHE,Cayenne S,SUV - STANDARD,2.9,6,AS8,Z,13.1,10.5,11.9
PORSCHE,Cayenne Turbo,SUV - STANDARD,4,8,AS8,Z,15.6,12.4,14.1
PORSCHE,Macan,SUV - SMALL,2,4,AM7,Z,12.2,10.2,11.3
PORSCHE,Macan S,SUV - SMALL,3,6,AM7,Z,12.9,10.2,11.7
PORSCHE,Panamera,FULL-SIZE,3,6,AM8,Z,12.4,8.7,10.7
PORSCHE,Panamera 4,FULL-SIZE,3,6,AM8,Z,12.4,9,10.9
PORSCHE,Panamera 4 Executive,FULL-SIZE,3,6,AM8,Z,12.4,9,10.9
PORSCHE,Panamera 4 ST,FULL-SIZE,3,6,AM8,Z,12.2,8.9,10.7
PORSCHE,Panamera 4S,FULL-SIZE,2.9,6,AM8,Z,13.1,8.9,11.2
PORSCHE,Panamera 4S Executive,FULL-SIZE,2.9,6,AM8,Z,13.1,8.9,11.2
PORSCHE,Panamera 4S ST,FULL-SIZE,2.9,6,AM8,Z,13.1,9.8,11.6
PORSCHE,Panamera GTS,FULL-SIZE,4,8,AM8,Z,14.5,10.2,12.6
PORSCHE,Panamera GTS ST,FULL-SIZE,4,8,AM8,Z,15.7,10.5,13.4
PORSCHE,Panamera Turbo,FULL-SIZE,4,8,AM8,Z,12.8,9.2,11.2
PORSCHE,Panamera Turbo Executive,FULL-SIZE,4,8,AM8,Z,12.8,9.2,11.2
PORSCHE,Panamera Turbo ST,FULL-SIZE,4,8,AM8,Z,13.4,10.1,11.9
RAM,1500 EcoDiesel,PICKUP TRUCK - STANDARD,3,6,A8,D,10.5,7.3,9
RAM,1500 eTorque,PICKUP TRUCK - STANDARD,3.6,6,A8,X,11.9,9.4,10.8
RAM,1500 HFE eTorque,PICKUP TRUCK - STANDARD,3.6,6,A8,X,11.6,9,10.4
RAM,1500,PICKUP TRUCK - STANDARD,5.7,8,A8,X,16.2,10.5,13.6
RAM,1500 eTorque,PICKUP TRUCK - STANDARD,5.7,8,A8,X,14.1,10.3,12.4
RAM,1500 4X4 EcoDiesel,PICKUP TRUCK - STANDARD,3,6,A8,D,11.1,8,9.7
RAM,1500 4X4 eTorque,PICKUP TRUCK - STANDARD,3.6,6,A8,X,12.2,9.7,11.1
RAM,1500 4X4,PICKUP TRUCK - STANDARD,5.7,8,A8,X,16.1,11,13.8
RAM,1500 4X4 eTorque,PICKUP TRUCK - STANDARD,5.7,8,A8,X,14.2,10.9,12.8
RAM,1500 Classic,PICKUP TRUCK - STANDARD,3.6,6,A8,X,13.9,9.6,11.9
RAM,1500 Classic,PICKUP TRUCK - STANDARD,5.7,8,A8,X,15.7,11,13.6
RAM,1500 Classic 4X4,PICKUP TRUCK - STANDARD,3.6,6,A8,X,14.5,10.2,12.6
RAM,1500 Classic 4X4,PICKUP TRUCK - STANDARD,5.7,8,A8,X,16.2,11.6,14.1
RAM,ProMaster City,SPECIAL PURPOSE VEHICLE,2.4,4,A9,X,11.2,8.3,9.9
ROLLS-ROYCE,Cullinan,STATION WAGON - MID-SIZE,6.7,12,AS8,Z,20.1,12.1,16.5
ROLLS-ROYCE,Cullinan Black Badge,STATION WAGON - MID-SIZE,6.7,12,AS8,Z,20.1,12.1,16.5
ROLLS-ROYCE,Dawn,COMPACT,6.6,12,AS8,Z,20.4,13.1,17.1
ROLLS-ROYCE,Ghost,FULL-SIZE,6.6,12,AS8,Z,20.4,13.1,17.1
ROLLS-ROYCE,Ghost EWB,FULL-SIZE,6.6,12,AS8,Z,20.4,13.1,17.1
ROLLS-ROYCE,Phantom,FULL-SIZE,6.7,12,AS8,Z,20,11.8,16.3
ROLLS-ROYCE,Phantom EWB,FULL-SIZE,6.7,12,AS8,Z,20,11.8,16.3
ROLLS-ROYCE,Wraith,MID-SIZE,6.6,12,AS8,Z,19.6,12.8,16.5
SUBARU,Ascent AWD,SUV - STANDARD,2.4,4,AV8,X,11.6,9,10.4
SUBARU,BRZ,MINICOMPACT,2,4,AS6,Z,9.7,7.2,8.6
SUBARU,BRZ,MINICOMPACT,2,4,M6,Z,11.2,8.2,9.9
SUBARU,BRZ tS,MINICOMPACT,2,4,M6,Z,11.6,8.6,10.2
SUBARU,Crosstrek AWD,SUV - SMALL,2,4,AV8,X,8.5,7,7.9
SUBARU,Crosstrek AWD,SUV - SMALL,2,4,M6,X,10.5,8.1,9.4
SUBARU,Forester AWD,SUV - SMALL,2.5,4,AV7,X,9,7.2,8.2
SUBARU,Impreza 4-Door AWD,MID-SIZE,2,4,AV7,X,8.3,6.4,7.5
SUBARU,Impreza 4-Door AWD,MID-SIZE,2,4,M5,X,10.1,7.6,9
SUBARU,Impreza 5-Door AWD,STATION WAGON - SMALL,2,4,AV7,X,8.4,6.6,7.6
SUBARU,Impreza 5-Door AWD,STATION WAGON - SMALL,2,4,M5,X,10.1,7.7,9
SUBARU,Legacy AWD,FULL-SIZE,2.4,4,AV8,X,9.9,7.3,8.7
SUBARU,Legacy AWD,FULL-SIZE,2.5,4,AV8,X,8.8,6.7,7.9
SUBARU,Outback AWD,SUV - SMALL,2.4,4,AV8,X,10.1,7.9,9.1
SUBARU,Outback AWD,SUV - SMALL,2.5,4,AV8,X,9,7.1,8.2
SUBARU,WRX AWD,COMPACT,2,4,AV8,Z,12.9,9.7,11.5
SUBARU,WRX AWD,COMPACT,2,4,M6,Z,11.3,8.5,10.1
SUBARU,WRX STI AWD,COMPACT,2.5,4,M6,Z,14.3,10.8,12.7
TOYOTA,4Runner 4WD,SUV - STANDARD,4,6,AS5,X,14.8,12.5,13.8
TOYOTA,4Runner 4WD (Part-Time 4WD),SUV - STANDARD,4,6,AS5,X,14.8,12.5,13.8
TOYOTA,86,MINICOMPACT,2,4,AS6,Z,9.9,7.3,8.7
TOYOTA,86,MINICOMPACT,2,4,M6,Z,11.2,8.3,9.9
TOYOTA,Avalon,MID-SIZE,3.5,6,AS8,X,10.9,7.6,9.4
TOYOTA,C-HR,COMPACT,2,4,AS7,X,8.7,7.5,8.2
TOYOTA,Camry,MID-SIZE,2.5,4,AS8,X,8.1,5.7,6.9
TOYOTA,Camry LE/SE,MID-SIZE,2.5,4,AS8,X,8.5,6.1,7.4
TOYOTA,Camry XLE/XSE,MID-SIZE,2.5,4,AS8,X,8.6,6.3,7.6
TOYOTA,Camry,MID-SIZE,3.5,6,AS8,X,10.5,7.1,9
TOYOTA,Camry XSE,MID-SIZE,3.5,6,AS8,X,10.7,7.4,9.2
TOYOTA,Camry TRD,MID-SIZE,3.5,6,AS8,X,10.8,7.6,9.4
TOYOTA,Camry AWD LE/SE,MID-SIZE,2.5,4,AS8,X,9.3,6.8,8.2
TOYOTA,Camry AWD XLE/XSE,MID-SIZE,2.5,4,AS8,X,9.5,7,8.4
TOYOTA,Camry Hybrid LE,MID-SIZE,2.5,4,AV,X,4.9,4.8,4.9
TOYOTA,Camry Hybrid XLE/SE,MID-SIZE,2.5,4,AV,X,5.3,5,5.1
TOYOTA,Corolla,COMPACT,1.8,4,AV,X,7.9,6.1,7.1
TOYOTA,Corolla XLE,COMPACT,1.8,4,AV,X,8.1,6.3,7.3
TOYOTA,Corolla,COMPACT,1.8,4,M6,X,8,6,7.1
TOYOTA,Corolla,COMPACT,2,4,AV10,X,7.6,5.8,6.7
TOYOTA,Corolla XSE,COMPACT,2,4,AV10,X,7.7,6.1,7
TOYOTA,Corolla,COMPACT,2,4,M6,X,8.2,6.5,7.4
TOYOTA,Corolla Hatchback,COMPACT,2,4,AV10,X,7.5,5.8,6.7
TOYOTA,Corolla Hatchback,COMPACT,2,4,M6,X,8.4,6.3,7.5
TOYOTA,Corolla Hybrid,COMPACT,1.8,4,AV,X,4.4,4.5,4.5
TOYOTA,GR Supra,TWO-SEATER,3,6,AS8,Z,9.9,7.7,8.9
TOYOTA,Highlander,SUV - SMALL,3.5,6,AS8,X,11.9,8.3,10.3
TOYOTA,Highlander AWD,SUV - SMALL,3.5,6,AS8,X,11.7,8.6,10.3
TOYOTA,Highlander Hybrid AWD,SUV - STANDARD,2.5,4,AV,X,6.7,6.8,6.7
TOYOTA,Highlander Hybrid AWD Limited/Platinum,SUV - STANDARD,2.5,4,AV,X,6.6,6.8,6.7
TOYOTA,Prius,MID-SIZE,1.8,4,AV,X,4.4,4.7,4.5
TOYOTA,Prius AWD,MID-SIZE,1.8,4,AV,X,4.5,4.9,4.7
TOYOTA,Prius c,COMPACT,1.5,4,AV,X,4.9,5.5,5.1
TOYOTA,RAV4,SUV - SMALL,2.5,4,AS8,X,8.8,6.8,7.9
TOYOTA,RAV4 AWD,SUV - SMALL,2.5,4,AS8,X,9.2,7.1,8.2
TOYOTA,RAV4 AWD TRD Off-Road,SUV - SMALL,2.5,4,AS8,X,9.5,7.5,8.6
TOYOTA,RAV4 Hybrid AWD,SUV - SMALL,2.5,4,AV,X,5.7,6.3,6
TOYOTA,Sequoia 4WD,SUV - STANDARD,5.7,8,AS6,X,18.5,13.9,16.4
TOYOTA,Sienna,MINIVAN,3.5,6,AS8,X,12.6,9.1,11
TOYOTA,Sienna AWD,MINIVAN,3.5,6,AS8,X,13.4,9.6,11.7
TOYOTA,Tacoma,PICKUP TRUCK - SMALL,2.7,4,AS6,X,12.1,10.1,11.2
TOYOTA,Tacoma 4WD,PICKUP TRUCK - SMALL,2.7,4,AS6,X,12.7,10.6,11.7
TOYOTA,Tacoma 4WD,PICKUP TRUCK - SMALL,3.5,6,AS6,X,13,10.5,11.9
TOYOTA,Tacoma 4WD,PICKUP TRUCK - SMALL,3.5,6,M6,X,13.8,11.4,12.7
TOYOTA,Tacoma 4WD D-Cab TRD Off-Road/Pro,PICKUP TRUCK - SMALL,3.5,6,M6,X,13.8,11.7,12.9
TOYOTA,Tundra,PICKUP TRUCK - STANDARD,5.7,8,AS6,X,17.7,13.6,15.9
TOYOTA,Tundra 4WD,PICKUP TRUCK - STANDARD,5.7,8,AS6,X,18,14.2,16.3
TOYOTA,Yaris,COMPACT,1.5,4,AS6,X,7.3,5.9,6.6
TOYOTA,Yaris (SIL),COMPACT,1.5,4,M6,X,7.8,6.1,6.9
VOLKSWAGEN,Arteon 4MOTION,FULL-SIZE,2,4,AS8,Z,11.5,8.2,10
VOLKSWAGEN,Atlas Cross Sport 4MOTION,SUV - SMALL,2,4,AS8,X,12.8,10.4,11.7
VOLKSWAGEN,Golf,COMPACT,1.4,4,AS8,X,8.1,6.6,7.4
VOLKSWAGEN,Golf,COMPACT,1.4,4,M6,X,8.4,6.6,7.6
VOLKSWAGEN,Golf GTI,COMPACT,2,4,AM7,X,9.7,7.5,8.7
VOLKSWAGEN,Golf GTI,COMPACT,2,4,M6,X,9.8,7.3,8.7
VOLKSWAGEN,Jetta,COMPACT,1.4,4,AS8,X,7.8,5.9,7
VOLKSWAGEN,Jetta,COMPACT,1.4,4,M6,X,7.9,5.9,7
VOLKSWAGEN,Jetta GLI,COMPACT,2,4,AM7,X,9.3,7.2,8.4
VOLKSWAGEN,Jetta GLI,COMPACT,2,4,M6,X,9.6,7.1,8.5
VOLKSWAGEN,Passat,MID-SIZE,2,4,AS6,X,10.2,6.9,8.7
VOLKSWAGEN,Tiguan,SUV - SMALL,2,4,AS8,X,10.5,8.1,9.4
VOLKSWAGEN,Tiguan 4MOTION,SUV - SMALL,2,4,AS8,X,11.5,8.7,10.2
VOLVO,S60 T5,COMPACT,2,4,AS8,Z,10.5,7.1,8.9
VOLVO,S60 T6 AWD,COMPACT,2,4,AS8,Z,11,7.4,9.4
VOLVO,S90 T6 AWD,MID-SIZE,2,4,AS8,Z,11.3,7.5,9.6
VOLVO,V60 T5,STATION WAGON - SMALL,2,4,AS8,Z,10.5,7.1,8.9
VOLVO,V60 T6 AWD,STATION WAGON - SMALL,2,4,AS8,Z,11,7.4,9.4
VOLVO,V60 CC T5 AWD,STATION WAGON - SMALL,2,4,AS8,Z,10.8,7.7,9.4
VOLVO,XC40 T4 AWD,SUV - SMALL,2,4,AS8,X,10.2,7.5,9
VOLVO,XC40 T5 AWD,SUV - SMALL,2,4,AS8,Z,10.7,7.7,9.4
VOLVO,XC60 T5 AWD,SUV - SMALL,2,4,AS8,Z,11.2,8.3,9.9
VOLVO,XC60 T6 AWD,SUV - SMALL,2,4,AS8,Z,11.7,8.6,10.3
VOLVO,XC90 T5 AWD,SUV - STANDARD,2,4,AS8,Z,11.2,8.3,9.9
VOLVO,XC90 T6 AWD,SUV - STANDARD,2,4,AS8,Z,12.2,8.7,10.7
